time_period,last_updated,fetched_at,100_150_fw_gir_rate,100_150_fw_good_shot_rate,100_150_fw_low_data_indicator,100_150_fw_poor_shot_avoid_rate,100_150_fw_proximity_per_shot,100_150_fw_sg_per_shot,100_150_fw_shot_count,150_200_fw_gir_rate,150_200_fw_good_shot_rate,150_200_fw_low_data_indicator,150_200_fw_poor_shot_avoid_rate,150_200_fw_proximity_per_shot,150_200_fw_sg_per_shot,150_200_fw_shot_count,50_100_fw_gir_rate,50_100_fw_good_shot_rate,50_100_fw_low_data_indicator,50_100_fw_poor_shot_avoid_rate,50_100_fw_proximity_per_shot,50_100_fw_sg_per_shot,50_100_fw_shot_count,dg_id,over_150_rgh_gir_rate,over_150_rgh_good_shot_rate,over_150_rgh_low_data_indicator,over_150_rgh_poor_shot_avoid_rate,over_150_rgh_proximity_per_shot,over_150_rgh_sg_per_shot,over_150_rgh_shot_count,over_200_fw_gir_rate,over_200_fw_good_shot_rate,over_200_fw_low_data_indicator,over_200_fw_poor_shot_avoid_rate,over_200_fw_proximity_per_shot,over_200_fw_sg_per_shot,over_200_fw_shot_count,player_name,under_150_rgh_gir_rate,under_150_rgh_good_shot_rate,under_150_rgh_low_data_indicator,under_150_rgh_poor_shot_avoid_rate,under_150_rgh_proximity_per_shot,under_150_rgh_sg_per_shot,under_150_rgh_shot_count
l12,2026-08-24 16:33:05 UTC,2026-08-24 20:17:26 UTC,0.825,0.098,0.0,0.967,17.632,0.059,61.0,0.741,0.095,0.0,0.979,25.062,0.088,95.0,0.879,0.056,0.0,0.944,15.524,0.002,18.0,14838,0.295,0.023,0.0,0.955,69.54,-0.028,44.0,0.469,0.065,0.0,0.957,44.063,0.05,46.0,"Reed, Patrick",0.492,0.071,0.0,0.964,35.441,0.057,28.0
l12,2026-08-24 16:33:05 UTC,2026-08-24 20:17:26 UTC,0.709,0.0,1.0,0.979,20.998,-0.025,47.0,0.676,0.129,1.0,0.935,29.179,0.071,62.0,0.806,0.0,1.0,0.846,26.367,-0.11,13.0,19208,,,,,,,,,,,,,,,"Endycott, Harrison",0.487,0.056,0.0,0.833,52.507,-0.076,18.0
l12,2026-08-24 16:33:05 UTC,2026-08-24 20:17:26 UTC,0.874,0.125,0.0,0.946,18.992,0.086,56.0,0.783,0.098,0.0,0.967,28.02,0.067,92.0,,,,,,,,7655,,,,,,,,0.462,0.05,0.0,0.95,39.286,0.067,40.0,"Molinari, Francesco",0.37,0.0,1.0,0.75,45.346,-0.256,12.0
l12,2026-08-24 16:33:05 UTC,2026-08-24 20:17:26 UTC,0.836,0.066,0.0,0.958,20.368,0.013,166.0,0.769,0.062,0.0,0.971,27.182,0.066,208.0,0.859,0.081,0.0,0.946,18.382,-0.018,37.0,7108,0.446,0.033,0.0,1.0,49.789,0.077,60.0,0.529,0.05,0.0,0.95,42.814,0.068,119.0,"Casey, Paul",0.55,0.057,0.0,0.871,42.96,-0.077,70.0
l12,2026-08-24 16:33:05 UTC,2026-08-24 20:17:26 UTC,0.779,0.032,0.0,0.943,23.282,-0.055,247.0,0.733,0.097,0.0,0.949,28.923,0.062,257.0,0.881,0.071,0.0,0.929,18.161,0.04,70.0,18079,0.45,0.051,0.0,0.974,49.321,0.078,78.0,0.468,0.037,0.0,0.981,43.124,0.042,161.0,"Niemann, Joaquin",0.626,0.103,0.0,0.931,35.042,0.048,116.0
l12,2026-08-24 16:33:05 UTC,2026-08-24 20:17:26 UTC,0.778,0.091,0.0,0.931,18.991,0.041,317.0,0.745,0.069,0.0,0.969,26.253,0.06,508.0,0.897,0.084,0.0,0.925,16.592,0.044,107.0,14609,0.35,0.068,0.0,0.962,64.786,-0.002,132.0,0.528,0.101,0.0,0.975,38.69,0.098,277.0,"Kim, Si Woo",0.468,0.069,0.0,0.947,39.786,-0.025,131.0
l12,2026-08-24 16:33:05 UTC,2026-08-24 20:17:26 UTC,0.798,0.055,0.0,0.936,20.957,-0.005,346.0,0.71,0.084,0.0,0.953,27.319,0.057,467.0,0.849,0.081,0.0,0.97,15.489,0.057,99.0,17536,0.407,0.103,0.0,0.952,61.533,0.042,126.0,0.522,0.09,0.0,0.96,40.847,0.068,201.0,"Spaun, J.J.",0.614,0.12,0.0,0.966,31.651,0.093,117.0
l12,2026-08-24 16:33:05 UTC,2026-08-24 20:17:26 UTC,0.844,0.082,0.0,0.945,19.967,0.032,256.0,0.74,0.07,0.0,0.961,27.823,0.056,358.0,0.925,0.134,0.0,0.955,12.209,0.15,67.0,6430,0.353,0.06,0.0,0.977,63.896,0.018,133.0,0.494,0.045,0.0,0.944,42.41,-0.002,179.0,"Scott, Adam",0.544,0.098,0.0,0.957,38.152,0.003,92.0
l12,2026-08-24 16:33:05 UTC,2026-08-24 20:17:26 UTC,0.755,0.093,0.0,0.921,23.527,-0.023,215.0,0.79,0.072,0.0,0.96,29.298,0.054,250.0,0.864,0.058,0.0,0.913,17.952,-0.041,69.0,5689,0.384,0.074,0.0,0.912,52.813,0.0,68.0,0.442,0.046,0.0,0.947,46.552,-0.014,152.0,"Garcia, Sergio",0.64,0.156,0.0,0.927,29.897,0.069,96.0
l12,2026-08-24 16:33:05 UTC,2026-08-24 20:17:26 UTC,0.835,0.105,0.0,0.953,21.559,0.051,86.0,0.633,0.128,0.0,0.93,28.275,0.054,86.0,0.977,0.222,0.0,1.0,14.679,0.16,18.0,18187,0.232,0.048,1.0,0.905,69.953,-0.092,21.0,0.385,0.017,0.0,0.949,59.078,-0.071,59.0,"Duncan, Tyler",0.484,0.111,0.0,0.889,43.266,-0.048,18.0
l12,2026-08-24 16:33:05 UTC,2026-08-24 20:17:26 UTC,0.836,0.085,1.0,0.936,22.851,0.028,47.0,0.758,0.063,1.0,0.952,30.397,0.052,63.0,0.886,0.308,1.0,1.0,12.511,0.222,13.0,24481,,,,,,,,,,,,,,,"Redman, Doc",0.622,0.053,0.0,0.947,42.475,-0.015,19.0
l12,2026-08-24 16:33:05 UTC,2026-08-24 20:17:26 UTC,0.797,0.072,0.0,0.955,21.306,0.005,223.0,0.704,0.082,0.0,0.934,29.323,0.051,243.0,0.921,0.119,0.0,1.0,14.811,0.071,42.0,11019,0.282,0.045,0.0,0.97,61.574,-0.03,66.0,0.514,0.043,0.0,0.95,47.276,0.009,141.0,"Steele, Brendan",0.508,0.024,0.0,0.906,40.254,-0.056,85.0
l12,2026-08-24 16:33:05 UTC,2026-08-24 20:17:26 UTC,0.82,0.085,0.0,0.944,19.903,0.046,340.0,0.722,0.065,0.0,0.953,27.888,0.05,447.0,0.819,0.05,0.0,0.93,19.091,-0.06,100.0,21891,0.416,0.071,0.0,0.978,53.089,0.063,183.0,0.508,0.073,0.0,0.956,41.914,0.047,206.0,"Kitayama, Kurt",0.61,0.033,0.0,0.95,34.218,0.018,121.0
l12,2026-08-24 16:33:05 UTC,2026-08-24 20:17:26 UTC,0.736,0.134,0.0,0.928,20.889,0.017,97.0,0.753,0.063,0.0,0.982,29.435,0.048,111.0,0.881,0.1,0.0,0.925,16.67,0.025,40.0,22736,0.536,0.107,0.0,0.964,52.719,0.138,28.0,0.494,0.029,0.0,0.986,43.828,0.041,70.0,"Rosenmueller, Thomas",0.604,0.039,0.0,0.98,36.694,0.022,51.0
l12,2026-08-24 16:33:05 UTC,2026-08-24 20:17:26 UTC,0.795,0.068,0.0,0.927,23.091,-0.009,206.0,0.765,0.06,0.0,0.975,29.791,0.047,285.0,0.92,0.13,0.0,0.981,15.943,0.088,54.0,21943,0.339,0.009,0.0,0.937,62.0,-0.047,111.0,0.455,0.044,0.0,0.963,49.169,-0.015,135.0,"Lebioda, Hank",0.552,0.065,0.0,0.924,39.474,0.025,92.0
l12,2026-08-24 16:33:05 UTC,2026-08-24 20:17:26 UTC,0.845,0.099,0.0,0.947,18.899,0.057,243.0,0.724,0.067,0.0,0.968,28.631,0.047,375.0,0.903,0.151,0.0,0.973,13.896,0.104,73.0,22085,0.405,0.031,0.0,0.959,68.066,-0.006,97.0,0.472,0.072,0.0,0.994,41.796,0.077,166.0,"Morikawa, Collin",0.536,0.08,0.0,0.932,43.782,0.008,88.0
l12,2026-08-24 16:33:05 UTC,2026-08-24 20:17:26 UTC,0.823,0.087,0.0,0.94,21.498,0.02,183.0,0.681,0.114,0.0,0.95,29.764,0.046,220.0,0.859,0.041,0.0,0.959,16.26,0.019,74.0,13944,0.296,0.119,0.0,0.94,57.072,-0.004,67.0,0.425,0.073,0.0,0.959,42.255,0.041,123.0,"Pieters, Thomas",0.586,0.067,0.0,0.933,36.605,0.016,104.0
l12,2026-08-24 16:33:05 UTC,2026-08-24 20:17:26 UTC,,,,,,,,0.748,0.074,1.0,0.944,29.168,0.046,54.0,,,,,,,,14698,,,,,,,,,,,,,,,"Bramlett, Joseph",0.561,0.0,0.0,1.0,39.665,0.006,21.0
l12,2026-08-24 16:33:05 UTC,2026-08-24 20:17:26 UTC,0.735,0.039,0.0,0.929,23.452,-0.022,155.0,0.727,0.063,0.0,0.968,29.987,0.046,190.0,0.776,0.107,0.0,0.857,25.118,-0.089,28.0,31343,0.346,0.039,0.0,0.941,58.893,-0.035,51.0,0.489,0.037,0.0,0.988,44.661,0.047,80.0,"Ford, David",0.52,0.021,0.0,0.958,36.467,0.006,48.0
l12,2026-08-24 16:33:05 UTC,2026-08-24 20:17:26 UTC,0.808,0.076,0.0,0.938,20.492,0.02,288.0,0.725,0.063,0.0,0.955,28.256,0.043,441.0,0.937,0.108,0.0,0.986,12.822,0.104,74.0,17646,0.372,0.068,0.0,0.94,57.528,-0.018,117.0,0.553,0.076,0.0,0.975,46.506,0.079,198.0,"Fitzpatrick, Matt",0.684,0.068,0.0,0.973,36.232,0.064,74.0
l12,2026-08-24 16:33:05 UTC,2026-08-24 20:17:26 UTC,0.841,0.078,0.0,0.964,19.823,0.035,308.0,0.726,0.057,0.0,0.966,27.848,0.043,439.0,0.906,0.079,0.0,0.974,15.306,0.074,114.0,18417,0.416,0.082,0.0,0.978,55.718,0.059,134.0,0.511,0.046,0.0,0.964,42.439,0.037,197.0,"Scheffler, Scottie",0.565,0.068,0.0,0.932,38.099,0.032,118.0
l12,2026-08-24 16:33:05 UTC,2026-08-24 20:17:26 UTC,0.8,0.093,0.0,0.949,18.344,0.058,214.0,0.741,0.063,0.0,0.96,26.882,0.042,379.0,0.825,0.16,0.0,0.933,17.248,0.068,75.0,18841,0.359,0.068,0.0,0.949,57.269,0.017,117.0,0.412,0.048,0.0,0.952,47.559,-0.015,188.0,"Hovland, Viktor",0.559,0.093,0.0,0.919,39.25,0.005,86.0
l12,2026-08-24 16:33:05 UTC,2026-08-24 20:17:26 UTC,0.756,0.034,0.0,0.933,21.818,0.01,89.0,0.691,0.038,0.0,0.94,28.368,0.04,133.0,0.745,0.091,0.0,0.818,23.125,-0.087,22.0,26660,0.332,0.073,0.0,0.976,66.004,-0.032,41.0,0.437,0.06,0.0,0.955,45.809,-0.026,67.0,"Gordon, Will",0.55,0.026,0.0,0.949,43.922,-0.046,39.0
l12,2026-08-24 16:33:05 UTC,2026-08-24 20:17:26 UTC,0.824,0.074,0.0,0.951,21.826,0.009,122.0,0.696,0.061,0.0,0.959,29.341,0.04,148.0,0.816,0.065,0.0,0.935,17.132,-0.013,31.0,32152,0.376,0.045,0.0,0.977,62.135,0.005,44.0,0.57,0.041,0.0,0.959,44.079,0.014,73.0,"Brown, Blades",0.576,0.029,0.0,0.914,35.331,0.021,35.0
l12,2026-08-24 16:33:05 UTC,2026-08-24 20:17:26 UTC,0.864,0.068,0.0,0.97,18.696,0.054,337.0,0.73,0.074,0.0,0.961,28.568,0.039,489.0,0.836,0.064,0.0,0.962,18.441,-0.0,78.0,17576,0.328,0.037,0.0,0.963,59.867,-0.02,135.0,0.507,0.06,0.0,0.983,42.584,0.052,232.0,"Conners, Corey",0.558,0.062,0.0,0.946,37.119,0.001,112.0
l12,2026-08-24 16:33:05 UTC,2026-08-24 20:17:26 UTC,0.831,0.09,0.0,0.945,19.418,0.057,346.0,0.712,0.065,0.0,0.948,28.788,0.039,496.0,0.841,0.158,0.0,0.916,16.4,0.062,95.0,29433,0.372,0.066,0.0,0.928,61.216,-0.016,166.0,0.414,0.083,0.0,0.929,50.432,-0.023,241.0,"Bridgeman, Jacob",0.524,0.056,0.0,0.96,40.797,0.015,125.0
l12,2026-08-24 16:33:05 UTC,2026-08-24 20:17:26 UTC,0.82,0.074,0.0,0.959,19.97,0.043,296.0,0.707,0.069,0.0,0.957,29.746,0.038,376.0,0.886,0.111,0.0,1.0,15.057,0.068,99.0,27364,0.388,0.135,0.0,0.942,51.467,0.05,104.0,0.475,0.051,0.0,0.966,46.245,-0.009,175.0,"Thompson, Davis",0.505,0.062,0.0,0.944,40.803,-0.02,144.0
l12,2026-08-24 16:33:05 UTC,2026-08-24 20:17:26 UTC,0.859,0.064,0.0,0.957,19.182,0.053,140.0,0.721,0.044,0.0,0.972,26.798,0.037,181.0,0.821,0.034,0.0,0.897,22.956,-0.137,29.0,32319,0.275,0.053,0.0,0.921,71.458,-0.054,38.0,0.577,0.09,0.0,0.962,37.934,0.087,78.0,"Koivun, Jackson",0.483,0.095,0.0,0.976,41.509,-0.002,42.0
l12,2026-08-24 16:33:05 UTC,2026-08-24 20:17:26 UTC,0.836,0.104,0.0,0.943,19.428,0.067,299.0,0.72,0.058,0.0,0.95,29.5,0.036,400.0,0.876,0.089,0.0,0.952,14.296,0.064,124.0,19483,0.352,0.045,0.0,0.94,65.856,-0.035,134.0,0.508,0.061,0.0,0.949,46.015,0.034,198.0,"Burns, Sam",0.637,0.081,0.0,0.97,37.91,0.054,135.0
l12,2026-08-24 16:33:05 UTC,2026-08-24 20:17:26 UTC,0.823,0.089,0.0,0.937,20.119,0.04,79.0,0.667,0.087,0.0,0.975,27.379,0.034,80.0,0.897,0.077,1.0,1.0,14.674,0.125,13.0,23482,0.511,0.0,1.0,0.958,53.33,0.069,24.0,,,,,,,,"Sigg, Greyson",0.587,0.087,0.0,0.87,40.135,0.007,23.0
l12,2026-08-24 16:33:05 UTC,2026-08-24 20:17:26 UTC,0.806,0.055,0.0,0.929,22.515,-0.013,254.0,0.712,0.093,0.0,0.938,30.589,0.033,354.0,0.83,0.073,0.0,0.948,18.012,0.016,96.0,17881,0.323,0.042,0.0,0.947,63.77,-0.029,95.0,0.463,0.05,0.0,0.956,46.34,0.001,159.0,"Yu, Kevin",0.541,0.032,0.0,0.952,39.146,-0.023,125.0
l12,2026-08-24 16:33:05 UTC,2026-08-24 20:17:26 UTC,0.853,0.051,0.0,0.963,20.211,0.026,215.0,0.699,0.067,0.0,0.955,29.63,0.033,374.0,0.837,0.081,0.0,0.935,18.004,0.028,62.0,22985,0.393,0.031,0.0,0.99,58.477,0.032,97.0,0.488,0.072,0.0,0.987,41.263,0.072,152.0,"Smotherman, Austin",0.635,0.092,0.0,0.921,37.814,0.051,76.0
l12,2026-08-24 16:33:05 UTC,2026-08-24 20:17:26 UTC,0.815,0.066,0.0,0.96,21.284,0.012,351.0,0.705,0.061,0.0,0.965,29.765,0.033,395.0,0.873,0.096,0.0,0.944,16.48,0.029,125.0,27774,0.337,0.056,0.0,0.985,61.033,0.01,198.0,0.459,0.038,0.0,0.967,48.297,0.006,212.0,"Gotterup, Chris",0.633,0.105,0.0,0.942,34.379,0.081,171.0
l12,2026-08-24 16:33:05 UTC,2026-08-24 20:17:26 UTC,0.806,0.096,0.0,0.952,20.094,0.05,335.0,0.694,0.063,0.0,0.965,28.375,0.032,508.0,0.869,0.116,0.0,0.947,14.616,0.09,95.0,13562,0.295,0.059,0.0,0.984,62.753,-0.006,186.0,0.509,0.067,0.0,0.964,40.951,0.061,252.0,"Matsuyama, Hideki",0.584,0.093,0.0,0.947,35.78,0.05,150.0
l12,2026-08-24 16:33:05 UTC,2026-08-24 20:17:26 UTC,0.793,0.041,0.0,0.944,21.379,-0.019,269.0,0.709,0.054,0.0,0.959,29.746,0.031,368.0,0.894,0.074,0.0,0.951,15.742,0.023,81.0,13764,0.37,0.056,0.0,0.991,57.125,0.018,107.0,0.442,0.047,0.0,0.947,48.581,0.0,171.0,"Parry, John",0.598,0.11,0.0,0.963,37.17,0.047,109.0
l12,2026-08-24 16:33:05 UTC,2026-08-24 20:17:26 UTC,0.835,0.076,0.0,0.929,20.648,0.018,198.0,0.664,0.08,0.0,0.92,29.37,0.03,238.0,0.925,0.042,0.0,0.979,14.648,0.084,48.0,11641,0.372,0.037,0.0,0.914,69.56,-0.021,81.0,0.375,0.038,0.0,0.962,47.011,-0.045,131.0,"Kim, Anthony",0.626,0.094,0.0,0.925,34.071,0.064,106.0
l12,2026-08-24 16:33:05 UTC,2026-08-24 20:17:26 UTC,0.782,0.051,0.0,0.897,23.698,-0.044,234.0,0.682,0.066,0.0,0.943,29.304,0.03,211.0,0.794,0.082,0.0,0.934,16.679,0.011,61.0,12413,0.283,0.046,0.0,0.862,67.94,-0.084,65.0,0.414,0.067,0.0,0.966,48.746,0.001,119.0,"Lee, Richard",0.613,0.108,0.0,0.952,34.258,0.045,83.0
l12,2026-08-24 16:33:05 UTC,2026-08-24 20:17:26 UTC,0.803,0.071,0.0,0.955,19.777,0.024,312.0,0.746,0.052,0.0,0.946,29.683,0.03,405.0,0.848,0.121,0.0,0.953,16.118,0.045,107.0,32457,0.382,0.077,0.0,0.931,61.221,0.002,130.0,0.491,0.038,0.0,0.923,44.895,-0.028,182.0,"Keefer, Johnny",0.631,0.05,0.0,0.975,36.208,0.047,159.0
l12,2026-08-24 16:33:05 UTC,2026-08-24 20:17:26 UTC,0.765,0.034,0.0,0.914,24.112,-0.03,58.0,0.669,0.068,0.0,0.989,29.131,0.029,88.0,0.965,0.136,0.0,1.0,13.696,0.101,22.0,18761,0.498,0.038,0.0,1.0,41.951,0.121,26.0,0.382,0.025,0.0,0.9,51.63,-0.037,40.0,"Mullinax, Trey",0.565,0.109,0.0,0.913,38.059,0.042,46.0
l12,2026-08-24 16:33:05 UTC,2026-08-24 20:17:26 UTC,0.844,0.077,0.0,0.972,19.167,0.062,326.0,0.674,0.059,0.0,0.944,29.408,0.029,538.0,0.863,0.117,0.0,0.926,15.97,0.064,94.0,24766,0.359,0.046,0.0,0.961,67.357,0.024,153.0,0.452,0.038,0.0,0.939,44.876,-0.002,212.0,"Kim, Tom",0.582,0.057,0.0,0.971,38.951,0.038,140.0
l12,2026-08-24 16:33:05 UTC,2026-08-24 20:17:26 UTC,0.834,0.068,0.0,0.929,22.069,0.003,325.0,0.7,0.068,0.0,0.937,30.087,0.029,459.0,0.863,0.102,0.0,0.917,16.699,0.043,108.0,25569,0.392,0.021,0.0,0.979,60.42,0.008,140.0,0.411,0.049,0.0,0.966,48.433,-0.019,206.0,"Stevens, Sam",0.594,0.087,0.0,0.962,35.436,0.037,184.0
l12,2026-08-24 16:33:05 UTC,2026-08-24 20:17:26 UTC,0.799,0.066,0.0,0.946,20.137,0.027,258.0,0.692,0.083,0.0,0.931,29.482,0.029,360.0,0.798,0.082,0.0,0.906,20.267,-0.033,85.0,26653,0.279,0.017,0.0,0.942,56.373,-0.044,120.0,0.437,0.054,0.0,0.964,43.476,0.003,167.0,"Eckroat, Austin",0.637,0.087,0.0,0.96,36.998,0.058,126.0
l12,2026-08-24 16:33:05 UTC,2026-08-24 20:17:26 UTC,0.835,0.111,0.0,0.958,18.861,0.067,287.0,0.715,0.07,0.0,0.956,28.854,0.028,456.0,0.878,0.138,0.0,0.968,15.895,0.07,94.0,14578,0.284,0.054,0.0,0.967,62.277,-0.045,92.0,0.471,0.04,0.0,0.97,49.829,0.03,199.0,"Henley, Russell",0.62,0.073,0.0,0.927,35.917,0.021,96.0
l12,2026-08-24 16:33:05 UTC,2026-08-24 20:17:26 UTC,0.8,0.059,0.0,0.913,21.557,-0.001,254.0,0.658,0.056,0.0,0.948,29.463,0.027,232.0,0.84,0.13,0.0,0.935,15.614,0.044,46.0,18238,0.428,0.094,0.0,0.984,57.442,0.077,64.0,0.385,0.037,0.0,0.978,45.654,0.028,136.0,"Ancer, Abraham",0.582,0.065,0.0,0.919,37.092,0.017,62.0
l12,2026-08-24 16:33:05 UTC,2026-08-24 20:17:26 UTC,0.827,0.076,0.0,0.956,21.467,0.04,225.0,0.745,0.059,0.0,0.955,29.817,0.027,337.0,0.861,0.037,0.0,0.963,17.452,0.007,82.0,21883,0.394,0.082,0.0,0.936,64.936,0.0,110.0,0.427,0.06,0.0,0.946,50.077,-0.027,168.0,"Ewart, A.J.",0.543,0.045,0.0,0.932,39.34,0.013,132.0
l12,2026-08-24 16:33:05 UTC,2026-08-24 20:17:26 UTC,0.865,0.067,0.0,0.944,21.007,0.017,195.0,0.689,0.067,0.0,0.963,28.433,0.026,240.0,0.86,0.035,0.0,0.93,16.28,0.008,57.0,10091,0.448,0.06,0.0,0.96,55.657,0.037,100.0,0.509,0.061,0.0,0.974,38.555,0.07,115.0,"McIlroy, Rory",0.583,0.06,0.0,0.962,37.86,0.051,133.0
l12,2026-08-24 16:33:05 UTC,2026-08-24 20:17:26 UTC,0.805,0.053,0.0,0.935,20.983,0.001,263.0,0.713,0.066,0.0,0.964,29.013,0.026,394.0,0.823,0.114,0.0,0.933,17.788,0.013,105.0,12577,0.396,0.044,0.0,0.978,61.294,0.023,136.0,0.467,0.052,0.0,0.964,43.681,0.025,193.0,"Woodland, Gary",0.549,0.057,0.0,0.95,39.63,0.01,140.0
l12,2026-08-24 16:33:05 UTC,2026-08-24 20:17:26 UTC,0.864,0.087,0.0,0.969,19.276,0.068,254.0,0.716,0.075,0.0,0.96,29.691,0.026,375.0,0.904,0.087,0.0,0.938,14.738,0.043,80.0,15466,0.351,0.059,0.0,0.966,59.154,0.027,118.0,0.501,0.094,0.0,0.961,41.439,0.062,180.0,"Cantlay, Patrick",0.557,0.069,0.0,0.938,37.175,-0.004,130.0
l12,2026-08-24 16:33:05 UTC,2026-08-24 20:17:26 UTC,0.819,0.098,0.0,0.938,20.625,0.038,275.0,0.72,0.063,0.0,0.952,30.171,0.026,415.0,0.738,0.094,0.0,0.891,23.28,-0.092,64.0,18554,0.323,0.027,0.0,0.96,68.756,-0.05,75.0,0.515,0.048,0.0,0.961,44.023,0.068,207.0,"Rai, Aaron",0.608,0.045,0.0,0.939,38.098,0.032,66.0
l12,2026-08-24 16:33:05 UTC,2026-08-24 20:17:26 UTC,0.836,0.053,0.0,0.962,19.578,0.035,266.0,0.727,0.059,0.0,0.98,29.096,0.026,391.0,0.862,0.083,0.0,0.972,15.54,0.034,72.0,19895,0.398,0.022,0.0,0.949,55.066,0.011,137.0,0.516,0.048,0.0,0.963,42.489,0.034,187.0,"Schauffele, Xander",0.575,0.063,0.0,0.968,38.48,0.041,126.0
l12,2026-08-24 16:33:05 UTC,2026-08-24 20:17:26 UTC,0.78,0.052,0.0,0.948,22.371,-0.009,193.0,0.693,0.059,0.0,0.969,30.871,0.026,357.0,0.869,0.12,0.0,0.96,15.411,0.099,75.0,20706,0.308,0.05,0.0,0.95,60.862,-0.024,119.0,0.528,0.041,0.0,0.993,44.422,0.046,148.0,"Wallace, Matt",0.57,0.069,0.0,0.97,35.476,0.054,101.0
l12,2026-08-24 16:33:05 UTC,2026-08-24 20:17:26 UTC,0.82,0.035,0.0,0.965,22.07,-0.009,255.0,0.703,0.062,0.0,0.959,30.302,0.026,370.0,0.79,0.048,0.0,0.952,20.838,-0.065,63.0,25157,0.244,0.0,0.0,0.926,66.684,-0.12,95.0,0.547,0.079,0.0,0.974,44.168,0.034,151.0,"Hodges, Lee",0.552,0.092,0.0,0.943,38.541,0.008,87.0
l12,2026-08-24 16:33:05 UTC,2026-08-24 20:17:26 UTC,0.798,0.048,0.0,0.935,21.728,-0.004,124.0,0.726,0.037,0.0,0.931,27.669,0.026,188.0,0.81,0.088,0.0,0.882,22.338,-0.089,34.0,29827,0.136,0.0,0.0,0.862,83.786,-0.193,29.0,0.615,0.043,0.0,0.967,39.538,0.066,92.0,"James, Ben",0.389,0.075,0.0,0.95,44.097,0.023,40.0
l12,2026-08-24 16:33:05 UTC,2026-08-24 20:17:26 UTC,0.749,0.089,0.0,0.937,20.786,-0.012,158.0,0.777,0.029,0.0,0.947,29.156,0.025,208.0,0.833,0.125,0.0,0.95,16.952,0.008,40.0,24200,0.343,0.015,0.0,0.97,64.797,-0.027,67.0,0.385,0.05,0.0,0.96,49.526,-0.017,100.0,"Smylie, Elvis",0.505,0.058,0.0,0.942,38.942,-0.039,69.0
l12,2026-08-24 16:33:05 UTC,2026-08-24 20:17:26 UTC,0.792,0.071,0.0,0.931,20.692,0.013,364.0,0.703,0.054,0.0,0.96,28.231,0.025,405.0,0.874,0.078,0.0,0.961,14.379,0.071,103.0,26651,0.383,0.038,0.0,0.946,53.579,0.041,130.0,0.433,0.065,0.0,0.958,43.175,0.012,214.0,"Young, Cameron",0.674,0.109,0.0,0.968,30.299,0.132,156.0
l12,2026-08-24 16:33:05 UTC,2026-08-24 20:17:26 UTC,,,,,,,,0.679,0.063,1.0,0.968,30.535,0.024,63.0,,,,,,,,19421,0.313,0.069,0.0,0.931,47.561,0.031,29.0,0.366,0.036,1.0,0.929,43.152,-0.044,28.0,"Du Plessis, Hennie",0.636,0.0,1.0,1.0,28.632,0.076,12.0
l12,2026-08-24 16:33:05 UTC,2026-08-24 20:17:26 UTC,0.781,0.093,0.0,0.922,20.859,0.024,281.0,0.665,0.079,0.0,0.933,29.24,0.024,390.0,0.837,0.123,0.0,0.951,14.843,0.086,81.0,23604,0.357,0.059,0.0,0.954,58.187,-0.018,152.0,0.543,0.087,0.0,0.973,44.225,0.064,183.0,"Clark, Wyndham",0.598,0.115,0.0,0.949,35.862,0.083,156.0
l12,2026-08-24 16:33:05 UTC,2026-08-24 20:17:26 UTC,0.774,0.042,0.0,0.917,23.057,-0.029,216.0,0.686,0.059,0.0,0.944,29.662,0.023,322.0,0.882,0.133,0.0,0.95,16.859,0.052,60.0,15980,0.286,0.036,0.0,0.9,69.497,-0.083,110.0,0.426,0.043,0.0,0.951,48.063,-0.039,162.0,"Lipsky, David",0.507,0.041,0.0,0.959,43.829,-0.039,98.0
l12,2026-08-24 16:33:05 UTC,2026-08-24 20:17:26 UTC,0.843,0.075,0.0,0.953,20.456,0.038,212.0,0.692,0.064,0.0,0.953,29.147,0.023,344.0,0.907,0.056,0.0,0.958,13.887,0.065,71.0,17606,0.453,0.049,0.0,0.959,60.447,0.034,122.0,0.504,0.049,0.0,0.951,43.167,0.035,183.0,"Berger, Daniel",0.625,0.069,0.0,0.954,37.937,0.069,87.0
l12,2026-08-24 16:33:05 UTC,2026-08-24 20:17:26 UTC,0.827,0.052,0.0,0.953,21.063,0.003,213.0,0.705,0.04,0.0,0.96,29.782,0.023,349.0,0.824,0.141,0.0,0.949,15.656,0.087,78.0,19846,0.355,0.04,0.0,0.968,55.907,-0.006,125.0,0.44,0.049,0.0,0.969,45.341,0.013,163.0,"Bauchou, Zach",0.52,0.073,0.0,0.942,36.936,0.012,137.0
l12,2026-08-24 16:33:05 UTC,2026-08-24 20:17:26 UTC,0.823,0.099,0.0,0.945,19.719,0.039,273.0,0.684,0.064,0.0,0.96,29.772,0.023,373.0,0.904,0.081,0.0,0.99,15.82,0.04,99.0,23602,0.377,0.065,0.0,0.976,60.51,0.033,170.0,0.522,0.059,0.0,0.968,43.291,0.061,185.0,"Hojgaard, Nicolai",0.464,0.019,0.0,0.943,42.064,-0.061,157.0
l12,2026-08-24 16:33:05 UTC,2026-08-24 20:17:26 UTC,,,,,,,,0.699,0.089,1.0,0.911,29.665,0.023,56.0,0.902,0.214,1.0,0.929,14.408,0.172,14.0,27762,,,,,,,,,,,,,,,"Velo, Kevin",0.437,0.032,0.0,0.968,38.254,-0.044,31.0
l12,2026-08-24 16:33:05 UTC,2026-08-24 20:17:26 UTC,0.805,0.069,0.0,0.941,21.966,0.013,304.0,0.696,0.061,0.0,0.959,30.041,0.022,411.0,0.846,0.099,0.0,0.943,17.572,0.025,141.0,17365,0.346,0.068,0.0,0.959,57.576,0.01,146.0,0.432,0.056,0.0,0.957,43.389,0.004,233.0,"Mitchell, Keith",0.548,0.078,0.0,0.931,39.057,0.014,232.0
l12,2026-08-24 16:33:05 UTC,2026-08-24 20:17:26 UTC,0.731,0.079,0.0,0.895,20.756,-0.01,76.0,0.744,0.054,0.0,0.953,28.83,0.022,129.0,0.943,0.115,0.0,1.0,11.611,0.122,26.0,26947,0.353,0.07,0.0,0.953,60.481,0.009,43.0,0.36,0.066,0.0,0.934,53.221,-0.011,61.0,"Jarvis, Casey",0.568,0.031,0.0,1.0,39.329,0.019,32.0
l12,2026-08-24 16:33:05 UTC,2026-08-24 20:17:26 UTC,0.764,0.024,0.0,0.913,23.883,-0.062,208.0,0.717,0.063,0.0,0.933,30.466,0.021,238.0,0.876,0.083,0.0,0.938,16.881,0.018,48.0,11952,0.499,0.069,0.0,1.0,47.164,0.119,87.0,0.444,0.017,0.0,0.949,46.308,0.034,118.0,"Grace, Branden",0.619,0.115,0.0,0.954,35.344,0.059,87.0
l12,2026-08-24 16:33:05 UTC,2026-08-24 20:17:26 UTC,0.759,0.039,0.0,0.946,25.303,-0.072,129.0,0.626,0.077,0.0,0.957,31.113,0.021,117.0,0.84,0.057,0.0,0.857,21.414,-0.113,35.0,19232,0.301,0.035,0.0,0.93,61.423,-0.035,57.0,0.563,0.041,0.0,0.986,43.379,0.043,74.0,"Smyth, Trav",0.545,0.075,0.0,0.925,35.281,0.041,67.0
l12,2026-08-24 16:33:05 UTC,2026-08-24 20:17:26 UTC,0.738,0.065,0.0,0.886,23.988,-0.059,201.0,0.691,0.042,0.0,0.962,29.717,0.02,237.0,0.861,0.143,0.0,0.937,14.861,0.059,63.0,17064,0.476,0.062,0.0,0.901,53.794,0.061,81.0,0.4,0.09,0.0,0.945,43.866,0.034,145.0,"Herbert, Lucas",0.563,0.085,0.0,0.894,37.929,0.006,142.0
l12,2026-08-24 16:33:05 UTC,2026-08-24 20:17:26 UTC,0.808,0.094,1.0,0.962,20.605,0.045,53.0,0.661,0.038,0.0,0.949,26.803,0.02,78.0,0.696,0.2,0.0,0.933,18.317,0.054,15.0,25363,,,,,,,,,,,,,,,"Buckley, Hayden",0.57,0.077,0.0,0.923,33.503,0.035,26.0
l12,2026-08-24 16:33:05 UTC,2026-08-24 20:17:26 UTC,0.812,0.073,0.0,0.933,22.056,-0.01,179.0,0.639,0.075,0.0,0.945,29.268,0.019,200.0,0.808,0.095,0.0,0.881,21.654,-0.043,42.0,7672,0.267,0.0,0.0,0.963,57.418,-0.047,54.0,0.377,0.057,0.0,0.943,49.793,-0.006,106.0,"Oosthuizen, Louis",0.61,0.034,0.0,0.948,33.633,0.016,58.0
l12,2026-08-24 16:33:05 UTC,2026-08-24 20:17:26 UTC,0.807,0.079,0.0,0.973,20.544,0.035,291.0,0.714,0.051,0.0,0.947,30.468,0.019,435.0,0.886,0.077,0.0,0.956,18.176,0.029,91.0,11276,0.329,0.034,0.0,0.945,63.263,-0.049,146.0,0.445,0.057,0.0,0.979,44.766,0.043,193.0,"Horschel, Billy",0.618,0.106,0.0,0.962,38.089,0.059,132.0
l12,2026-08-24 16:33:05 UTC,2026-08-24 20:17:26 UTC,0.777,0.073,0.0,0.917,21.102,-0.01,300.0,0.689,0.068,0.0,0.95,29.33,0.019,397.0,0.873,0.041,0.0,0.959,17.853,-0.009,73.0,12965,0.432,0.071,0.0,0.943,58.613,0.027,141.0,0.54,0.079,0.0,0.974,44.804,0.081,191.0,"Fowler, Rickie",0.584,0.062,0.0,0.946,35.946,0.023,112.0
l12,2026-08-24 16:33:05 UTC,2026-08-24 20:17:26 UTC,0.832,0.085,0.0,0.949,20.259,0.013,59.0,0.669,0.08,1.0,0.94,29.957,0.019,50.0,0.725,0.0,0.0,0.812,20.635,-0.103,16.0,27820,,,,,,,,,,,,,,,"Pak, John",0.47,0.111,0.0,0.833,38.657,-0.125,18.0
l12,2026-08-24 16:33:05 UTC,2026-08-24 20:17:26 UTC,0.77,0.0,0.0,0.895,25.522,-0.092,57.0,0.75,0.042,1.0,0.958,32.232,0.019,48.0,0.926,0.062,0.0,1.0,13.754,0.035,16.0,31212,0.522,0.053,1.0,0.947,77.125,0.007,19.0,,,,,,,,"Chandler, Will",0.485,0.0,0.0,0.938,44.786,-0.059,16.0
l12,2026-08-24 16:33:05 UTC,2026-08-24 20:17:26 UTC,0.794,0.038,0.0,0.94,20.793,-0.014,266.0,0.671,0.06,0.0,0.957,30.409,0.018,417.0,0.934,0.028,0.0,0.986,16.247,0.028,72.0,12294,0.338,0.052,0.0,0.983,63.907,-0.008,116.0,0.521,0.092,0.0,0.969,35.848,0.109,196.0,"Fleetwood, Tommy",0.52,0.073,0.0,0.976,37.77,0.014,82.0
l12,2026-08-24 16:33:05 UTC,2026-08-24 20:17:26 UTC,0.832,0.054,0.0,0.951,21.878,0.002,184.0,0.671,0.065,0.0,0.935,27.896,0.018,260.0,0.929,0.056,0.0,1.0,13.506,0.059,54.0,16243,0.508,0.059,0.0,0.961,50.57,0.08,102.0,0.506,0.025,0.0,0.975,41.36,0.027,122.0,"Koepka, Brooks",0.57,0.054,0.0,0.955,40.005,0.026,111.0
l12,2026-08-24 16:33:05 UTC,2026-08-24 20:17:26 UTC,0.831,0.062,0.0,0.946,19.8,0.033,240.0,0.673,0.06,0.0,0.951,28.5,0.018,431.0,0.86,0.089,0.0,0.949,15.965,0.04,79.0,17511,0.335,0.03,0.0,0.978,61.664,-0.015,135.0,0.503,0.063,0.0,0.968,43.846,0.049,189.0,"Straka, Sepp",0.515,0.052,0.0,0.948,36.618,0.001,96.0
l12,2026-08-24 16:33:05 UTC,2026-08-24 20:17:26 UTC,0.869,0.069,0.0,0.95,20.674,0.056,101.0,0.71,0.061,0.0,0.917,29.959,0.018,132.0,0.862,0.188,0.0,0.969,19.261,0.004,32.0,27183,0.415,0.073,0.0,0.976,64.139,0.02,41.0,0.418,0.031,0.0,0.953,43.448,-0.045,64.0,"Salinda, Isaiah",0.541,0.039,0.0,0.863,41.149,-0.073,51.0
l12,2026-08-24 16:33:05 UTC,2026-08-24 20:17:26 UTC,0.817,0.067,0.0,0.938,21.435,-0.004,193.0,0.729,0.052,0.0,0.948,30.582,0.017,232.0,0.829,0.093,0.0,0.977,16.315,0.035,43.0,10873,0.394,0.076,0.0,0.97,58.923,0.088,66.0,0.442,0.019,0.0,0.905,46.155,-0.036,105.0,"Skinns, David",0.546,0.092,0.0,0.923,38.388,0.063,65.0
l12,2026-08-24 16:33:05 UTC,2026-08-24 20:17:26 UTC,0.878,0.109,0.0,0.97,19.129,0.065,230.0,0.718,0.061,0.0,0.929,30.198,0.017,295.0,0.836,0.113,0.0,0.981,15.518,0.044,53.0,16395,0.282,0.04,0.0,0.94,73.723,-0.056,50.0,0.491,0.051,0.0,0.981,41.014,0.06,156.0,"Kohles, Ben",0.457,0.08,0.0,1.0,39.22,0.05,50.0
l12,2026-08-24 16:33:05 UTC,2026-08-24 20:17:26 UTC,0.807,0.091,0.0,0.93,22.477,0.015,187.0,0.662,0.081,0.0,0.932,32.404,0.016,222.0,0.836,0.059,0.0,0.941,18.056,-0.008,51.0,16602,0.426,0.065,0.0,0.974,50.141,0.078,77.0,0.472,0.082,0.0,0.986,43.896,0.045,146.0,"Varner III, Harold",0.599,0.086,0.0,0.952,37.607,0.021,105.0
l12,2026-08-24 16:33:05 UTC,2026-08-24 20:17:26 UTC,0.852,0.097,0.0,0.935,22.348,0.044,62.0,0.676,0.042,0.0,0.944,32.636,0.016,72.0,0.725,0.059,0.0,0.882,23.116,-0.101,17.0,32089,0.268,0.045,1.0,1.0,60.893,-0.015,22.0,0.47,0.091,0.0,0.932,44.867,0.058,44.0,"Stout, Preston",0.371,0.0,0.0,1.0,49.253,-0.104,26.0
l12,2026-08-24 16:33:05 UTC,2026-08-24 20:17:26 UTC,0.786,0.093,0.0,0.965,19.657,0.057,86.0,0.644,0.097,0.0,0.938,31.303,0.015,113.0,0.785,0.091,1.0,0.818,26.353,-0.134,11.0,8571,0.276,0.091,1.0,0.909,56.441,-0.075,22.0,0.356,0.013,0.0,0.95,51.493,-0.111,80.0,"Gomez, Fabian",0.482,0.04,0.0,1.0,38.436,0.03,25.0
l12,2026-08-24 16:33:05 UTC,2026-08-24 20:17:26 UTC,0.813,0.049,0.0,0.951,20.632,0.006,308.0,0.706,0.057,0.0,0.968,30.296,0.015,475.0,0.862,0.13,0.0,0.95,16.614,0.077,100.0,14502,0.324,0.048,0.0,0.964,58.656,0.009,165.0,0.471,0.071,0.0,0.967,44.014,0.035,212.0,"Cauley, Bud",0.528,0.047,0.0,0.906,44.647,-0.044,127.0
l12,2026-08-24 16:33:05 UTC,2026-08-24 20:17:26 UTC,0.809,0.069,0.0,0.947,22.079,0.017,247.0,0.678,0.046,0.0,0.948,28.435,0.015,439.0,0.864,0.12,0.0,0.926,16.257,0.065,108.0,23475,0.367,0.07,0.0,0.971,53.828,0.041,172.0,0.476,0.053,0.0,0.986,47.721,0.02,207.0,"Novak, Andrew",0.502,0.059,0.0,0.904,42.855,-0.052,135.0
l12,2026-08-24 16:33:05 UTC,2026-08-24 20:17:26 UTC,0.829,0.067,0.0,0.953,18.763,0.047,253.0,0.677,0.053,0.0,0.949,28.141,0.015,394.0,0.898,0.08,0.0,0.931,16.518,0.026,87.0,26096,0.35,0.07,0.0,0.968,49.426,0.04,158.0,0.421,0.055,0.0,0.945,45.932,-0.012,182.0,"Bhatia, Akshay",0.587,0.107,0.0,0.967,35.075,0.063,150.0
l12,2026-08-24 16:33:05 UTC,2026-08-24 20:17:26 UTC,0.84,0.088,0.0,0.945,21.147,0.037,362.0,0.717,0.063,0.0,0.951,30.037,0.014,490.0,0.846,0.16,0.0,0.936,17.241,0.032,94.0,18474,0.392,0.068,0.0,0.944,61.602,0.014,162.0,0.518,0.068,0.0,0.971,42.638,0.059,206.0,"Smalley, Alex",0.648,0.088,0.0,0.956,32.698,0.065,137.0
l12,2026-08-24 16:33:05 UTC,2026-08-24 20:17:26 UTC,0.822,0.03,0.0,0.958,23.881,-0.033,263.0,0.72,0.056,0.0,0.95,31.504,0.014,341.0,0.888,0.044,0.0,0.967,19.257,-0.038,90.0,25094,0.327,0.039,0.0,0.922,72.384,-0.063,102.0,0.509,0.067,0.0,0.982,43.863,0.04,165.0,"Fishburn, Patrick",0.558,0.106,0.0,0.935,41.224,0.038,123.0
l12,2026-08-24 16:33:05 UTC,2026-08-24 20:17:26 UTC,0.797,0.09,0.0,0.928,18.872,0.039,167.0,0.684,0.053,0.0,0.958,28.478,0.014,265.0,0.813,0.069,0.0,0.897,17.981,-0.02,58.0,25362,0.38,0.046,0.0,0.954,67.959,0.006,65.0,0.494,0.052,0.0,0.948,39.861,0.04,135.0,"Fitzpatrick, Alex",0.608,0.057,0.0,0.986,34.648,0.073,70.0
l12,2026-08-24 16:33:05 UTC,2026-08-24 20:17:26 UTC,0.837,0.099,0.0,0.963,21.264,0.038,242.0,0.706,0.049,0.0,0.948,31.271,0.014,307.0,0.817,0.041,0.0,0.959,16.601,-0.001,49.0,32330,0.34,0.028,0.0,0.945,60.599,-0.004,109.0,0.426,0.048,0.0,0.986,44.928,0.005,147.0,"Clanton, Luke",0.56,0.031,0.0,0.979,34.463,0.016,97.0
l12,2026-08-24 16:33:05 UTC,2026-08-24 20:17:26 UTC,0.787,0.079,0.0,0.939,20.933,0.023,229.0,0.669,0.074,0.0,0.96,30.243,0.013,297.0,0.843,0.145,0.0,0.903,16.991,0.052,62.0,19396,0.358,0.049,0.0,0.992,61.124,0.018,122.0,0.531,0.102,0.0,0.956,40.16,0.077,137.0,"Knapp, Jake",0.563,0.119,0.0,0.983,35.342,0.05,118.0
l12,2026-08-24 16:33:05 UTC,2026-08-24 20:17:26 UTC,0.8,0.064,0.0,0.94,22.569,-0.02,218.0,0.66,0.061,0.0,0.951,28.922,0.013,246.0,0.843,0.104,0.0,0.948,17.728,0.0,77.0,19841,0.34,0.102,0.0,0.943,61.528,0.032,88.0,0.525,0.113,0.0,0.962,39.895,0.089,159.0,"DeChambeau, Bryson",0.526,0.035,0.0,0.895,36.449,-0.037,114.0
l12,2026-08-24 16:33:05 UTC,2026-08-24 20:17:26 UTC,0.801,0.077,0.0,0.938,20.544,0.021,323.0,0.699,0.072,0.0,0.94,29.56,0.012,486.0,0.846,0.086,0.0,0.933,16.958,0.008,105.0,13126,0.331,0.071,0.0,0.949,59.462,-0.006,156.0,0.426,0.056,0.0,0.957,45.998,0.004,234.0,"Taylor, Nick",0.548,0.08,0.0,0.973,35.296,0.03,150.0
l12,2026-08-24 16:33:05 UTC,2026-08-24 20:17:26 UTC,0.82,0.091,0.0,0.949,21.395,0.038,175.0,0.701,0.061,0.0,0.943,30.035,0.012,263.0,0.866,0.085,0.0,0.949,16.318,0.041,59.0,16715,0.403,0.049,0.0,0.951,62.367,0.007,82.0,0.478,0.058,0.0,0.942,42.977,0.017,104.0,"Ryder, Sam",0.677,0.114,0.0,0.949,32.822,0.084,79.0
l12,2026-08-24 16:33:05 UTC,2026-08-24 20:17:26 UTC,0.772,0.072,0.0,0.924,22.998,-0.01,291.0,0.682,0.066,0.0,0.945,30.492,0.011,348.0,0.84,0.078,0.0,0.956,17.338,0.019,90.0,11676,0.407,0.031,0.0,0.951,53.135,0.023,163.0,0.408,0.063,0.0,0.931,46.071,-0.025,174.0,"Finau, Tony",0.499,0.08,0.0,0.934,40.997,-0.029,137.0
l12,2026-08-24 16:33:05 UTC,2026-08-24 20:17:26 UTC,0.809,0.105,0.0,0.958,20.9,0.027,286.0,0.702,0.047,0.0,0.938,29.658,0.01,402.0,0.81,0.03,0.0,0.939,18.273,-0.043,66.0,12808,0.322,0.049,0.0,0.961,54.519,-0.006,102.0,0.495,0.083,0.0,0.956,44.935,0.056,205.0,"Grillo, Emiliano",0.518,0.04,0.0,0.98,40.099,-0.006,101.0
l12,2026-08-24 16:33:05 UTC,2026-08-24 20:17:26 UTC,0.789,0.07,0.0,0.933,21.436,0.008,298.0,0.687,0.053,0.0,0.952,31.637,0.01,414.0,0.826,0.151,0.0,0.965,13.483,0.12,86.0,18103,0.371,0.058,0.0,0.957,62.478,0.027,138.0,0.439,0.037,0.0,0.958,49.767,-0.003,215.0,"Bezuidenhout, Christiaan",0.55,0.072,0.0,0.992,36.343,0.061,125.0
l12,2026-08-24 16:33:05 UTC,2026-08-24 20:17:26 UTC,0.827,0.062,0.0,0.945,20.071,0.012,275.0,0.673,0.057,0.0,0.957,30.15,0.009,418.0,0.837,0.06,0.0,0.952,17.174,-0.013,83.0,13872,0.361,0.062,0.0,0.956,65.379,-0.015,113.0,0.515,0.057,0.0,0.971,44.286,0.059,209.0,"Bradley, Keegan",0.603,0.055,0.0,0.959,34.947,0.05,145.0
l12,2026-08-24 16:33:05 UTC,2026-08-24 20:17:26 UTC,0.854,0.103,0.0,0.967,19.542,0.061,242.0,0.699,0.069,0.0,0.943,29.485,0.009,331.0,0.852,0.101,0.0,0.949,14.663,0.08,79.0,13900,0.394,0.064,0.0,0.982,63.486,0.029,109.0,0.521,0.065,0.0,0.948,45.141,0.022,153.0,"Lowry, Shane",0.588,0.108,0.0,0.961,34.834,0.049,102.0
l12,2026-08-24 16:33:05 UTC,2026-08-24 20:17:26 UTC,0.789,0.09,0.0,0.921,23.34,-0.01,266.0,0.711,0.059,0.0,0.951,30.869,0.009,426.0,0.876,0.077,0.0,0.949,17.867,-0.002,78.0,18586,0.342,0.069,0.0,0.931,62.563,-0.027,131.0,0.547,0.062,0.0,0.983,42.568,0.072,178.0,"Smith, Jordan",0.589,0.071,0.0,1.0,35.231,0.073,85.0
l12,2026-08-24 16:33:05 UTC,2026-08-24 20:17:26 UTC,0.791,0.052,0.0,0.91,27.224,-0.074,210.0,0.729,0.05,0.0,0.965,32.038,0.008,258.0,0.871,0.023,0.0,0.932,21.928,-0.083,44.0,14559,0.417,0.069,0.0,0.972,59.355,0.017,72.0,0.476,0.104,0.0,0.97,44.57,0.061,135.0,"Vincent, Scott",0.601,0.052,0.0,0.948,36.236,0.007,97.0
l12,2026-08-24 16:33:05 UTC,2026-08-24 20:17:26 UTC,0.768,0.05,0.0,0.934,21.108,-0.013,318.0,0.66,0.076,0.0,0.937,29.498,0.008,461.0,0.823,0.1,0.0,0.89,17.913,-0.004,100.0,22833,0.37,0.084,0.0,0.952,54.946,0.015,166.0,0.407,0.049,0.0,0.933,50.719,-0.045,223.0,"Echavarria, Nico",0.63,0.083,0.0,0.966,34.289,0.07,145.0
l12,2026-08-24 16:33:05 UTC,2026-08-24 20:17:26 UTC,0.775,0.09,0.0,0.938,21.646,0.006,178.0,0.658,0.06,0.0,0.936,29.609,0.008,251.0,0.851,0.049,0.0,0.918,18.491,-0.049,61.0,28270,0.352,0.039,0.0,0.951,65.693,0.005,103.0,0.507,0.04,0.0,0.952,44.458,0.015,126.0,"Dunlap, Nick",0.51,0.096,0.0,0.904,39.561,-0.013,104.0
l12,2026-08-24 16:33:05 UTC,2026-08-24 20:17:26 UTC,0.783,0.068,0.0,0.94,20.898,0.006,251.0,0.685,0.054,0.0,0.946,30.108,0.008,352.0,0.792,0.088,0.0,0.895,19.199,-0.057,57.0,29770,0.37,0.042,0.0,0.958,64.726,-0.001,119.0,0.575,0.08,0.0,0.966,41.23,0.098,174.0,"Mouw, William",0.549,0.06,0.0,0.94,39.304,0.013,116.0
l12,2026-08-24 16:33:05 UTC,2026-08-24 20:17:26 UTC,0.825,0.084,0.0,0.935,21.48,0.01,215.0,0.665,0.069,0.0,0.911,30.997,0.007,259.0,0.642,0.058,0.0,0.827,20.02,-0.088,52.0,7548,0.271,0.033,0.0,0.935,66.277,-0.054,92.0,0.517,0.061,0.0,0.977,43.157,0.064,132.0,"McDowell, Graeme",0.552,0.081,0.0,0.929,39.676,-0.017,99.0
l12,2026-08-24 16:33:05 UTC,2026-08-24 20:17:26 UTC,0.835,0.071,0.0,0.964,22.766,-0.006,196.0,0.721,0.032,0.0,0.944,31.243,0.007,285.0,0.87,0.078,0.0,0.953,16.814,0.045,64.0,16757,0.36,0.034,0.0,0.948,67.909,-0.018,116.0,0.537,0.058,0.0,0.985,41.891,0.054,137.0,"Dou, Zecheng",0.495,0.04,0.0,0.952,41.125,-0.034,126.0
l12,2026-08-24 16:33:05 UTC,2026-08-24 20:17:26 UTC,0.776,0.087,0.0,0.936,22.186,-0.012,265.0,0.705,0.052,0.0,0.951,29.479,0.007,309.0,0.897,0.076,0.0,0.975,16.468,0.066,79.0,19195,0.427,0.063,0.0,0.947,56.797,0.016,95.0,0.604,0.106,0.0,0.972,37.094,0.134,180.0,"Rahm, Jon",0.587,0.034,0.0,0.96,35.816,0.012,149.0
l12,2026-08-24 16:33:05 UTC,2026-08-24 20:17:26 UTC,0.806,0.056,0.0,0.934,22.716,-0.026,287.0,0.717,0.051,0.0,0.935,30.43,0.007,433.0,0.816,0.081,0.0,0.949,19.191,-0.033,99.0,21554,0.343,0.044,0.0,0.97,57.585,0.007,135.0,0.49,0.035,0.0,0.98,43.927,0.036,202.0,"Poston, J.T.",0.593,0.107,0.0,0.92,39.96,0.027,112.0
l12,2026-08-24 16:33:05 UTC,2026-08-24 20:17:26 UTC,0.869,0.058,0.0,0.956,21.432,0.013,430.0,0.695,0.058,0.0,0.96,31.368,0.007,550.0,0.838,0.088,0.0,0.912,17.69,-0.0,125.0,22760,0.377,0.037,0.0,0.963,60.645,0.017,164.0,0.529,0.086,0.0,0.97,43.665,0.07,266.0,"Hisatsune, Ryo",0.611,0.094,0.0,0.95,36.417,0.062,180.0
l12,2026-08-24 16:33:05 UTC,2026-08-24 20:17:26 UTC,0.82,0.067,0.0,0.961,19.607,0.033,357.0,0.677,0.046,0.0,0.96,29.723,0.007,502.0,0.825,0.114,0.0,0.943,16.872,0.035,88.0,29767,0.383,0.046,0.0,0.954,58.86,-0.011,151.0,0.464,0.059,0.0,0.986,40.265,0.053,222.0,"Gerard, Ryan",0.587,0.061,0.0,0.969,33.093,0.065,131.0
l12,2026-08-24 16:33:05 UTC,2026-08-24 20:17:26 UTC,0.819,0.071,0.0,0.948,23.123,-0.004,211.0,0.717,0.059,0.0,0.955,31.587,0.006,287.0,0.843,0.104,0.0,0.97,15.645,0.029,67.0,13412,0.345,0.037,0.0,0.981,61.345,-0.014,107.0,0.476,0.075,0.0,0.958,44.48,0.028,120.0,"Olesen, Thorbjorn",0.61,0.095,0.0,0.914,39.339,0.03,105.0
l12,2026-08-24 16:33:05 UTC,2026-08-24 20:17:26 UTC,0.794,0.057,0.0,0.946,23.411,-0.019,296.0,0.693,0.063,0.0,0.949,31.999,0.006,350.0,0.824,0.055,0.0,0.961,18.079,-0.051,127.0,17780,0.366,0.034,0.0,0.973,65.579,-0.014,146.0,0.52,0.087,0.0,0.949,41.442,0.053,196.0,"Pendrith, Taylor",0.613,0.082,0.0,0.939,42.297,0.029,147.0
l12,2026-08-24 16:33:05 UTC,2026-08-24 20:17:26 UTC,,,,,,,,0.683,0.077,1.0,0.923,34.377,0.006,52.0,,,,,,,,19428,0.503,0.05,1.0,1.0,47.242,0.085,20.0,,,,,,,,"Zalatoris, Will",0.786,0.133,0.0,0.933,34.403,0.107,15.0
l12,2026-08-24 16:33:05 UTC,2026-08-24 20:17:26 UTC,0.824,0.084,0.0,0.958,20.656,0.038,332.0,0.677,0.044,0.0,0.954,29.632,0.006,432.0,0.814,0.067,0.0,0.966,18.358,-0.028,89.0,28159,0.299,0.039,0.0,0.974,55.61,0.003,155.0,0.458,0.06,0.0,0.985,43.931,0.017,201.0,"Meissner, Mac",0.561,0.033,0.0,0.967,37.816,0.003,123.0
l12,2026-08-24 16:33:05 UTC,2026-08-24 20:17:26 UTC,0.755,0.069,0.0,0.897,24.422,-0.066,175.0,0.699,0.05,0.0,0.947,32.293,0.005,321.0,0.791,0.061,0.0,0.939,18.625,-0.072,66.0,23841,0.259,0.035,0.0,0.988,70.02,-0.024,85.0,0.522,0.085,0.0,0.965,41.465,0.059,142.0,"Neergaard-Petersen, Rasmus",0.492,0.069,0.0,0.931,43.925,-0.025,87.0
l12,2026-08-24 16:33:05 UTC,2026-08-24 20:17:26 UTC,0.728,0.071,0.0,0.887,24.382,-0.046,212.0,0.694,0.06,0.0,0.944,31.325,0.004,232.0,0.825,0.065,0.0,0.913,17.751,-0.019,46.0,12909,0.418,0.089,0.0,0.955,63.79,0.056,112.0,0.453,0.054,0.0,0.899,48.562,-0.04,129.0,"Campos, Rafael",0.623,0.035,0.0,0.942,38.664,0.004,86.0
l12,2026-08-24 16:33:05 UTC,2026-08-24 20:17:26 UTC,0.786,0.072,0.0,0.928,20.467,0.012,249.0,0.685,0.075,0.0,0.929,30.711,0.004,281.0,0.823,0.116,0.0,0.986,18.238,-0.012,69.0,14796,0.329,0.043,0.0,0.905,62.024,-0.043,116.0,0.475,0.079,0.0,0.933,46.574,0.036,178.0,"Hatton, Tyrrell",0.587,0.087,0.0,0.96,32.87,0.04,126.0
l12,2026-08-24 16:33:05 UTC,2026-08-24 20:17:26 UTC,0.773,0.024,1.0,0.952,23.649,-0.008,42.0,0.654,0.045,1.0,0.955,31.099,0.004,66.0,,,,,,,,18770,,,,,,,,0.508,0.034,1.0,0.966,47.355,0.008,29.0,"Rozner, Antoine",0.588,0.056,0.0,0.778,37.737,-0.017,18.0
l12,2026-08-24 16:33:05 UTC,2026-08-24 20:17:26 UTC,0.795,0.076,0.0,0.951,21.038,0.023,225.0,0.666,0.051,0.0,0.945,29.72,0.004,235.0,0.876,0.129,0.0,0.919,20.23,0.018,62.0,20770,0.468,0.048,0.0,0.968,67.579,0.015,62.0,0.448,0.049,0.0,0.937,50.431,-0.003,142.0,"Munoz, Sebastian",0.592,0.026,0.0,0.896,39.104,-0.026,77.0
l12,2026-08-24 16:33:05 UTC,2026-08-24 20:17:26 UTC,0.8,0.063,0.0,0.94,21.234,-0.004,318.0,0.665,0.056,0.0,0.935,30.198,0.004,447.0,0.877,0.095,0.0,0.919,18.63,-0.014,74.0,23505,0.444,0.046,0.0,0.969,53.678,0.054,130.0,0.468,0.052,0.0,0.967,45.407,0.039,210.0,"McGreevy, Max",0.537,0.028,0.0,0.917,39.339,-0.013,109.0
l12,2026-08-24 16:33:05 UTC,2026-08-24 20:17:26 UTC,0.77,0.056,0.0,0.9,27.263,-0.084,90.0,0.728,0.037,0.0,0.936,29.58,0.004,109.0,0.842,0.067,0.0,0.933,22.384,-0.054,30.0,23542,0.248,0.077,0.0,0.962,64.86,-0.022,26.0,0.411,0.016,0.0,0.984,45.488,-0.03,63.0,"Champ, Cameron",0.545,0.07,0.0,0.953,46.319,-0.044,43.0
l12,2026-08-24 16:33:05 UTC,2026-08-24 20:17:26 UTC,,,,,,,,0.703,0.104,1.0,0.917,33.853,0.003,48.0,0.745,0.077,1.0,1.0,16.143,-0.08,13.0,22259,,,,,,,,,,,,,,,"Del Rey, Alejandro",0.553,0.067,0.0,0.933,44.071,-0.027,15.0
l12,2026-08-24 16:33:05 UTC,2026-08-24 20:17:26 UTC,0.843,0.084,0.0,0.935,20.477,0.039,383.0,0.678,0.058,0.0,0.95,30.693,0.003,519.0,0.832,0.119,0.0,0.911,17.231,0.027,101.0,23014,0.352,0.047,0.0,0.953,57.075,0.006,214.0,0.449,0.069,0.0,0.957,43.881,0.025,232.0,"Theegala, Sahith",0.539,0.061,0.0,0.949,39.061,0.016,197.0
l12,2026-08-24 16:33:05 UTC,2026-08-24 20:17:26 UTC,0.683,0.087,0.0,0.88,24.413,-0.069,92.0,0.665,0.048,0.0,0.938,29.908,0.002,146.0,0.819,0.1,0.0,0.833,18.085,-0.069,30.0,5768,0.287,0.019,0.0,0.942,57.111,-0.055,52.0,0.352,0.041,0.0,0.959,45.318,-0.065,74.0,"Hoffman, Charley",0.598,0.083,0.0,0.917,39.88,0.04,48.0
l12,2026-08-24 16:33:05 UTC,2026-08-24 20:17:26 UTC,0.826,0.046,0.0,0.944,23.204,-0.004,195.0,0.668,0.046,0.0,0.954,30.456,0.002,239.0,0.776,0.089,0.0,0.929,19.249,-0.045,56.0,12337,0.332,0.054,0.0,0.935,70.406,-0.033,93.0,0.491,0.06,0.0,0.91,48.502,-0.014,133.0,"Kokrak, Jason",0.483,0.088,0.0,0.912,39.646,-0.035,91.0
l12,2026-08-24 16:33:05 UTC,2026-08-24 20:17:26 UTC,0.84,0.086,0.0,0.951,21.344,0.025,267.0,0.695,0.049,0.0,0.944,31.212,0.002,284.0,0.816,0.082,0.0,0.918,18.925,-0.026,73.0,14795,0.282,0.034,0.0,0.92,66.374,-0.054,87.0,0.513,0.095,0.0,0.946,42.556,0.057,168.0,"Canter, Laurie",0.624,0.09,0.0,0.97,35.619,0.056,100.0
l12,2026-08-24 16:33:05 UTC,2026-08-24 20:17:26 UTC,0.79,0.041,0.0,0.949,20.07,0.014,293.0,0.651,0.057,0.0,0.934,29.208,0.002,454.0,0.906,0.093,0.0,0.947,17.333,0.016,75.0,21756,0.374,0.083,0.0,0.958,52.168,0.023,192.0,0.393,0.056,0.0,0.953,44.798,-0.001,215.0,"Cole, Eric",0.54,0.101,0.0,0.928,38.039,0.021,207.0
l12,2026-08-24 16:33:05 UTC,2026-08-24 20:17:26 UTC,0.755,0.0,1.0,1.0,20.946,-0.041,41.0,0.689,0.042,1.0,1.0,30.157,0.001,48.0,,,,,,,,15756,0.267,0.037,0.0,1.0,67.639,-0.017,27.0,,,,,,,,"Higa, Kazuki",0.764,0.0,0.0,1.0,24.534,0.167,16.0
l12,2026-08-24 16:33:05 UTC,2026-08-24 20:17:26 UTC,0.784,0.087,0.0,0.905,23.423,-0.018,252.0,0.714,0.052,0.0,0.954,31.762,0.001,329.0,0.876,0.118,0.0,0.941,17.922,0.015,85.0,16394,0.332,0.034,0.0,0.973,57.37,0.001,149.0,0.446,0.027,0.0,0.945,45.031,-0.018,183.0,"Jaeger, Stephan",0.604,0.106,0.0,0.932,34.996,0.068,161.0
l12,2026-08-24 16:33:05 UTC,2026-08-24 20:17:26 UTC,0.767,0.034,0.0,0.908,24.495,-0.061,348.0,0.65,0.059,0.0,0.935,31.127,0.001,459.0,0.842,0.096,0.0,0.939,16.687,0.018,115.0,23504,0.396,0.062,0.0,0.957,50.49,0.03,161.0,0.558,0.068,0.0,0.973,39.33,0.085,222.0,"Hoey, Rico",0.57,0.092,0.0,0.954,36.386,0.04,174.0
l12,2026-08-24 16:33:05 UTC,2026-08-24 20:17:26 UTC,0.823,0.052,0.0,0.944,23.378,-0.011,251.0,0.7,0.066,0.0,0.934,31.393,-0.0,257.0,0.919,0.077,0.0,0.962,14.859,0.05,52.0,14181,0.306,0.051,0.0,0.923,67.108,-0.057,78.0,0.481,0.067,0.0,0.967,43.136,0.067,150.0,"Detry, Thomas",0.614,0.051,0.0,0.929,35.92,0.007,99.0
l12,2026-08-24 16:33:05 UTC,2026-08-24 20:17:26 UTC,0.78,0.078,0.0,0.913,22.106,-0.001,219.0,0.686,0.071,0.0,0.929,29.821,0.0,269.0,0.792,0.046,0.0,0.931,18.011,-0.025,87.0,15310,0.424,0.048,0.0,0.962,56.987,-0.004,104.0,0.475,0.036,0.0,0.964,45.013,0.005,140.0,"Li, Haotong",0.587,0.073,0.0,0.936,39.174,0.057,109.0
l12,2026-08-24 16:33:05 UTC,2026-08-24 20:17:26 UTC,0.729,0.063,0.0,0.913,23.277,-0.045,126.0,0.675,0.057,0.0,0.943,30.989,0.0,247.0,0.886,0.063,0.0,0.937,16.973,0.037,63.0,21889,0.346,0.048,0.0,0.981,62.987,-0.008,104.0,0.341,0.035,0.0,0.956,49.863,-0.062,114.0,"Kang, Jeffrey",0.533,0.117,0.0,0.957,33.402,0.068,94.0
l12,2026-08-24 16:33:05 UTC,2026-08-24 20:17:26 UTC,0.849,0.064,0.0,0.96,19.045,0.045,299.0,0.676,0.051,0.0,0.936,30.902,-0.001,470.0,0.881,0.124,0.0,0.952,14.261,0.083,105.0,8825,0.345,0.023,0.0,0.992,62.478,-0.003,133.0,0.487,0.051,0.0,0.962,44.696,0.026,237.0,"Harman, Brian",0.541,0.058,0.0,0.935,39.562,0.004,139.0
l12,2026-08-24 16:33:05 UTC,2026-08-24 20:17:26 UTC,0.805,0.056,0.0,0.94,22.409,-0.009,234.0,0.71,0.046,0.0,0.956,32.032,-0.001,480.0,0.855,0.078,0.0,0.974,15.254,0.037,77.0,14704,0.355,0.095,0.0,0.993,55.722,0.053,137.0,0.485,0.055,0.0,0.983,45.286,0.036,236.0,"Putnam, Andrew",0.584,0.067,0.0,0.944,38.184,0.048,89.0
l12,2026-08-24 16:33:05 UTC,2026-08-24 20:17:26 UTC,0.734,0.074,0.0,0.901,22.824,-0.03,203.0,0.682,0.06,0.0,0.936,31.159,-0.001,282.0,0.835,0.043,0.0,0.986,18.481,-0.026,69.0,22002,0.337,0.064,0.0,0.976,60.299,0.008,125.0,0.547,0.085,0.0,0.985,41.252,0.062,130.0,"Dumont De Chassart, Adrien",0.459,0.078,0.0,0.931,38.08,-0.004,116.0
l12,2026-08-24 16:33:05 UTC,2026-08-24 20:17:26 UTC,0.804,0.086,0.0,0.948,22.426,0.02,116.0,0.664,0.058,0.0,0.92,32.429,-0.001,137.0,0.878,0.095,0.0,0.952,19.93,-0.048,21.0,22051,0.417,0.062,0.0,0.958,53.002,0.029,48.0,0.443,0.0,0.0,0.943,48.462,-0.064,88.0,"Wise, Aaron",0.534,0.041,0.0,0.98,38.492,-0.01,49.0
l12,2026-08-24 16:33:05 UTC,2026-08-24 20:17:26 UTC,0.807,0.07,0.0,0.963,20.383,0.036,243.0,0.698,0.046,0.0,0.931,30.645,-0.002,350.0,0.877,0.091,0.0,0.948,15.781,0.044,77.0,8820,0.29,0.021,0.0,0.957,75.946,-0.061,94.0,0.449,0.031,0.0,0.95,48.096,-0.007,160.0,"Snedeker, Brandt",0.538,0.114,0.0,0.977,35.196,0.077,88.0
l12,2026-08-24 16:33:05 UTC,2026-08-24 20:17:26 UTC,0.76,0.052,0.0,0.907,21.697,-0.026,193.0,0.681,0.048,0.0,0.937,30.867,-0.002,331.0,0.907,0.028,0.0,0.986,17.999,-0.011,72.0,13997,0.351,0.118,0.0,0.971,58.369,0.03,102.0,0.458,0.049,0.0,0.965,42.457,0.017,143.0,"Svensson, Adam",0.492,0.065,0.0,0.925,39.642,0.005,93.0
l12,2026-08-24 16:33:05 UTC,2026-08-24 20:17:26 UTC,0.784,0.102,0.0,0.908,23.322,-0.02,196.0,0.683,0.069,0.0,0.938,32.068,-0.002,291.0,0.775,0.077,0.0,0.923,20.572,-0.051,78.0,27900,0.382,0.062,0.0,0.962,61.027,0.026,130.0,0.44,0.086,0.0,0.933,44.205,0.016,163.0,"Potgieter, Aldrich",0.519,0.044,0.0,0.938,42.49,-0.045,160.0
l12,2026-08-24 16:33:05 UTC,2026-08-24 20:17:26 UTC,0.778,0.067,0.0,0.917,21.741,-0.015,327.0,0.672,0.048,0.0,0.941,29.524,-0.002,524.0,0.897,0.094,0.0,0.961,14.183,0.079,127.0,28635,0.313,0.077,0.0,0.955,61.88,-0.006,156.0,0.471,0.069,0.0,0.953,44.664,0.024,232.0,"McCarty, Matt",0.543,0.09,0.0,0.931,37.305,0.026,144.0
l12,2026-08-24 16:33:05 UTC,2026-08-24 20:17:26 UTC,0.815,0.071,0.0,0.959,20.326,0.035,196.0,0.65,0.054,0.0,0.932,31.715,-0.002,279.0,0.85,0.095,0.0,0.952,16.048,0.015,63.0,30620,0.286,0.045,0.0,0.909,69.522,-0.075,66.0,0.469,0.047,0.0,0.987,39.318,0.061,150.0,"Chatfield, Davis",0.526,0.071,0.0,0.875,40.412,-0.044,56.0
l12,2026-08-24 16:33:05 UTC,2026-08-24 20:17:26 UTC,0.821,0.083,0.0,0.946,19.618,0.041,205.0,0.711,0.057,0.0,0.934,29.086,-0.003,333.0,0.924,0.162,0.0,0.956,13.997,0.106,68.0,6093,0.432,0.068,0.0,0.966,63.934,0.031,118.0,0.45,0.064,0.0,0.959,46.737,0.024,172.0,"Rose, Justin",0.647,0.092,0.0,0.966,32.934,0.093,87.0
l12,2026-08-24 16:33:05 UTC,2026-08-24 20:17:26 UTC,0.754,0.063,0.0,0.917,20.799,0.004,253.0,0.656,0.052,0.0,0.931,29.891,-0.003,349.0,0.947,0.194,0.0,0.968,14.208,0.131,93.0,7399,0.431,0.066,0.0,0.953,58.527,0.041,106.0,0.433,0.065,0.0,0.923,46.515,-0.009,169.0,"Glover, Lucas",0.601,0.079,0.0,0.934,37.416,0.072,76.0
l12,2026-08-24 16:33:05 UTC,2026-08-24 20:17:26 UTC,0.736,0.087,0.0,0.918,22.905,-0.012,196.0,0.687,0.029,0.0,0.939,31.607,-0.003,244.0,0.892,0.061,0.0,0.939,17.814,-0.006,49.0,7649,0.325,0.132,0.0,0.926,51.158,0.052,68.0,0.459,0.037,0.0,0.978,43.895,0.029,135.0,"Leishman, Marc",0.589,0.038,0.0,0.885,35.942,0.002,78.0
l12,2026-08-24 16:33:05 UTC,2026-08-24 20:17:26 UTC,0.788,0.05,0.0,0.936,24.401,-0.025,280.0,0.706,0.04,0.0,0.926,32.102,-0.003,350.0,0.9,0.09,0.0,0.978,18.073,0.019,89.0,15556,0.252,0.015,0.0,0.925,77.126,-0.076,133.0,0.489,0.045,0.0,0.921,47.512,-0.021,178.0,"Hughes, Mackenzie",0.512,0.048,0.0,0.959,41.954,-0.04,147.0
l12,2026-08-24 16:33:05 UTC,2026-08-24 20:17:26 UTC,0.811,0.07,0.0,0.949,21.417,0.027,273.0,0.666,0.065,0.0,0.94,30.963,-0.003,400.0,0.852,0.014,0.0,0.973,16.778,-0.016,73.0,16333,0.278,0.017,0.0,0.941,63.616,-0.098,118.0,0.537,0.057,0.0,0.972,43.04,0.054,176.0,"Hubbard, Mark",0.552,0.067,0.0,0.97,37.704,0.028,135.0
l12,2026-08-24 16:33:05 UTC,2026-08-24 20:17:26 UTC,0.816,0.065,0.0,0.927,21.572,-0.006,275.0,0.649,0.061,0.0,0.923,30.501,-0.003,377.0,0.856,0.116,0.0,0.957,16.009,0.021,69.0,16841,0.328,0.037,0.0,0.941,62.103,-0.034,136.0,0.489,0.073,0.0,0.966,44.46,0.06,178.0,"Lee, Min Woo",0.508,0.064,0.0,0.944,39.333,-0.013,125.0
l12,2026-08-24 16:33:05 UTC,2026-08-24 20:17:26 UTC,0.753,0.073,0.0,0.911,24.229,-0.035,247.0,0.732,0.045,0.0,0.975,32.229,-0.003,353.0,0.812,0.097,0.0,0.889,17.832,-0.016,72.0,20722,0.375,0.015,0.0,0.932,56.282,-0.022,132.0,0.435,0.071,0.0,0.948,46.242,-0.026,154.0,"Schmid, Matti",0.582,0.048,0.0,0.945,36.785,0.005,146.0
l12,2026-08-24 16:33:05 UTC,2026-08-24 20:17:26 UTC,0.794,0.037,0.0,0.951,21.75,-0.007,82.0,0.684,0.067,0.0,0.987,31.755,-0.003,75.0,0.859,0.118,0.0,0.941,16.383,0.019,17.0,24837,0.275,0.0,1.0,0.955,82.48,-0.132,22.0,0.219,0.061,1.0,0.97,53.614,-0.08,33.0,"Goodwin, Noah",0.39,0.062,0.0,1.0,44.408,-0.092,16.0
l12,2026-08-24 16:33:05 UTC,2026-08-24 20:17:26 UTC,0.783,0.077,1.0,0.897,23.114,-0.011,39.0,0.557,0.118,1.0,0.961,37.563,-0.004,51.0,0.821,0.083,1.0,1.0,19.494,-0.08,12.0,7961,,,,,,,,,,,,,,,"Reavie, Chez",0.422,0.067,0.0,0.933,25.774,0.028,15.0
l12,2026-08-24 16:33:05 UTC,2026-08-24 20:17:26 UTC,0.812,0.062,0.0,0.951,21.5,0.005,224.0,0.651,0.053,0.0,0.94,30.85,-0.004,265.0,0.914,0.062,0.0,0.969,17.551,-0.005,65.0,8480,0.24,0.033,0.0,0.957,68.311,-0.078,92.0,0.445,0.036,0.0,0.964,46.067,-0.015,111.0,"Streelman, Kevin",0.611,0.111,0.0,0.944,38.042,0.049,72.0
l12,2026-08-24 16:33:05 UTC,2026-08-24 20:17:26 UTC,0.818,0.083,0.0,0.93,19.16,0.04,228.0,0.678,0.051,0.0,0.943,30.709,-0.004,332.0,0.885,0.147,0.0,0.96,15.184,0.116,75.0,12423,0.348,0.068,0.0,0.942,59.164,0.024,103.0,0.474,0.068,0.0,0.957,44.051,0.032,162.0,"Kirk, Chris",0.574,0.118,0.0,0.927,39.121,0.04,110.0
l12,2026-08-24 16:33:05 UTC,2026-08-24 20:17:26 UTC,0.782,0.059,0.0,0.916,23.239,-0.023,202.0,0.626,0.066,0.0,0.915,30.673,-0.004,259.0,0.787,0.111,0.0,0.889,20.577,-0.056,45.0,18580,0.358,0.067,0.0,0.955,61.915,0.037,89.0,0.571,0.057,0.0,0.979,41.344,0.099,140.0,"Gooch, Talor",0.625,0.086,0.0,0.971,35.584,0.06,70.0
l12,2026-08-24 16:33:05 UTC,2026-08-24 20:17:26 UTC,0.729,0.072,0.0,0.887,23.342,-0.052,195.0,0.667,0.057,0.0,0.932,30.756,-0.004,296.0,0.875,0.088,0.0,0.926,17.594,0.03,68.0,32055,0.239,0.068,0.0,0.898,71.215,-0.124,59.0,0.46,0.08,0.0,0.949,43.527,0.027,137.0,"Shipley, Neal",0.497,0.044,0.0,0.922,40.717,-0.023,90.0
l12,2026-08-24 16:33:05 UTC,2026-08-24 20:17:26 UTC,0.763,0.079,0.0,0.936,19.373,0.032,329.0,0.658,0.06,0.0,0.916,29.691,-0.005,464.0,0.813,0.126,0.0,0.95,15.715,0.042,119.0,15575,0.35,0.048,0.0,0.946,59.432,0.011,166.0,0.503,0.08,0.0,0.969,41.379,0.046,226.0,"Hoge, Tom",0.61,0.058,0.0,0.961,34.174,0.062,155.0
l12,2026-08-24 16:33:05 UTC,2026-08-24 20:17:26 UTC,0.735,0.079,0.0,0.909,22.717,-0.01,165.0,0.666,0.035,0.0,0.935,29.106,-0.005,260.0,0.831,0.069,0.0,0.931,19.169,-0.041,29.0,23816,0.387,0.042,0.0,0.989,56.5,0.034,95.0,0.449,0.03,0.0,0.949,42.638,0.001,99.0,"Valimaki, Sami",0.653,0.127,0.0,0.952,32.171,0.073,63.0
l12,2026-08-24 16:33:05 UTC,2026-08-24 20:17:26 UTC,0.834,0.095,0.0,0.943,19.019,0.067,263.0,0.69,0.054,0.0,0.927,30.204,-0.005,369.0,0.894,0.152,0.0,0.949,16.855,0.07,79.0,23950,0.455,0.087,0.0,0.971,53.778,0.07,104.0,0.489,0.065,0.0,0.965,42.4,0.042,170.0,"Aberg, Ludvig",0.674,0.088,0.0,0.978,35.628,0.081,136.0
l12,2026-08-24 16:33:05 UTC,2026-08-24 20:17:26 UTC,0.79,0.065,0.0,0.924,25.388,-0.024,92.0,0.613,0.037,0.0,0.951,31.167,-0.006,81.0,0.832,0.031,0.0,0.938,19.965,0.061,32.0,17386,0.281,0.086,0.0,0.943,74.121,-0.069,35.0,0.375,0.038,0.0,0.962,44.444,-0.028,53.0,"Mun, Doyeob",0.501,0.059,0.0,0.961,39.511,-0.045,51.0
l12,2026-08-24 16:33:05 UTC,2026-08-24 20:17:26 UTC,0.795,0.078,0.0,0.952,20.291,0.015,332.0,0.642,0.061,0.0,0.937,30.592,-0.006,446.0,0.913,0.076,0.0,0.952,14.715,0.061,105.0,17543,0.351,0.062,0.0,0.926,64.446,-0.022,162.0,0.451,0.031,0.0,0.969,43.343,0.008,229.0,"Kim, Michael",0.625,0.095,0.0,0.923,35.145,0.07,169.0
l12,2026-08-24 16:33:05 UTC,2026-08-24 20:17:26 UTC,0.768,0.071,0.0,0.938,21.678,0.013,241.0,0.697,0.042,0.0,0.937,31.912,-0.006,333.0,0.847,0.04,0.0,0.95,17.193,-0.004,100.0,19477,0.399,0.05,0.0,0.934,60.605,-0.016,121.0,0.501,0.032,0.0,0.943,51.594,-0.043,157.0,"Schenk, Adam",0.597,0.064,0.0,0.892,39.43,-0.014,157.0
l12,2026-08-24 16:33:05 UTC,2026-08-24 20:17:26 UTC,0.804,0.093,0.0,0.929,23.799,-0.018,140.0,0.681,0.048,0.0,0.938,29.919,-0.006,145.0,0.869,0.026,0.0,0.949,14.655,0.054,39.0,27780,0.298,0.067,0.0,0.889,74.366,-0.036,45.0,0.448,0.024,0.0,0.963,41.499,-0.024,82.0,"Crowe, Trace",0.415,0.057,0.0,0.906,45.873,-0.057,53.0
l12,2026-08-24 16:33:05 UTC,2026-08-24 20:17:26 UTC,0.797,0.097,0.0,0.913,23.573,-0.013,196.0,0.663,0.046,0.0,0.921,31.19,-0.007,239.0,0.805,0.043,0.0,0.851,22.168,-0.1,47.0,14196,0.304,0.041,0.0,0.969,59.942,-0.021,97.0,0.395,0.036,0.0,0.927,47.425,-0.032,137.0,"Meronk, Adrian",0.512,0.053,0.0,0.885,39.42,-0.027,113.0
l12,2026-08-24 16:33:05 UTC,2026-08-24 20:17:26 UTC,0.832,0.065,0.0,0.944,21.256,0.015,341.0,0.676,0.05,0.0,0.94,30.902,-0.007,484.0,0.883,0.122,0.0,0.967,16.485,0.039,123.0,26649,0.338,0.049,0.0,0.943,55.141,-0.027,123.0,0.516,0.065,0.0,0.977,46.353,0.064,215.0,"Thorbjornsen, Michael",0.583,0.039,0.0,0.923,41.164,-0.01,155.0
l12,2026-08-24 16:33:05 UTC,2026-08-24 20:17:26 UTC,0.875,0.077,1.0,0.962,20.22,0.011,52.0,0.641,0.063,0.0,0.975,35.32,-0.008,79.0,0.789,0.08,0.0,0.88,27.932,-0.078,25.0,15676,0.295,0.053,1.0,0.947,78.664,-0.089,19.0,0.468,0.0,0.0,0.925,42.275,-0.034,40.0,"Norgaard, Niklas",0.413,0.081,0.0,0.838,48.37,-0.078,37.0
l12,2026-08-24 16:33:05 UTC,2026-08-24 20:17:26 UTC,0.78,0.065,0.0,0.964,21.26,0.013,247.0,0.674,0.05,0.0,0.942,30.976,-0.008,381.0,0.878,0.104,0.0,0.99,14.919,0.087,96.0,27194,0.35,0.031,0.0,0.953,60.591,0.0,129.0,0.428,0.066,0.0,0.962,48.531,-0.0,183.0,"Hall, Harry",0.575,0.037,0.0,0.97,40.157,0.007,135.0
l12,2026-08-24 16:33:05 UTC,2026-08-24 20:17:26 UTC,0.791,0.082,0.0,0.94,19.575,0.028,267.0,0.656,0.063,0.0,0.937,31.074,-0.009,331.0,0.868,0.042,0.0,0.958,16.653,0.018,71.0,11889,0.413,0.047,0.0,0.966,57.609,0.05,149.0,0.468,0.082,0.0,0.977,42.664,0.049,171.0,"Fox, Ryan",0.564,0.098,0.0,0.97,32.228,0.06,132.0
l12,2026-08-24 16:33:05 UTC,2026-08-24 20:17:26 UTC,0.828,0.045,0.0,0.955,21.162,0.021,200.0,0.648,0.066,0.0,0.941,31.987,-0.009,287.0,0.894,0.143,0.0,0.961,15.544,0.081,77.0,17639,0.341,0.054,0.0,0.959,57.106,0.025,74.0,0.538,0.105,0.0,0.974,40.826,0.1,153.0,"Blair, Zac",0.519,0.014,0.0,0.957,38.184,-0.01,70.0
l12,2026-08-24 16:33:05 UTC,2026-08-24 20:17:26 UTC,0.716,0.085,0.0,0.898,21.837,-0.028,118.0,0.657,0.058,0.0,0.913,31.681,-0.009,207.0,0.873,0.057,0.0,1.0,15.693,0.053,35.0,17786,0.254,0.019,0.0,0.922,64.405,-0.084,103.0,0.483,0.058,0.0,0.942,47.561,-0.047,86.0,"Davis, Cam",0.514,0.058,0.0,0.942,35.744,0.023,69.0
l12,2026-08-24 16:33:05 UTC,2026-08-24 20:17:26 UTC,0.751,0.057,0.0,0.937,22.039,-0.025,175.0,0.69,0.04,0.0,0.929,31.825,-0.009,226.0,0.885,0.061,0.0,0.97,20.211,-0.056,33.0,21074,0.488,0.087,0.0,0.988,50.217,0.102,80.0,0.548,0.077,0.0,0.981,39.372,0.078,104.0,"Nakajima, Keita",0.515,0.058,0.0,0.971,39.118,-0.006,69.0
l12,2026-08-24 16:33:05 UTC,2026-08-24 20:17:26 UTC,0.784,0.086,0.0,0.902,23.4,-0.03,244.0,0.696,0.051,0.0,0.952,32.723,-0.01,315.0,0.766,0.025,0.0,0.937,18.939,-0.042,79.0,11451,0.351,0.04,0.0,0.97,59.469,-0.024,100.0,0.539,0.044,0.0,0.949,44.338,0.03,136.0,"Garnett, Brice",0.576,0.125,0.0,0.889,42.857,-0.005,72.0
l12,2026-08-24 16:33:05 UTC,2026-08-24 20:17:26 UTC,0.741,0.117,0.0,0.892,22.441,-0.012,111.0,0.629,0.039,0.0,0.908,30.469,-0.01,152.0,0.741,0.054,0.0,0.838,16.367,-0.015,37.0,13367,0.201,0.04,0.0,0.9,80.033,-0.161,50.0,0.475,0.085,0.0,0.939,46.376,0.018,82.0,"Merritt, Troy",0.381,0.072,0.0,0.957,42.464,-0.07,69.0
l12,2026-08-24 16:33:05 UTC,2026-08-24 20:17:26 UTC,0.729,0.07,0.0,0.903,24.6,-0.055,186.0,0.726,0.04,0.0,0.964,32.132,-0.01,252.0,0.827,0.058,0.0,0.904,19.883,-0.065,52.0,15330,0.364,0.032,0.0,0.936,55.829,-0.016,94.0,0.515,0.033,0.0,0.967,39.131,0.041,122.0,"Griffin, Lanto",0.646,0.093,0.0,0.953,33.632,0.11,86.0
l12,2026-08-24 16:33:05 UTC,2026-08-24 20:17:26 UTC,0.813,0.073,0.0,0.96,22.648,-0.003,248.0,0.66,0.054,0.0,0.933,32.142,-0.01,314.0,0.839,0.069,0.0,0.948,16.707,0.016,58.0,22322,0.319,0.043,0.0,0.942,63.612,-0.019,69.0,0.449,0.037,0.0,0.957,46.774,-0.018,161.0,"McKibbin, Tom",0.521,0.067,0.0,0.923,40.7,-0.008,104.0
l12,2026-08-24 16:33:05 UTC,2026-08-24 20:17:26 UTC,0.743,0.037,0.0,0.875,25.623,-0.072,216.0,0.683,0.051,0.0,0.913,30.375,-0.01,253.0,0.827,0.078,0.0,0.909,18.584,-0.009,77.0,28984,0.326,0.041,0.0,0.928,62.519,-0.066,97.0,0.424,0.062,0.0,0.919,46.786,-0.028,161.0,"Puig, David",0.635,0.063,0.0,0.93,34.938,0.023,142.0
l12,2026-08-24 16:33:05 UTC,2026-08-24 20:17:26 UTC,0.769,0.079,0.0,0.915,23.599,-0.019,189.0,0.678,0.059,0.0,0.921,31.407,-0.011,239.0,0.75,0.098,0.0,0.941,19.139,-0.066,51.0,8117,0.408,0.092,0.0,0.98,57.39,0.072,98.0,0.509,0.065,0.0,0.984,41.724,0.069,123.0,"Kaymer, Martin",0.623,0.1,0.0,0.944,34.535,0.064,90.0
l12,2026-08-24 16:33:05 UTC,2026-08-24 20:17:26 UTC,0.767,0.03,0.0,0.952,23.149,-0.03,165.0,0.698,0.044,0.0,0.932,30.952,-0.011,205.0,0.817,0.068,0.0,0.955,19.384,-0.042,44.0,15004,0.304,0.017,0.0,0.966,68.504,-0.034,59.0,0.489,0.029,0.0,0.981,46.844,0.039,104.0,"Kim, Chan",0.569,0.088,0.0,0.93,34.093,0.015,57.0
l12,2026-08-24 16:33:05 UTC,2026-08-24 20:17:26 UTC,0.824,0.039,0.0,0.953,21.082,0.012,129.0,0.644,0.05,0.0,0.955,29.823,-0.011,221.0,0.871,0.164,0.0,0.934,13.173,0.097,61.0,20766,0.388,0.068,0.0,0.945,64.221,-0.001,73.0,0.512,0.065,0.0,0.953,39.172,0.07,107.0,"Brown, Dan",0.561,0.06,0.0,0.94,36.092,0.023,83.0
l12,2026-08-24 16:33:05 UTC,2026-08-24 20:17:26 UTC,0.77,0.057,0.0,0.939,21.755,-0.007,245.0,0.676,0.057,0.0,0.937,31.676,-0.011,350.0,0.765,0.09,0.0,0.876,18.3,-0.014,89.0,23465,0.289,0.038,0.0,0.977,55.743,-0.009,133.0,0.432,0.043,0.0,0.975,42.722,-0.0,163.0,"Greyserman, Max",0.491,0.063,0.0,0.956,39.781,0.005,158.0
l12,2026-08-24 16:33:05 UTC,2026-08-24 20:17:26 UTC,0.786,0.033,0.0,0.947,23.571,-0.03,301.0,0.677,0.056,0.0,0.942,32.499,-0.012,463.0,0.882,0.086,0.0,0.968,16.826,0.024,93.0,14577,0.344,0.022,0.0,0.971,56.517,0.006,138.0,0.476,0.052,0.0,0.983,47.83,0.044,231.0,"English, Harris",0.54,0.062,0.0,0.938,39.323,-0.006,128.0
l12,2026-08-24 16:33:05 UTC,2026-08-24 20:17:26 UTC,0.796,0.054,0.0,0.946,22.173,-0.003,276.0,0.654,0.049,0.0,0.957,32.643,-0.012,391.0,0.812,0.06,0.0,0.95,17.288,-0.001,100.0,26657,0.374,0.036,0.0,0.929,69.427,-0.051,112.0,0.448,0.058,0.0,0.947,46.35,-0.004,171.0,"Fisk, Steven",0.508,0.068,0.0,0.932,41.212,-0.013,147.0
l12,2026-08-24 16:33:05 UTC,2026-08-24 20:17:26 UTC,0.805,0.086,0.0,0.955,21.942,0.008,269.0,0.682,0.046,0.0,0.961,32.346,-0.013,459.0,0.845,0.114,0.0,0.937,19.281,-0.024,79.0,10419,0.382,0.07,0.0,0.958,59.496,0.04,142.0,0.499,0.051,0.0,0.953,44.972,0.03,234.0,"Noren, Alex",0.575,0.1,0.0,0.964,40.545,0.034,110.0
l12,2026-08-24 16:33:05 UTC,2026-08-24 20:17:26 UTC,0.819,0.064,0.0,0.928,20.82,0.016,236.0,0.636,0.065,0.0,0.941,31.969,-0.013,322.0,0.878,0.076,0.0,0.962,14.341,0.08,79.0,24304,0.361,0.063,0.0,0.951,69.54,-0.03,142.0,0.482,0.077,0.0,0.962,42.896,0.04,130.0,"Vilips, Karl",0.537,0.083,0.0,0.917,39.487,0.002,144.0
l12,2026-08-24 16:33:05 UTC,2026-08-24 20:17:26 UTC,0.738,0.04,0.0,0.923,23.623,-0.053,247.0,0.661,0.045,0.0,0.927,30.549,-0.014,286.0,0.892,0.053,0.0,0.933,17.929,0.002,75.0,12422,0.312,0.072,0.0,0.91,60.83,-0.027,111.0,0.467,0.091,0.0,0.957,43.11,0.044,164.0,"Johnson, Dustin",0.554,0.042,0.0,0.966,37.924,-0.024,119.0
l12,2026-08-24 16:33:05 UTC,2026-08-24 20:17:26 UTC,0.762,0.048,0.0,0.939,23.241,-0.042,165.0,0.679,0.06,0.0,0.923,32.311,-0.014,248.0,0.772,0.06,0.0,0.9,20.216,-0.024,50.0,13508,0.387,0.038,0.0,0.942,63.353,-0.002,104.0,0.442,0.04,0.0,0.96,45.28,-0.024,124.0,"Vegas, Jhonattan",0.664,0.039,0.0,0.931,38.163,0.027,102.0
l12,2026-08-24 16:33:05 UTC,2026-08-24 20:17:26 UTC,0.798,0.078,0.0,0.932,23.214,-0.007,205.0,0.672,0.037,0.0,0.936,31.553,-0.014,218.0,0.885,0.043,0.0,0.978,17.208,-0.013,46.0,17381,0.363,0.029,0.0,0.986,65.833,-0.028,70.0,0.463,0.027,0.0,0.929,53.718,-0.041,113.0,"Silverman, Ben",0.641,0.135,0.0,0.962,34.221,0.103,52.0
l12,2026-08-24 16:33:05 UTC,2026-08-24 20:17:26 UTC,0.846,0.053,0.0,0.947,21.938,0.006,225.0,0.696,0.046,0.0,0.94,32.719,-0.014,282.0,0.852,0.057,0.0,0.966,16.508,-0.033,88.0,23838,0.389,0.034,0.0,0.973,59.451,-0.006,147.0,0.518,0.073,0.0,0.942,44.536,0.037,137.0,"Hojgaard, Rasmus",0.529,0.054,0.0,0.946,43.476,0.002,149.0
l12,2026-08-24 16:33:05 UTC,2026-08-24 20:17:26 UTC,0.804,0.051,0.0,0.932,21.721,-0.009,295.0,0.677,0.046,0.0,0.94,30.648,-0.014,496.0,0.852,0.106,0.0,0.962,15.547,0.038,104.0,24968,0.389,0.067,0.0,0.982,57.425,0.051,163.0,0.467,0.053,0.0,0.981,49.704,0.02,207.0,"Griffin, Ben",0.586,0.067,0.0,0.927,39.527,0.014,164.0
l12,2026-08-24 16:33:05 UTC,2026-08-24 20:17:26 UTC,0.773,0.076,0.0,0.939,22.281,-0.0,330.0,0.659,0.046,0.0,0.93,31.318,-0.014,460.0,0.838,0.12,0.0,0.94,16.32,0.057,117.0,29197,0.365,0.076,0.0,0.962,62.199,0.006,131.0,0.521,0.113,0.0,0.958,37.14,0.101,213.0,"Brennan, Michael",0.584,0.082,0.0,0.94,39.259,0.022,184.0
l12,2026-08-24 16:33:05 UTC,2026-08-24 20:17:26 UTC,0.808,0.054,0.0,0.932,21.5,0.006,279.0,0.672,0.068,0.0,0.929,31.263,-0.015,411.0,0.845,0.115,0.0,0.966,16.456,0.043,87.0,17538,0.377,0.04,0.0,0.947,61.7,-0.001,150.0,0.485,0.057,0.0,0.948,46.426,0.017,211.0,"Homa, Max",0.552,0.061,0.0,0.958,37.537,0.018,165.0
l12,2026-08-24 16:33:05 UTC,2026-08-24 20:17:26 UTC,0.769,0.046,0.0,0.903,23.864,-0.034,217.0,0.641,0.061,0.0,0.944,30.576,-0.015,392.0,0.853,0.074,0.0,0.979,15.594,0.039,95.0,18628,0.262,0.025,0.0,0.959,67.909,-0.084,122.0,0.468,0.08,0.0,0.977,45.845,0.042,175.0,"Campbell, Brian",0.603,0.056,0.0,0.903,39.919,-0.014,72.0
l12,2026-08-24 16:33:05 UTC,2026-08-24 20:17:26 UTC,0.812,0.104,1.0,0.938,23.061,-0.0,48.0,0.684,0.038,1.0,0.981,29.805,-0.015,52.0,0.75,0.0,0.0,0.833,23.644,-0.14,18.0,21880,,,,,,,,,,,,,,,"Cone, Trevor",0.492,0.083,0.0,0.958,40.881,0.021,24.0
l12,2026-08-24 16:33:05 UTC,2026-08-24 20:17:26 UTC,0.766,0.036,0.0,0.913,23.07,-0.019,138.0,0.655,0.041,0.0,0.906,31.79,-0.016,170.0,0.804,0.029,0.0,0.971,19.591,-0.093,34.0,13965,0.273,0.021,0.0,0.958,56.176,-0.067,48.0,0.478,0.024,0.0,0.951,43.27,0.007,82.0,"Hadwin, Adam",0.509,0.02,0.0,0.918,46.993,-0.098,49.0
l12,2026-08-24 16:33:05 UTC,2026-08-24 20:17:26 UTC,0.761,0.05,0.0,0.899,25.028,-0.049,119.0,0.682,0.039,0.0,0.955,31.422,-0.016,154.0,0.856,0.116,0.0,0.953,15.925,0.055,43.0,14007,0.452,0.075,0.0,0.9,70.14,-0.049,40.0,0.557,0.073,0.0,0.988,40.532,0.122,82.0,"Martin, Ben",0.553,0.054,0.0,0.946,38.014,0.002,56.0
l12,2026-08-24 16:33:05 UTC,2026-08-24 20:17:26 UTC,0.773,0.043,0.0,0.941,23.225,-0.023,255.0,0.667,0.055,0.0,0.933,32.372,-0.016,345.0,0.854,0.06,0.0,0.952,18.258,-0.004,84.0,15470,0.352,0.057,0.0,0.99,63.747,-0.007,105.0,0.414,0.048,0.0,0.964,46.204,-0.025,168.0,"Hossler, Beau",0.533,0.041,0.0,0.926,40.551,-0.009,122.0
l12,2026-08-24 16:33:05 UTC,2026-08-24 20:17:26 UTC,0.746,0.17,1.0,0.894,20.21,0.051,47.0,0.702,0.031,1.0,0.954,29.857,-0.016,65.0,0.823,0.071,1.0,1.0,19.723,0.005,14.0,20844,,,,,,,,0.554,0.077,0.0,1.0,48.716,0.011,39.0,"Mazzoli, Stefano",0.604,0.042,0.0,0.958,38.155,0.052,24.0
l12,2026-08-24 16:33:05 UTC,2026-08-24 20:17:26 UTC,0.759,0.093,0.0,0.91,21.378,0.01,290.0,0.668,0.039,0.0,0.925,31.534,-0.016,388.0,0.868,0.091,0.0,0.945,19.02,0.033,55.0,29925,0.383,0.067,0.0,0.958,53.864,0.026,119.0,0.501,0.06,0.0,0.958,38.291,0.078,168.0,"Yellamaraju, Sudarshan",0.549,0.057,0.0,0.943,33.759,0.018,122.0
l12,2026-08-24 16:33:05 UTC,2026-08-24 20:17:26 UTC,,,,,,,,0.621,0.054,1.0,0.911,32.574,-0.017,56.0,,,,,,,,5716,0.328,0.051,0.0,0.974,55.929,0.021,39.0,0.263,0.0,1.0,1.0,53.766,-0.117,32.0,"Harrington, Padraig",0.785,0.037,0.0,0.963,27.771,0.092,27.0
l12,2026-08-24 16:33:05 UTC,2026-08-24 20:17:26 UTC,0.739,0.0,1.0,0.95,24.618,-0.092,40.0,0.683,0.054,1.0,0.929,34.132,-0.017,56.0,0.737,0.0,0.0,0.941,17.649,-0.024,17.0,11374,0.203,0.087,1.0,0.957,76.505,-0.083,23.0,,,,,,,,"Hahn, James",0.517,0.083,0.0,0.958,35.092,0.022,24.0
l12,2026-08-24 16:33:05 UTC,2026-08-24 20:17:26 UTC,0.811,0.058,0.0,0.938,21.329,0.024,259.0,0.664,0.065,0.0,0.935,31.363,-0.017,385.0,0.827,0.078,0.0,0.944,19.455,-0.017,90.0,14509,0.433,0.071,0.0,0.986,53.068,0.081,70.0,0.464,0.043,0.0,0.967,41.756,0.042,184.0,"Dahmen, Joel",0.569,0.069,0.0,0.98,36.869,0.047,101.0
l12,2026-08-24 16:33:05 UTC,2026-08-24 20:17:26 UTC,,,,,,,,0.686,0.019,1.0,0.981,31.896,-0.017,52.0,0.976,0.083,1.0,1.0,15.721,0.004,12.0,22231,,,,,,,,,,,,,,,"Von Dellingshausen, Nicolai",,,,,,,
l12,2026-08-24 16:33:05 UTC,2026-08-24 20:17:26 UTC,0.756,0.098,0.0,0.881,21.878,0.007,143.0,0.663,0.057,0.0,0.917,31.498,-0.017,157.0,0.904,0.087,0.0,0.957,16.452,0.044,23.0,23656,0.264,0.028,0.0,0.944,54.94,-0.089,36.0,0.479,0.067,0.0,0.96,47.201,0.041,75.0,"Young, Carson",0.593,0.133,0.0,0.978,35.112,0.057,45.0
l12,2026-08-24 16:33:05 UTC,2026-08-24 20:17:26 UTC,0.798,0.067,0.0,0.933,22.417,0.002,267.0,0.634,0.04,0.0,0.931,31.504,-0.017,303.0,0.795,0.049,0.0,0.915,19.427,-0.051,82.0,24342,0.245,0.028,0.0,0.963,69.405,-0.079,108.0,0.406,0.075,0.0,0.973,46.234,0.007,146.0,"Higgo, Garrick",0.454,0.056,0.0,0.904,41.091,-0.055,125.0
l12,2026-08-24 16:33:05 UTC,2026-08-24 20:17:26 UTC,0.818,0.066,0.0,0.929,24.002,-0.032,196.0,0.619,0.076,0.0,0.943,32.433,-0.017,210.0,0.889,0.062,0.0,1.0,15.163,0.045,64.0,28473,0.371,0.049,0.0,0.914,65.555,-0.053,81.0,0.476,0.095,0.0,0.953,41.21,0.061,148.0,"Ballester, Jose Luis",0.607,0.076,0.0,0.901,41.303,0.005,131.0
l12,2026-08-24 16:33:05 UTC,2026-08-24 20:17:26 UTC,0.781,0.063,0.0,0.954,21.531,-0.001,302.0,0.682,0.044,0.0,0.946,32.92,-0.018,428.0,0.93,0.113,0.0,0.975,15.994,0.063,80.0,19870,0.365,0.044,0.0,0.963,61.36,0.014,160.0,0.481,0.061,0.0,0.967,44.423,0.016,213.0,"McCarthy, Denny",0.573,0.038,0.0,0.955,40.102,0.0,132.0
l12,2026-08-24 16:33:05 UTC,2026-08-24 20:17:26 UTC,0.796,0.081,0.0,0.916,21.802,0.002,285.0,0.721,0.054,0.0,0.935,32.361,-0.018,355.0,0.866,0.039,0.0,0.934,17.508,0.013,76.0,21407,0.342,0.031,0.0,0.984,64.768,-0.01,128.0,0.443,0.049,0.0,0.946,44.705,-0.003,184.0,"Reitan, Kristoffer",0.606,0.098,0.0,0.976,32.912,0.071,123.0
l12,2026-08-24 16:33:05 UTC,2026-08-24 20:17:26 UTC,0.783,0.061,0.0,0.942,21.82,0.001,278.0,0.669,0.057,0.0,0.938,32.782,-0.018,403.0,0.809,0.113,0.0,0.901,19.162,-0.011,71.0,23323,0.376,0.047,0.0,0.953,55.376,0.013,127.0,0.478,0.046,0.0,0.943,44.305,0.013,175.0,"MacIntyre, Robert",0.575,0.058,0.0,0.964,35.962,0.012,139.0
l12,2026-08-24 16:33:05 UTC,2026-08-24 20:17:26 UTC,0.828,0.063,0.0,0.946,21.827,0.025,222.0,0.689,0.063,0.0,0.926,33.521,-0.018,285.0,0.888,0.077,0.0,0.923,17.532,0.035,52.0,25002,0.346,0.054,0.0,0.968,59.912,-0.024,93.0,0.474,0.053,0.0,0.955,44.496,-0.01,132.0,"Wu, Dylan",0.593,0.075,0.0,0.968,34.579,0.065,93.0
l12,2026-08-24 16:33:05 UTC,2026-08-24 20:17:26 UTC,0.69,0.059,1.0,0.882,22.615,-0.051,51.0,0.631,0.09,0.0,0.923,35.81,-0.018,78.0,0.8,0.074,0.0,0.926,17.441,0.032,27.0,25442,0.284,0.048,0.0,0.976,57.095,-0.002,42.0,0.377,0.059,1.0,0.941,42.29,-0.009,34.0,"Montgomery, Taylor",0.588,0.087,0.0,0.957,35.55,0.065,46.0
l12,2026-08-24 16:33:05 UTC,2026-08-24 20:17:26 UTC,0.818,0.067,0.0,0.961,20.741,0.018,179.0,0.672,0.079,0.0,0.911,33.257,-0.019,203.0,0.695,0.057,0.0,0.857,20.492,-0.105,35.0,4052,0.346,0.015,0.0,0.985,62.558,-0.005,66.0,0.476,0.075,0.0,0.967,49.519,-0.017,120.0,"Westwood, Lee",0.542,0.076,0.0,0.97,35.121,0.014,66.0
l12,2026-08-24 16:33:05 UTC,2026-08-24 20:17:26 UTC,0.824,0.066,0.0,0.953,21.476,0.02,213.0,0.631,0.022,0.0,0.939,30.749,-0.019,231.0,0.82,0.054,0.0,0.978,17.147,0.001,93.0,14459,0.294,0.06,0.0,0.94,64.674,-0.073,100.0,0.453,0.062,0.0,0.972,47.193,0.012,144.0,"An, Byeong Hun",0.637,0.085,0.0,0.966,33.545,0.075,176.0
l12,2026-08-24 16:33:05 UTC,2026-08-24 20:17:26 UTC,0.824,0.059,0.0,0.947,20.282,0.013,322.0,0.691,0.055,0.0,0.912,32.273,-0.019,433.0,0.873,0.083,0.0,0.892,18.109,-0.01,120.0,18634,0.376,0.065,0.0,0.994,57.184,0.036,154.0,0.458,0.056,0.0,0.953,46.829,0.012,232.0,"McNealy, Maverick",0.567,0.041,0.0,0.917,37.331,-0.004,169.0
l12,2026-08-24 16:33:05 UTC,2026-08-24 20:17:26 UTC,0.796,0.084,0.0,0.926,22.384,-0.003,323.0,0.641,0.063,0.0,0.942,31.934,-0.02,429.0,0.8,0.033,0.0,0.934,20.19,-0.083,91.0,16283,0.398,0.054,0.0,0.966,54.085,0.043,205.0,0.453,0.062,0.0,0.948,50.307,-0.019,211.0,"Rodgers, Patrick",0.535,0.087,0.0,0.93,43.377,-0.009,172.0
l12,2026-08-24 16:33:05 UTC,2026-08-24 20:17:26 UTC,0.834,0.068,0.0,0.943,21.739,0.009,336.0,0.661,0.042,0.0,0.928,33.215,-0.02,457.0,0.895,0.092,0.0,0.969,15.958,0.072,98.0,28309,0.373,0.032,0.0,0.93,59.358,-0.02,158.0,0.503,0.039,0.0,0.982,46.623,0.02,228.0,"Coody, Pierceson",0.563,0.087,0.0,0.913,41.441,-0.01,184.0
l12,2026-08-24 16:33:05 UTC,2026-08-24 20:17:26 UTC,0.839,0.046,0.0,0.944,23.614,-0.011,216.0,0.704,0.049,0.0,0.96,34.536,-0.021,223.0,0.845,0.085,0.0,0.966,17.584,0.008,59.0,6892,0.353,0.05,0.0,0.983,54.525,0.037,60.0,0.408,0.039,0.0,0.937,50.046,-0.034,127.0,"Howell III, Charles",0.616,0.039,0.0,0.961,37.354,-0.003,103.0
l12,2026-08-24 16:33:05 UTC,2026-08-24 20:17:26 UTC,0.849,0.095,1.0,0.929,19.179,0.054,42.0,0.705,0.014,0.0,0.945,32.017,-0.021,73.0,0.855,0.0,0.0,0.889,21.4,-0.055,18.0,11117,0.36,0.053,1.0,0.947,50.093,0.038,19.0,0.507,0.128,0.0,0.949,46.289,0.068,39.0,"Noh, S.Y.",0.521,0.0,1.0,0.75,56.083,-0.114,12.0
l12,2026-08-24 16:33:05 UTC,2026-08-24 20:17:26 UTC,0.738,0.088,0.0,0.935,21.203,0.012,217.0,0.62,0.051,0.0,0.932,30.387,-0.021,236.0,0.716,0.093,0.0,0.907,18.257,-0.061,43.0,12637,0.257,0.058,0.0,0.942,62.804,-0.03,69.0,0.38,0.081,0.0,0.952,46.066,-0.005,124.0,"Asaji, Yosuke",0.494,0.045,0.0,0.873,42.589,-0.057,110.0
l12,2026-08-24 16:33:05 UTC,2026-08-24 20:17:26 UTC,0.84,0.076,0.0,0.967,20.183,0.047,276.0,0.674,0.037,0.0,0.942,31.344,-0.021,378.0,0.858,0.127,0.0,0.951,16.207,0.048,102.0,24550,0.274,0.057,0.0,0.977,68.024,-0.027,88.0,0.503,0.05,0.0,0.925,45.33,-0.0,160.0,"Ghim, Doug",0.554,0.025,0.0,0.95,38.271,0.002,120.0
l12,2026-08-24 16:33:05 UTC,2026-08-24 20:17:26 UTC,0.818,0.057,0.0,0.948,24.189,-0.035,212.0,0.687,0.053,0.0,0.917,33.033,-0.021,265.0,0.939,0.067,0.0,1.0,17.38,0.02,60.0,25319,0.342,0.049,0.0,0.975,69.902,-0.018,81.0,0.4,0.025,0.0,0.924,52.789,-0.081,119.0,"VanDerLaan, John",0.503,0.062,0.0,0.975,45.489,-0.039,80.0
l12,2026-08-24 16:33:05 UTC,2026-08-24 20:17:26 UTC,0.748,0.103,0.0,0.916,22.667,0.002,311.0,0.633,0.062,0.0,0.962,31.282,-0.021,373.0,0.861,0.098,0.0,0.918,18.368,0.011,61.0,28469,0.29,0.04,0.0,0.946,65.866,-0.035,149.0,0.433,0.058,0.0,0.959,45.435,-0.005,172.0,"Highsmith, Joe",0.527,0.045,0.0,0.947,39.231,-0.018,133.0
l12,2026-08-24 16:33:05 UTC,2026-08-24 20:17:26 UTC,0.783,0.071,0.0,0.914,25.562,-0.043,198.0,0.684,0.066,0.0,0.916,33.557,-0.022,273.0,0.878,0.1,0.0,1.0,17.098,0.003,40.0,16160,0.318,0.1,0.0,0.967,54.439,0.03,60.0,0.455,0.028,0.0,0.965,45.641,0.021,141.0,"Song, Younghan",0.641,0.042,0.0,0.901,36.836,0.003,71.0
l12,2026-08-24 16:33:05 UTC,2026-08-24 20:17:26 UTC,0.794,0.091,0.0,0.926,24.102,-0.021,231.0,0.652,0.068,0.0,0.92,33.736,-0.022,324.0,0.74,0.085,0.0,0.881,23.066,-0.103,59.0,20730,0.345,0.032,0.0,0.968,50.65,-0.014,93.0,0.464,0.059,0.0,0.988,48.146,0.035,170.0,"Perez, Victor",0.628,0.078,0.0,0.948,36.928,0.049,116.0
l12,2026-08-24 16:33:05 UTC,2026-08-24 20:17:26 UTC,0.809,0.094,0.0,0.962,21.0,0.022,266.0,0.649,0.053,0.0,0.947,31.904,-0.022,374.0,0.737,0.06,0.0,0.869,20.524,-0.064,84.0,29279,0.49,0.028,0.0,0.962,49.757,0.066,106.0,0.552,0.076,0.0,0.965,39.124,0.073,172.0,"Suber, Jackson",0.598,0.04,0.0,0.935,43.009,-0.01,124.0
l12,2026-08-24 16:33:05 UTC,2026-08-24 20:17:26 UTC,0.77,0.085,0.0,0.921,23.314,-0.013,165.0,0.614,0.055,0.0,0.932,33.323,-0.023,237.0,0.851,0.093,0.0,0.953,16.151,0.049,43.0,11826,0.209,0.033,0.0,0.978,64.68,-0.09,90.0,0.384,0.029,0.0,0.921,52.369,-0.062,140.0,"Lee, Danny",0.562,0.085,0.0,0.915,37.087,0.017,94.0
l12,2026-08-24 16:33:05 UTC,2026-08-24 20:17:26 UTC,0.81,0.101,0.0,0.938,20.847,0.044,227.0,0.672,0.047,0.0,0.947,32.867,-0.023,337.0,0.806,0.085,0.0,0.902,18.825,-0.006,82.0,24956,0.332,0.048,0.0,0.928,67.648,-0.069,83.0,0.489,0.059,0.0,0.971,43.247,0.034,170.0,"Blanchet, Chandler",0.486,0.047,0.0,0.93,36.828,-0.051,86.0
l12,2026-08-24 16:33:05 UTC,2026-08-24 20:17:26 UTC,0.811,0.06,0.0,0.926,20.794,0.019,217.0,0.627,0.081,0.0,0.907,33.278,-0.025,248.0,0.788,0.14,0.0,0.912,17.633,-0.001,57.0,7334,0.276,0.016,0.0,0.919,67.748,-0.116,62.0,0.436,0.042,0.0,0.916,49.879,-0.042,143.0,"Watson, Bubba",0.532,0.052,0.0,0.927,41.867,-0.026,96.0
l12,2026-08-24 16:33:05 UTC,2026-08-24 20:17:26 UTC,0.813,0.074,0.0,0.937,22.267,-0.01,189.0,0.644,0.076,0.0,0.895,32.089,-0.025,210.0,0.886,0.078,0.0,0.969,16.88,0.013,64.0,14424,0.361,0.049,0.0,0.939,62.702,-0.003,82.0,0.437,0.073,0.0,0.919,48.49,-0.003,124.0,"Burmester, Dean",0.577,0.069,0.0,0.905,37.774,-0.0,116.0
l12,2026-08-24 16:33:05 UTC,2026-08-24 20:17:26 UTC,0.763,0.07,0.0,0.907,24.239,-0.042,214.0,0.598,0.04,0.0,0.939,31.944,-0.026,326.0,0.81,0.093,0.0,0.907,18.464,-0.003,97.0,25003,0.352,0.049,0.0,0.937,63.304,-0.02,142.0,0.401,0.06,0.0,0.933,43.512,-0.036,150.0,"Walker, Danny",0.56,0.103,0.0,0.929,37.541,0.047,156.0
l12,2026-08-24 16:33:05 UTC,2026-08-24 20:17:26 UTC,0.798,0.094,0.0,0.922,21.894,0.011,64.0,0.601,0.055,0.0,0.918,32.754,-0.027,110.0,0.992,0.0,1.0,1.0,19.233,-0.043,14.0,11657,0.391,0.029,0.0,0.971,54.792,0.037,34.0,0.359,0.068,0.0,0.955,49.758,-0.035,44.0,"Norlander, Henrik",0.635,0.133,0.0,0.933,35.285,0.06,30.0
l12,2026-08-24 16:33:05 UTC,2026-08-24 20:17:26 UTC,0.868,0.048,0.0,0.959,20.478,0.029,147.0,0.613,0.056,0.0,0.92,31.493,-0.027,213.0,0.928,0.079,0.0,0.968,15.533,0.071,63.0,16341,0.31,0.049,0.0,0.927,68.792,-0.035,41.0,0.444,0.102,0.0,0.981,44.546,0.062,108.0,"Peterson, Paul",0.628,0.087,0.0,0.913,37.277,0.053,46.0
l12,2026-08-24 16:33:05 UTC,2026-08-24 20:17:26 UTC,0.771,0.034,0.0,0.898,24.891,-0.07,59.0,0.659,0.024,0.0,0.928,33.581,-0.027,83.0,0.775,0.0,0.0,0.895,26.699,-0.22,19.0,33759,0.231,0.0,1.0,1.0,60.627,-0.088,24.0,0.496,0.132,1.0,0.947,37.846,0.098,38.0,"Howell, Mason",0.531,0.069,0.0,0.966,43.028,-0.012,29.0
l12,2026-08-24 16:33:05 UTC,2026-08-24 20:17:26 UTC,0.746,0.05,0.0,0.887,22.679,-0.029,238.0,0.655,0.051,0.0,0.913,32.07,-0.028,276.0,0.811,0.145,0.0,0.927,17.635,0.009,55.0,15856,0.36,0.082,0.0,0.967,54.805,0.022,122.0,0.403,0.041,0.0,0.925,49.799,-0.019,146.0,"Smith, Cameron",0.551,0.08,0.0,0.929,35.435,0.039,112.0
l12,2026-08-24 16:33:05 UTC,2026-08-24 20:17:26 UTC,0.796,0.071,1.0,0.881,23.252,-0.054,42.0,0.61,0.035,1.0,0.965,31.117,-0.028,57.0,,,,,,,,21235,,,,,,,,,,,,,,,"Albertson, Anders",0.38,0.0,0.0,0.897,52.202,-0.138,29.0
l12,2026-08-24 16:33:05 UTC,2026-08-24 20:17:26 UTC,0.859,0.039,0.0,0.928,20.962,0.027,152.0,0.649,0.051,0.0,0.911,33.514,-0.029,237.0,0.861,0.073,0.0,1.0,14.65,0.061,55.0,9171,0.28,0.048,0.0,0.952,64.195,-0.06,84.0,0.341,0.028,0.0,0.872,47.901,-0.122,109.0,"Villegas, Camilo",0.552,0.067,0.0,0.956,34.98,0.048,90.0
l12,2026-08-24 16:33:05 UTC,2026-08-24 20:17:26 UTC,0.74,0.07,1.0,0.93,23.283,-0.015,43.0,0.653,0.019,1.0,0.963,32.937,-0.029,54.0,,,,,,,,18105,,,,,,,,,,,,,,,"Lawrence, Thriston",0.506,0.056,0.0,0.944,34.086,0.008,18.0
l12,2026-08-24 16:33:05 UTC,2026-08-24 20:17:26 UTC,0.792,0.044,1.0,1.0,19.097,0.019,45.0,0.735,0.033,1.0,0.917,34.173,-0.029,60.0,0.727,0.118,0.0,0.882,20.894,-0.057,17.0,25263,,,,,,,,,,,,,,,"Onishi, Kaito",0.531,0.045,0.0,0.955,46.306,-0.047,22.0
l12,2026-08-24 16:33:05 UTC,2026-08-24 20:17:26 UTC,0.754,0.047,0.0,0.913,23.509,-0.049,277.0,0.65,0.05,0.0,0.925,32.367,-0.029,440.0,0.785,0.077,0.0,0.912,18.091,-0.04,91.0,27819,0.343,0.036,0.0,0.957,51.041,0.029,140.0,0.471,0.07,0.0,0.952,48.566,-0.022,186.0,"Castillo, Ricky",0.595,0.069,0.0,0.948,35.059,0.048,173.0
l12,2026-08-24 16:33:05 UTC,2026-08-24 20:17:26 UTC,0.794,0.067,0.0,0.94,21.372,0.003,284.0,0.669,0.053,0.0,0.928,32.775,-0.03,457.0,0.857,0.098,0.0,0.964,13.904,0.09,112.0,14636,0.386,0.07,0.0,0.949,59.952,0.01,157.0,0.463,0.063,0.0,0.937,47.387,0.007,221.0,"Spieth, Jordan",0.628,0.071,0.0,0.951,35.116,0.075,184.0
l12,2026-08-24 16:33:05 UTC,2026-08-24 20:17:26 UTC,0.794,0.057,0.0,0.917,22.711,-0.022,157.0,0.67,0.031,0.0,0.907,32.473,-0.03,226.0,0.789,0.123,0.0,0.912,16.722,0.058,57.0,16591,0.418,0.031,0.0,0.922,66.747,-0.023,64.0,0.384,0.051,0.0,0.974,50.008,-0.022,117.0,"Rozo, Marcelo",0.563,0.058,0.0,0.962,36.614,0.023,52.0
l12,2026-08-24 16:33:05 UTC,2026-08-24 20:17:26 UTC,0.782,0.098,0.0,0.918,23.186,-0.01,184.0,0.646,0.055,0.0,0.89,32.475,-0.03,218.0,0.799,0.079,0.0,0.921,22.378,-0.097,63.0,33755,0.312,0.032,0.0,0.958,66.065,-0.039,95.0,0.483,0.07,0.0,0.984,48.99,0.025,129.0,"La Sasso, Michael",0.517,0.043,0.0,0.915,43.494,-0.071,117.0
l12,2026-08-24 16:33:05 UTC,2026-08-24 20:17:26 UTC,0.776,0.076,0.0,0.919,22.351,-0.011,198.0,0.602,0.079,0.0,0.905,33.616,-0.031,242.0,0.807,0.103,0.0,0.853,21.727,-0.014,68.0,14735,0.413,0.06,0.0,0.964,57.474,0.041,84.0,0.478,0.069,0.0,0.944,46.042,0.01,144.0,"Ortiz, Carlos",0.594,0.056,0.0,0.926,32.423,0.026,108.0
l12,2026-08-24 16:33:05 UTC,2026-08-24 20:17:26 UTC,,,,,,,,0.653,0.017,1.0,0.931,30.763,-0.031,58.0,0.978,0.0,1.0,1.0,15.424,0.005,11.0,15326,0.413,0.0,1.0,0.95,43.587,0.05,20.0,,,,,,,,"Sullivan, Andy",0.661,0.056,0.0,0.889,36.178,0.042,18.0
l12,2026-08-24 16:33:05 UTC,2026-08-24 20:17:26 UTC,0.726,0.074,0.0,0.958,23.716,-0.031,95.0,0.671,0.037,0.0,0.944,32.931,-0.031,162.0,0.73,0.0,0.0,0.828,22.13,-0.131,29.0,21688,0.341,0.031,0.0,0.984,58.872,-0.034,64.0,0.399,0.018,0.0,0.982,46.761,-0.031,55.0,"Kim, S.H.",0.592,0.05,0.0,0.975,33.457,0.029,40.0
l12,2026-08-24 16:33:05 UTC,2026-08-24 20:17:26 UTC,0.846,0.021,1.0,0.958,19.143,-0.014,48.0,0.691,0.033,1.0,0.933,31.962,-0.032,60.0,0.872,0.062,0.0,0.875,17.569,0.035,16.0,11441,,,,,,,,,,,,,,,"Covello, Vince",0.591,0.051,0.0,0.974,36.682,0.06,39.0
l12,2026-08-24 16:33:05 UTC,2026-08-24 20:17:26 UTC,0.824,0.047,0.0,0.946,21.893,-0.003,317.0,0.64,0.059,0.0,0.929,33.18,-0.032,392.0,0.834,0.121,0.0,0.912,17.772,0.019,91.0,19840,0.305,0.055,0.0,0.93,64.202,-0.064,128.0,0.447,0.037,0.0,0.963,47.396,-0.014,188.0,"Ramey, Chad",0.576,0.036,0.0,0.92,39.334,-0.017,138.0
l12,2026-08-24 16:33:05 UTC,2026-08-24 20:17:26 UTC,0.8,0.062,0.0,0.96,22.135,0.0,176.0,0.649,0.034,0.0,0.928,33.618,-0.033,265.0,0.882,0.078,0.0,0.941,16.0,-0.007,51.0,14792,0.275,0.034,0.0,0.932,60.441,-0.028,88.0,0.423,0.051,0.0,0.949,43.381,-0.007,118.0,"Saddier, Adrien",0.651,0.047,0.0,0.965,33.928,0.061,85.0
l12,2026-08-24 16:33:05 UTC,2026-08-24 20:17:26 UTC,0.752,0.051,1.0,0.897,23.388,-0.07,39.0,0.663,0.054,1.0,0.893,31.556,-0.033,56.0,0.605,0.048,0.0,0.81,20.773,-0.185,21.0,21875,,,,,,,,0.45,0.036,1.0,1.0,42.645,0.019,28.0,"Widing, Tim",0.703,0.0,0.0,0.957,38.269,-0.004,23.0
l12,2026-08-24 16:33:05 UTC,2026-08-24 20:17:26 UTC,0.81,0.073,0.0,0.952,19.557,0.029,273.0,0.668,0.042,0.0,0.93,32.608,-0.034,385.0,0.882,0.065,0.0,0.961,16.999,0.02,77.0,14139,0.286,0.066,0.0,0.975,60.432,-0.016,121.0,0.424,0.064,0.0,0.954,43.287,0.014,173.0,"Thomas, Justin",0.555,0.072,0.0,0.957,36.662,0.031,139.0
l12,2026-08-24 16:33:05 UTC,2026-08-24 20:17:26 UTC,0.838,0.07,0.0,0.951,20.638,0.039,286.0,0.647,0.055,0.0,0.927,33.513,-0.035,397.0,0.784,0.078,0.0,0.938,18.052,-0.013,64.0,10104,0.313,0.043,0.0,0.931,79.17,-0.101,116.0,0.469,0.033,0.0,0.98,42.032,0.03,153.0,"Power, Seamus",0.6,0.043,0.0,0.931,36.767,0.028,116.0
l12,2026-08-24 16:33:05 UTC,2026-08-24 20:17:26 UTC,0.802,0.08,0.0,0.94,20.454,0.034,200.0,0.643,0.028,0.0,0.932,33.265,-0.035,281.0,0.839,0.03,0.0,0.924,16.786,0.007,66.0,13470,0.329,0.043,0.0,0.957,57.061,0.005,117.0,0.428,0.039,0.0,0.929,49.249,-0.061,127.0,"Kizzire, Patton",0.593,0.045,0.0,0.955,35.472,0.032,111.0
l12,2026-08-24 16:33:05 UTC,2026-08-24 20:17:26 UTC,0.807,0.086,0.0,0.925,22.839,-0.002,187.0,0.68,0.035,0.0,0.926,33.154,-0.036,230.0,0.902,0.143,0.0,0.946,14.601,0.1,56.0,14013,0.361,0.054,0.0,0.935,60.201,-0.029,93.0,0.442,0.058,0.0,0.964,48.795,0.002,137.0,"Tringale, Cameron",0.53,0.091,0.0,0.955,35.546,0.044,88.0
l12,2026-08-24 16:33:05 UTC,2026-08-24 20:17:26 UTC,0.739,0.062,0.0,0.916,23.294,-0.025,225.0,0.646,0.059,0.0,0.938,34.451,-0.037,288.0,0.839,0.04,0.0,0.94,21.333,-0.073,50.0,19960,0.344,0.018,0.0,0.954,57.022,-0.018,109.0,0.486,0.066,0.0,0.949,50.698,0.013,137.0,"Pavon, Matthieu",0.563,0.041,0.0,0.948,38.685,-0.025,97.0
l12,2026-08-24 16:33:05 UTC,2026-08-24 20:17:26 UTC,0.762,0.062,0.0,0.919,24.365,-0.046,210.0,0.692,0.067,0.0,0.919,35.977,-0.037,210.0,0.872,0.083,0.0,0.931,18.589,-0.019,72.0,30428,0.364,0.077,0.0,0.934,63.269,-0.022,91.0,0.422,0.071,0.0,0.96,51.187,0.006,126.0,"Masaveu, Luis",0.462,0.069,0.0,0.851,45.787,-0.093,87.0
l12,2026-08-24 16:33:05 UTC,2026-08-24 20:17:26 UTC,0.798,0.051,0.0,0.933,23.391,-0.016,178.0,0.65,0.05,0.0,0.908,34.579,-0.039,238.0,0.818,0.104,0.0,0.925,17.889,-0.008,67.0,25475,0.343,0.056,0.0,0.953,63.251,-0.008,107.0,0.432,0.024,0.0,0.96,42.773,-0.002,126.0,"Nyholm, Pontus",0.457,0.022,0.0,0.884,43.952,-0.088,138.0
l12,2026-08-24 16:33:05 UTC,2026-08-24 20:17:26 UTC,0.772,0.07,0.0,0.965,19.501,0.008,57.0,0.584,0.067,1.0,0.883,30.994,-0.04,60.0,0.86,0.176,0.0,1.0,20.267,0.054,17.0,7301,0.354,0.05,1.0,0.9,55.681,0.037,20.0,,,,,,,,"Dufner, Jason",0.571,0.083,0.0,0.833,54.021,-0.079,24.0
l12,2026-08-24 16:33:05 UTC,2026-08-24 20:17:26 UTC,0.759,0.041,0.0,0.922,23.958,-0.026,217.0,0.622,0.043,0.0,0.921,34.736,-0.041,254.0,0.839,0.087,0.0,0.891,18.619,0.012,46.0,1435,0.37,0.025,0.0,0.963,59.701,-0.007,81.0,0.44,0.051,0.0,0.956,48.309,0.041,136.0,"Poulter, Ian",0.567,0.06,0.0,0.917,38.271,0.004,84.0
l12,2026-08-24 16:33:05 UTC,2026-08-24 20:17:26 UTC,0.731,0.08,0.0,0.91,25.083,-0.048,100.0,0.668,0.055,0.0,0.904,34.072,-0.041,146.0,0.831,0.083,0.0,0.917,17.003,-0.003,36.0,19865,0.345,0.047,0.0,0.977,75.02,-0.002,43.0,0.319,0.014,0.0,0.958,47.399,-0.051,72.0,"Hardy, Nick",0.587,0.075,0.0,0.94,34.299,0.015,67.0
l12,2026-08-24 16:33:05 UTC,2026-08-24 20:17:26 UTC,0.696,0.042,1.0,0.875,25.148,-0.059,48.0,0.625,0.048,1.0,0.937,33.385,-0.042,63.0,0.812,0.115,0.0,0.962,22.472,-0.044,26.0,10423,0.433,0.107,0.0,0.964,45.953,0.065,28.0,0.48,0.059,1.0,0.971,40.363,0.023,34.0,"Brehm, Ryan",0.568,0.026,0.0,0.868,49.904,-0.056,38.0
l12,2026-08-24 16:33:05 UTC,2026-08-24 20:17:26 UTC,0.764,0.068,0.0,0.901,28.012,-0.089,192.0,0.648,0.059,0.0,0.86,34.829,-0.042,221.0,0.853,0.123,0.0,0.93,17.648,-0.022,57.0,25919,0.318,0.055,0.0,0.956,57.283,-0.011,91.0,0.44,0.042,0.0,0.975,46.274,-0.007,120.0,"Wolff, Matthew",0.537,0.059,0.0,0.912,41.168,-0.006,102.0
l12,2026-08-24 16:33:05 UTC,2026-08-24 20:17:26 UTC,0.839,0.069,0.0,0.931,23.357,0.042,58.0,0.601,0.0,0.0,1.0,33.841,-0.043,85.0,0.789,0.087,0.0,0.957,18.254,0.014,23.0,12426,0.409,0.054,0.0,1.0,52.558,0.033,37.0,0.351,0.026,0.0,0.974,49.487,-0.055,39.0,"Waring, Paul",0.663,0.071,0.0,0.929,32.21,0.045,28.0
l12,2026-08-24 16:33:05 UTC,2026-08-24 20:17:26 UTC,0.764,0.046,0.0,0.934,22.33,-0.018,197.0,0.639,0.038,0.0,0.928,34.18,-0.043,235.0,0.828,0.067,0.0,0.9,17.402,0.005,60.0,14926,0.263,0.033,0.0,0.951,69.619,-0.078,123.0,0.398,0.028,0.0,0.936,48.449,-0.065,141.0,"Malnati, Peter",0.608,0.11,0.0,0.949,35.382,0.086,136.0
l12,2026-08-24 16:33:05 UTC,2026-08-24 20:17:26 UTC,0.81,0.066,0.0,0.946,21.17,0.011,242.0,0.669,0.04,0.0,0.902,33.457,-0.043,297.0,0.774,0.087,0.0,0.912,18.37,-0.02,80.0,19872,0.359,0.046,0.0,0.941,69.24,-0.023,152.0,0.367,0.075,0.0,0.933,54.457,-0.054,134.0,"Riley, Davis",0.514,0.075,0.0,0.94,43.604,-0.027,133.0
l12,2026-08-24 16:33:05 UTC,2026-08-24 20:17:26 UTC,0.798,0.092,0.0,0.922,21.832,0.028,218.0,0.654,0.026,0.0,0.916,33.206,-0.044,227.0,0.774,0.082,0.0,0.967,17.213,0.034,61.0,6516,0.34,0.023,0.0,0.977,57.576,0.03,86.0,0.487,0.107,0.0,0.983,45.706,0.066,121.0,"Bland, Richard",0.574,0.065,0.0,0.922,35.893,0.016,77.0
l12,2026-08-24 16:33:05 UTC,2026-08-24 20:17:26 UTC,0.702,0.083,0.0,0.893,24.87,-0.058,205.0,0.649,0.029,0.0,0.923,32.649,-0.044,274.0,0.848,0.086,0.0,0.971,16.325,0.042,70.0,21944,0.293,0.018,0.0,0.982,63.845,-0.01,112.0,0.476,0.037,0.0,0.971,45.078,0.021,136.0,"Moore, Taylor",0.519,0.038,0.0,0.925,42.995,-0.027,133.0
l12,2026-08-24 16:33:05 UTC,2026-08-24 20:17:26 UTC,0.779,0.082,0.0,0.934,22.484,-0.013,183.0,0.645,0.047,0.0,0.945,34.12,-0.044,235.0,0.824,0.14,0.0,0.965,15.58,0.059,86.0,26850,0.33,0.047,0.0,0.919,72.559,-0.058,86.0,0.417,0.054,0.0,0.946,49.072,-0.042,129.0,"Svensson, Jesper",0.519,0.099,0.0,0.95,38.075,0.05,101.0
l12,2026-08-24 16:33:05 UTC,2026-08-24 20:17:26 UTC,0.761,0.06,0.0,0.935,21.718,-0.032,215.0,0.665,0.039,0.0,0.906,33.738,-0.046,256.0,0.722,0.091,0.0,0.909,17.125,-0.035,55.0,7398,0.405,0.094,0.0,0.965,60.199,0.05,85.0,0.491,0.059,0.0,0.967,45.773,0.045,152.0,"Schwartzel, Charl",0.529,0.052,0.0,0.906,39.659,-0.038,96.0
l12,2026-08-24 16:33:05 UTC,2026-08-24 20:17:26 UTC,0.824,0.06,0.0,0.952,21.435,-0.002,251.0,0.654,0.039,0.0,0.929,33.168,-0.046,281.0,0.801,0.038,0.0,0.911,21.567,-0.096,79.0,15651,0.432,0.055,0.0,0.959,63.415,0.033,73.0,0.525,0.071,0.0,0.95,42.936,0.026,141.0,"Ventura, Kristoffer",0.526,0.108,0.0,0.941,34.414,0.032,102.0
l12,2026-08-24 16:33:05 UTC,2026-08-24 20:17:26 UTC,0.807,0.053,0.0,0.952,20.683,0.01,228.0,0.634,0.043,0.0,0.924,32.805,-0.046,303.0,0.8,0.066,0.0,0.885,17.941,-0.025,61.0,17723,0.379,0.035,0.0,0.919,64.276,-0.01,86.0,0.4,0.028,0.0,0.957,49.104,-0.012,141.0,"Lower, Justin",0.515,0.038,0.0,0.962,41.993,-0.03,79.0
l12,2026-08-24 16:33:05 UTC,2026-08-24 20:17:26 UTC,0.745,0.069,0.0,0.908,22.922,-0.015,348.0,0.656,0.049,0.0,0.933,33.765,-0.046,449.0,0.864,0.104,0.0,0.934,17.361,0.03,106.0,18424,0.328,0.034,0.0,0.957,66.785,-0.014,116.0,0.498,0.068,0.0,0.966,41.712,0.043,205.0,"Roy, Kevin",0.593,0.009,0.0,0.957,36.225,-0.002,117.0
l12,2026-08-24 16:33:05 UTC,2026-08-24 20:17:26 UTC,0.772,0.05,0.0,0.94,21.881,0.003,200.0,0.62,0.062,0.0,0.938,34.717,-0.048,289.0,0.884,0.071,0.0,0.964,17.396,0.017,84.0,6169,0.379,0.078,0.0,0.974,59.55,0.054,77.0,0.443,0.016,0.0,0.967,48.427,-0.013,122.0,"Kuchar, Matt",0.552,0.045,0.0,0.989,38.149,0.019,88.0
l12,2026-08-24 16:33:05 UTC,2026-08-24 20:17:26 UTC,,,,,,,,0.628,0.038,1.0,0.942,34.418,-0.049,52.0,0.899,0.214,1.0,0.929,15.98,0.05,14.0,20727,,,,,,,,0.449,0.033,1.0,1.0,47.361,-0.011,30.0,"Coussaud, Ugo",0.77,0.08,0.0,0.96,32.911,0.143,25.0
l12,2026-08-24 16:33:05 UTC,2026-08-24 20:17:26 UTC,0.781,0.055,0.0,0.921,24.479,-0.03,127.0,0.608,0.065,0.0,0.892,34.96,-0.05,185.0,0.844,0.082,0.0,0.939,18.38,0.022,49.0,14140,0.393,0.049,0.0,0.951,57.787,0.031,41.0,0.403,0.032,0.0,0.968,45.041,0.012,94.0,"Higgs, Harry",0.52,0.044,0.0,0.971,40.184,0.006,68.0
l12,2026-08-24 16:33:05 UTC,2026-08-24 20:17:26 UTC,0.718,0.044,0.0,0.93,22.853,-0.055,272.0,0.637,0.053,0.0,0.912,34.02,-0.05,434.0,0.862,0.051,0.0,0.975,14.033,0.02,79.0,17488,0.372,0.05,0.0,0.934,55.838,0.01,121.0,0.433,0.059,0.0,0.977,44.988,0.024,219.0,"Im, Sungjae",0.533,0.072,0.0,0.964,38.431,0.004,138.0
l12,2026-08-24 16:33:05 UTC,2026-08-24 20:17:26 UTC,0.819,0.058,0.0,0.947,22.013,-0.004,190.0,0.598,0.05,0.0,0.922,32.237,-0.052,219.0,0.853,0.125,0.0,0.906,17.842,0.01,64.0,11357,0.406,0.073,0.0,0.927,53.668,0.025,137.0,0.378,0.048,0.0,0.921,50.363,-0.036,126.0,"Uihlein, Peter",0.548,0.078,0.0,0.939,36.057,0.029,179.0
l12,2026-08-24 16:33:05 UTC,2026-08-24 20:17:26 UTC,0.792,0.064,0.0,0.909,23.695,-0.014,110.0,0.671,0.047,0.0,0.906,35.939,-0.053,149.0,0.727,0.05,0.0,0.85,25.671,-0.15,40.0,7960,0.377,0.02,0.0,0.898,70.241,-0.01,49.0,0.449,0.06,0.0,0.952,43.624,0.007,84.0,"List, Luke",0.561,0.098,0.0,0.967,40.417,0.034,61.0
l12,2026-08-24 16:33:05 UTC,2026-08-24 20:17:26 UTC,0.792,0.07,0.0,0.899,21.719,-0.017,199.0,0.674,0.037,0.0,0.932,33.74,-0.053,295.0,0.878,0.094,0.0,0.938,16.839,0.02,64.0,9771,0.461,0.048,0.0,0.942,60.944,0.009,104.0,0.39,0.033,0.0,0.927,55.247,-0.075,150.0,"Day, Jason",0.635,0.088,0.0,0.941,34.645,0.061,102.0
l12,2026-08-24 16:33:05 UTC,2026-08-24 20:17:26 UTC,0.732,0.032,0.0,0.91,24.278,-0.059,156.0,0.647,0.038,0.0,0.919,33.246,-0.053,209.0,0.855,0.085,0.0,0.957,15.481,0.056,47.0,21995,0.392,0.096,0.0,0.932,56.981,0.019,73.0,0.474,0.023,0.0,0.92,49.565,-0.034,88.0,"Springer, Hayden",0.443,0.11,0.0,0.951,39.892,0.004,82.0
l12,2026-08-24 16:33:05 UTC,2026-08-24 20:17:26 UTC,0.775,0.117,0.0,0.941,23.434,0.004,222.0,0.647,0.044,0.0,0.929,34.445,-0.054,225.0,0.809,0.044,0.0,0.867,20.672,-0.04,45.0,12669,0.239,0.038,0.0,0.887,62.713,-0.081,53.0,0.486,0.058,0.0,0.942,43.548,0.048,138.0,"Lahiri, Anirban",0.537,0.108,0.0,0.922,37.285,0.015,102.0
l12,2026-08-24 16:33:05 UTC,2026-08-24 20:17:26 UTC,0.763,0.063,0.0,0.899,24.043,-0.041,158.0,0.642,0.038,0.0,0.927,31.612,-0.054,234.0,0.79,0.119,0.0,0.881,19.793,-0.026,59.0,22465,0.368,0.035,0.0,0.977,60.089,-0.004,86.0,0.466,0.035,0.0,0.957,43.137,0.013,115.0,"Penge, Marco",0.646,0.105,0.0,0.947,33.838,0.065,114.0
l12,2026-08-24 16:33:05 UTC,2026-08-24 20:17:26 UTC,0.782,0.043,0.0,0.914,23.554,-0.008,70.0,0.574,0.088,0.0,0.926,31.266,-0.058,68.0,0.788,0.067,0.0,0.933,16.667,-0.046,15.0,27996,0.246,0.0,1.0,0.913,76.499,-0.068,23.0,0.45,0.034,1.0,0.828,48.304,-0.126,29.0,"Cummins, Quade",0.491,0.125,0.0,0.938,29.895,0.053,32.0
l12,2026-08-24 16:33:05 UTC,2026-08-24 20:17:26 UTC,0.805,0.035,0.0,0.926,24.222,-0.044,231.0,0.606,0.045,0.0,0.907,34.312,-0.058,247.0,0.763,0.018,0.0,0.86,22.618,-0.123,57.0,30463,0.347,0.058,0.0,0.953,63.371,-0.033,86.0,0.454,0.054,0.0,0.953,46.411,0.028,148.0,"Surratt, Caleb",0.55,0.083,0.0,0.917,41.308,0.008,121.0
l12,2026-08-24 16:33:05 UTC,2026-08-24 20:17:26 UTC,0.811,0.06,0.0,0.94,25.418,-0.066,67.0,0.645,0.062,1.0,0.831,34.044,-0.059,65.0,0.796,0.043,0.0,0.957,18.076,-0.013,23.0,28077,0.215,0.056,0.0,0.944,86.52,-0.042,36.0,0.42,0.089,0.0,0.978,40.068,0.024,45.0,"Collet, Tyler",0.406,0.053,0.0,0.842,41.868,-0.055,19.0
l12,2026-08-24 16:33:05 UTC,2026-08-24 20:17:26 UTC,0.762,0.075,0.0,0.892,19.809,0.043,120.0,0.601,0.065,0.0,0.935,33.174,-0.06,169.0,0.901,0.077,0.0,0.949,15.26,0.032,39.0,11049,0.363,0.042,0.0,0.944,66.233,0.011,72.0,0.486,0.071,0.0,0.957,41.822,0.041,70.0,"Simpson, Webb",0.505,0.06,0.0,0.925,39.239,-0.005,67.0
l12,2026-08-24 16:33:05 UTC,2026-08-24 20:17:26 UTC,0.749,0.072,0.0,0.901,23.236,-0.036,181.0,0.648,0.046,0.0,0.895,34.716,-0.061,238.0,0.839,0.111,0.0,0.926,20.397,-0.02,54.0,14373,0.348,0.017,0.0,0.983,54.966,-0.003,60.0,0.379,0.032,0.0,0.913,54.9,-0.073,126.0,"Campbell, Ben",0.634,0.045,0.0,1.0,34.066,0.052,66.0
l12,2026-08-24 16:33:05 UTC,2026-08-24 20:17:26 UTC,0.779,0.057,0.0,0.929,23.73,-0.038,211.0,0.625,0.032,0.0,0.939,34.165,-0.062,309.0,0.796,0.024,0.0,0.951,19.426,-0.098,41.0,20954,0.257,0.024,0.0,0.929,71.494,-0.081,84.0,0.478,0.035,0.0,0.95,44.971,0.013,141.0,"Hirata, Kensei",0.469,0.016,0.0,0.968,36.865,0.005,63.0
l12,2026-08-24 16:33:05 UTC,2026-08-24 20:17:26 UTC,0.708,0.123,0.0,0.86,25.656,-0.04,57.0,0.603,0.037,0.0,0.925,32.553,-0.064,80.0,0.789,0.1,0.0,0.9,22.97,-0.036,20.0,21412,0.392,0.07,0.0,0.93,56.248,-0.022,43.0,,,,,,,,"Capan III, Frankie",0.5,0.04,0.0,0.96,38.006,-0.039,50.0
l12,2026-08-24 16:33:05 UTC,2026-08-24 20:17:26 UTC,0.728,0.111,1.0,0.911,23.091,0.031,45.0,0.621,0.036,1.0,0.891,32.123,-0.065,55.0,0.613,0.0,1.0,0.714,30.093,-0.235,14.0,7899,,,,,,,,0.435,0.103,1.0,0.931,46.008,-0.077,29.0,"Piercy, Scott",0.67,0.2,0.0,0.95,34.998,0.123,20.0
l12,2026-08-24 16:33:05 UTC,2026-08-24 20:17:26 UTC,0.777,0.055,0.0,0.926,23.296,-0.027,311.0,0.613,0.042,0.0,0.914,36.481,-0.066,385.0,0.908,0.152,0.0,0.975,16.191,0.046,79.0,19729,0.266,0.025,0.0,0.966,59.98,-0.022,118.0,0.4,0.04,0.0,0.944,51.104,-0.04,177.0,"Kanaya, Takumi",0.59,0.05,0.0,0.97,35.64,0.037,100.0
l12,2026-08-24 16:33:05 UTC,2026-08-24 20:17:26 UTC,0.887,0.074,1.0,0.944,22.594,0.031,54.0,0.688,0.033,1.0,0.917,35.076,-0.069,60.0,0.917,0.105,0.0,0.947,16.183,0.027,19.0,23502,0.306,0.045,1.0,0.955,68.386,-0.054,22.0,,,,,,,,"Thornberry, Braden",0.624,0.03,0.0,0.909,41.834,-0.014,33.0
l12,2026-08-24 16:33:05 UTC,2026-08-24 20:17:26 UTC,0.789,0.077,0.0,0.949,21.916,0.015,274.0,0.599,0.053,0.0,0.888,33.269,-0.069,358.0,0.782,0.122,0.0,0.89,17.54,0.015,82.0,27164,0.29,0.028,0.0,0.972,58.374,-0.038,106.0,0.406,0.037,0.0,0.951,48.949,-0.056,164.0,"Phillips, Chandler",0.511,0.071,0.0,0.913,42.265,-0.011,127.0
l12,2026-08-24 16:33:05 UTC,2026-08-24 20:17:26 UTC,0.746,0.047,0.0,0.949,26.051,-0.052,215.0,0.631,0.039,0.0,0.895,34.88,-0.073,332.0,0.918,0.139,0.0,0.944,14.462,0.102,72.0,25908,0.322,0.016,0.0,0.961,68.016,-0.038,129.0,0.351,0.021,0.0,0.931,54.241,-0.096,145.0,"Whaley, Vince",0.609,0.038,0.0,0.955,34.716,0.05,157.0
l12,2026-08-24 16:33:05 UTC,2026-08-24 20:17:26 UTC,0.795,0.084,0.0,0.926,22.865,-0.004,190.0,0.607,0.046,0.0,0.905,34.969,-0.074,305.0,0.786,0.046,0.0,0.938,18.726,-0.02,65.0,17550,0.353,0.077,0.0,0.949,62.692,0.019,117.0,0.449,0.048,0.0,0.929,50.323,-0.031,126.0,"Van Rooyen, Erik",0.609,0.034,0.0,0.983,38.123,0.025,116.0
l12,2026-08-24 16:33:05 UTC,2026-08-24 20:17:26 UTC,0.718,0.057,0.0,0.898,23.875,-0.038,88.0,0.634,0.041,0.0,0.918,36.976,-0.076,146.0,0.919,0.172,0.0,0.966,12.537,0.145,29.0,12920,0.257,0.017,0.0,0.983,58.422,-0.049,60.0,0.413,0.048,0.0,0.976,47.296,0.02,83.0,"Willett, Danny",0.596,0.105,0.0,0.974,35.968,0.031,38.0
l12,2026-08-24 16:33:05 UTC,2026-08-24 20:17:26 UTC,0.814,0.069,0.0,0.941,23.504,0.035,101.0,0.637,0.018,0.0,0.856,36.573,-0.083,111.0,0.931,0.094,0.0,0.969,15.08,0.069,32.0,6931,0.452,0.0,0.0,0.946,57.938,0.044,37.0,0.406,0.069,0.0,0.944,54.513,-0.065,72.0,"Byrd, Jonathan",0.607,0.111,0.0,0.926,38.718,0.035,27.0
l12,2026-08-24 16:33:05 UTC,2026-08-24 20:17:26 UTC,0.805,0.117,0.0,0.922,21.191,0.061,77.0,0.623,0.037,0.0,0.888,35.401,-0.083,107.0,0.924,0.033,0.0,1.0,15.434,0.046,30.0,6986,0.318,0.05,1.0,1.0,50.402,-0.013,20.0,0.52,0.041,0.0,0.98,49.781,0.04,49.0,"Johnson, Zach",,,,,,,
l12,2026-08-24 16:33:05 UTC,2026-08-24 20:17:26 UTC,0.842,0.073,1.0,0.878,25.711,-0.043,41.0,0.653,0.0,1.0,0.94,33.515,-0.088,50.0,,,,,,,,16433,,,,,,,,,,,,,,,"NeSmith, Matt",0.476,0.05,0.0,0.95,43.751,-0.051,20.0
l12,2026-08-24 16:33:05 UTC,2026-08-24 20:17:26 UTC,,,,,,,,0.555,0.019,1.0,0.907,33.367,-0.088,54.0,0.893,0.167,1.0,0.917,14.474,0.111,12.0,28016,0.327,0.0,0.0,0.929,67.828,-0.121,28.0,,,,,,,,"Gonzalez, Emilio",0.504,0.059,0.0,0.941,38.04,0.003,17.0
l12,2026-08-24 16:33:05 UTC,2026-08-24 20:17:26 UTC,0.794,0.03,0.0,0.879,25.397,-0.064,132.0,0.594,0.052,0.0,0.871,36.606,-0.089,155.0,0.896,0.043,0.0,0.978,16.667,-0.016,46.0,22087,0.275,0.072,0.0,0.928,69.675,-0.061,69.0,0.455,0.051,0.0,0.962,46.597,-0.022,79.0,"Paul, Jeremy",0.659,0.119,0.0,0.966,33.976,0.086,59.0
l12,2026-08-24 16:33:05 UTC,2026-08-24 20:17:26 UTC,0.748,0.095,0.0,0.896,22.733,-0.009,201.0,0.563,0.035,0.0,0.886,35.125,-0.093,229.0,0.733,0.069,0.0,0.914,18.006,-0.039,58.0,20780,0.21,0.022,0.0,0.889,73.866,-0.114,90.0,0.299,0.023,0.0,0.895,60.666,-0.156,133.0,"Kim, Minkyu",0.484,0.064,0.0,0.947,40.923,-0.026,94.0
l12,2026-08-24 16:33:05 UTC,2026-08-24 20:17:26 UTC,0.85,0.045,0.0,0.939,22.547,-0.031,66.0,0.635,0.033,0.0,0.88,37.289,-0.094,92.0,0.852,0.0,0.0,0.958,19.581,-0.047,24.0,18579,0.452,0.138,0.0,0.966,71.375,0.044,29.0,0.336,0.0,0.0,0.981,50.25,-0.067,52.0,"Cook, Austin",0.567,0.0,0.0,0.962,42.133,0.026,26.0
l12,2026-08-24 16:33:05 UTC,2026-08-24 20:17:26 UTC,,,,,,,,0.445,0.04,1.0,0.94,34.981,-0.096,50.0,,,,,,,,12477,,,,,,,,0.482,0.062,1.0,0.969,43.062,0.02,32.0,"McGirt, William",,,,,,,
l12,2026-08-24 16:33:05 UTC,2026-08-24 20:17:26 UTC,,,,,,,,0.561,0.083,1.0,0.833,34.739,-0.1,48.0,,,,,,,,16162,0.151,0.048,1.0,0.952,84.914,-0.151,21.0,,,,,,,,"Lee, S.T.",0.589,0.0,0.0,1.0,26.618,0.11,15.0
l12,2026-08-24 16:33:05 UTC,2026-08-24 20:17:26 UTC,0.775,0.066,0.0,0.91,26.074,-0.063,212.0,0.605,0.034,0.0,0.869,36.047,-0.102,236.0,0.84,0.059,0.0,0.941,19.499,-0.042,34.0,19866,0.306,0.045,0.0,0.876,64.824,-0.068,89.0,0.439,0.031,0.0,0.914,50.512,-0.048,128.0,"Horsfield, Sam",0.498,0.01,0.0,0.911,42.524,-0.108,101.0
l12,2026-08-24 16:33:05 UTC,2026-08-24 20:17:26 UTC,0.832,0.102,1.0,0.959,20.068,0.029,49.0,0.537,0.031,1.0,0.906,38.499,-0.104,64.0,0.735,0.111,0.0,0.889,25.938,-0.173,18.0,14852,0.356,0.038,0.0,1.0,63.74,0.014,26.0,0.416,0.023,0.0,0.955,45.149,-0.015,44.0,"Streb, Robert",0.472,0.048,0.0,0.857,48.83,-0.067,21.0
l12,2026-08-24 16:33:05 UTC,2026-08-24 20:17:26 UTC,0.715,0.027,0.0,0.893,25.343,-0.096,75.0,0.634,0.024,0.0,0.881,36.292,-0.112,84.0,0.896,0.04,0.0,0.92,18.657,-0.043,25.0,9586,0.283,0.0,0.0,1.0,59.549,-0.031,28.0,0.472,0.056,1.0,1.0,42.096,0.021,36.0,"Laird, Martin",0.635,0.059,0.0,1.0,33.733,0.049,34.0
l12,2026-08-24 16:33:05 UTC,2026-08-24 20:17:26 UTC,0.651,0.054,0.0,0.838,29.156,-0.119,204.0,0.553,0.04,0.0,0.862,38.433,-0.115,253.0,0.878,0.081,0.0,0.919,15.944,0.012,37.0,15274,0.325,0.062,0.0,0.969,61.381,0.038,96.0,0.429,0.039,0.0,0.969,47.513,-0.022,127.0,"Tabuena, Miguel",0.56,0.105,0.0,0.942,35.763,0.012,86.0
l12,2026-08-24 16:33:05 UTC,2026-08-24 20:17:26 UTC,,,,,,,,0.598,0.017,1.0,0.897,39.102,-0.115,58.0,0.915,0.071,1.0,0.929,20.374,-0.081,14.0,28268,0.249,0.0,1.0,0.917,71.998,-0.113,24.0,0.487,0.034,1.0,0.966,55.793,-0.025,29.0,"Kaneko, Kota",0.504,0.071,1.0,1.0,33.877,0.046,14.0
l12,2026-08-24 16:33:05 UTC,2026-08-24 20:17:26 UTC,0.714,0.057,0.0,0.886,24.485,-0.049,158.0,0.563,0.057,0.0,0.856,39.96,-0.124,229.0,0.782,0.0,0.0,0.926,21.56,-0.11,54.0,23048,0.367,0.027,0.0,0.973,65.939,-0.037,75.0,0.43,0.05,0.0,0.911,47.339,-0.088,101.0,"Stanger, Jimmy",0.647,0.076,0.0,0.957,34.188,0.072,92.0
l12,2026-08-24 16:33:05 UTC,2026-08-24 20:17:26 UTC,0.747,0.034,0.0,0.921,23.575,-0.029,177.0,0.561,0.037,0.0,0.853,38.324,-0.128,218.0,0.901,0.087,0.0,0.957,17.751,0.047,46.0,17032,0.317,0.049,0.0,0.913,62.569,-0.059,103.0,0.394,0.059,0.0,0.933,49.316,-0.039,119.0,"Tosti, Alejandro",0.564,0.069,0.0,0.931,33.985,0.054,87.0
l12,2026-08-24 16:33:05 UTC,2026-08-24 20:17:26 UTC,0.818,0.092,0.0,0.954,21.814,0.01,65.0,0.606,0.014,0.0,0.857,37.857,-0.132,70.0,0.918,0.0,1.0,0.929,18.397,-0.042,14.0,7532,,,,,,,,0.238,0.0,1.0,0.964,54.213,-0.122,28.0,"Ormsby, Wade",0.696,0.053,0.0,1.0,21.73,0.112,19.0
l12,2026-08-24 16:33:05 UTC,2026-08-24 20:17:26 UTC,0.751,0.042,0.0,0.903,26.962,-0.077,165.0,0.601,0.053,0.0,0.837,41.194,-0.142,208.0,0.8,0.106,0.0,0.955,17.318,0.025,66.0,30814,0.239,0.032,0.0,0.984,78.995,-0.102,63.0,0.358,0.017,0.0,0.95,54.026,-0.085,119.0,"Sargent, Gordon",0.489,0.05,0.0,0.925,47.279,-0.05,120.0
l12,2026-08-24 16:33:05 UTC,2026-08-24 20:17:26 UTC,0.687,0.05,0.0,0.878,26.155,-0.085,139.0,0.504,0.055,0.0,0.869,39.422,-0.157,183.0,0.78,0.042,0.0,0.889,25.557,-0.148,72.0,24343,0.36,0.074,0.0,0.947,64.754,-0.006,94.0,0.374,0.022,0.0,0.87,61.452,-0.131,92.0,"Lamprecht, Christo",0.504,0.057,0.0,0.906,43.03,-0.024,106.0
l12,2026-08-24 16:33:05 UTC,2026-08-24 20:17:26 UTC,0.801,0.063,0.0,0.952,21.629,-0.012,63.0,0.407,0.011,0.0,0.77,42.928,-0.197,87.0,0.745,0.12,0.0,0.8,17.102,-0.103,25.0,12425,0.283,0.034,0.0,0.966,78.158,-0.028,29.0,0.214,0.0,0.0,0.881,60.044,-0.206,42.0,"Todd, Brendon",0.473,0.038,0.0,0.846,45.622,-0.078,26.0
l12,2026-08-24 16:33:05 UTC,2026-08-24 20:17:26 UTC,0.703,0.049,0.0,0.914,22.773,-0.03,81.0,0.418,0.044,0.0,0.789,50.441,-0.268,90.0,0.858,0.062,0.0,0.938,15.56,0.009,16.0,7820,0.26,0.04,1.0,0.92,70.094,-0.106,25.0,0.414,0.0,1.0,0.861,54.515,-0.129,36.0,"Palmer, Ryan",0.68,0.111,0.0,1.0,31.597,0.102,36.0
l12,2026-08-24 16:33:05 UTC,2026-08-24 20:17:26 UTC,,,,,,,,,,,,,,,0.614,0.182,1.0,0.727,13.795,-0.301,11.0,44,,,,,,,,,,,,,,,"Couples, Fred",,,,,,,
l12,2026-08-24 16:33:05 UTC,2026-08-24 20:17:26 UTC,,,,,,,,,,,,,,,0.875,0.0,1.0,0.909,11.155,0.024,11.0,4163,,,,,,,,,,,,,,,"Donald, Luke",0.495,0.333,1.0,1.0,41.724,0.182,12.0
l12,2026-08-24 16:33:05 UTC,2026-08-24 20:17:26 UTC,,,,,,,,,,,,,,,,,,,,,,5665,,,,,,,,,,,,,,,"Cink, Stewart",0.379,0.0,1.0,1.0,54.194,-0.12,11.0
l12,2026-08-24 16:33:05 UTC,2026-08-24 20:17:26 UTC,,,,,,,,,,,,,,,,,,,,,,7293,,,,,,,,,,,,,,,"Walker, Jimmy",0.505,0.083,1.0,0.917,32.727,-0.037,12.0
l12,2026-08-24 16:33:05 UTC,2026-08-24 20:17:26 UTC,,,,,,,,,,,,,,,,,,,,,,7326,,,,,,,,,,,,,,,"Vermeer, Ryan",0.494,0.154,1.0,0.923,35.695,0.037,13.0
l12,2026-08-24 16:33:05 UTC,2026-08-24 20:17:26 UTC,,,,,,,,,,,,,,,,,,,,,,7677,0.423,0.0,1.0,1.0,64.061,0.018,19.0,,,,,,,,"Norris, Shaun",,,,,,,
l12,2026-08-24 16:33:05 UTC,2026-08-24 20:17:26 UTC,,,,,,,,,,,,,,,,,,,,,,7955,,,,,,,,,,,,,,,"Watney, Nick",0.427,0.0,1.0,0.909,43.112,-0.114,11.0
l12,2026-08-24 16:33:05 UTC,2026-08-24 20:17:26 UTC,,,,,,,,,,,,,,,0.896,0.077,1.0,0.923,14.677,0.096,13.0,9531,,,,,,,,,,,,,,,"Wiesberger, Bernd",,,,,,,
l12,2026-08-24 16:33:05 UTC,2026-08-24 20:17:26 UTC,,,,,,,,,,,,,,,,,,,,,,10418,,,,,,,,,,,,,,,"Lemke, Niklas",0.57,0.0,1.0,0.929,34.952,-0.008,14.0
l12,2026-08-24 16:33:05 UTC,2026-08-24 20:17:26 UTC,,,,,,,,,,,,,,,,,,,,,,11082,,,,,,,,,,,,,,,"Burgoon, Bronson",0.58,0.042,0.0,0.958,42.377,-0.046,24.0
l12,2026-08-24 16:33:05 UTC,2026-08-24 20:17:26 UTC,,,,,,,,,,,,,,,0.916,0.1,0.0,1.0,12.748,0.092,20.0,11955,0.05,0.0,1.0,1.0,62.514,-0.141,20.0,,,,,,,,"Frittelli, Dylan",0.415,0.0,1.0,0.75,39.82,-0.055,12.0
l12,2026-08-24 16:33:05 UTC,2026-08-24 20:17:26 UTC,,,,,,,,,,,,,,,,,,,,,,12258,,,,,,,,,,,,,,,"Garcia Rodriguez, Sebastian",0.615,0.154,1.0,0.923,31.2,0.133,13.0
l12,2026-08-24 16:33:05 UTC,2026-08-24 20:17:26 UTC,,,,,,,,,,,,,,,,,,,,,,12522,,,,,,,,0.466,0.032,1.0,1.0,46.087,0.017,31.0,"Schneider, Marcel",,,,,,,
l12,2026-08-24 16:33:05 UTC,2026-08-24 20:17:26 UTC,,,,,,,,,,,,,,,0.811,0.125,0.0,0.938,17.017,0.043,16.0,13497,0.425,0.0,1.0,0.95,68.605,-0.022,20.0,,,,,,,,"Lee, K.H.",0.572,0.091,1.0,1.0,41.888,0.035,11.0
l12,2026-08-24 16:33:05 UTC,2026-08-24 20:17:26 UTC,,,,,,,,,,,,,,,0.882,0.083,1.0,1.0,15.369,0.057,12.0,14016,,,,,,,,,,,,,,,"Campillo, Jorge",,,,,,,
l12,2026-08-24 16:33:05 UTC,2026-08-24 20:17:26 UTC,,,,,,,,,,,,,,,0.88,0.0,1.0,1.0,23.244,-0.107,11.0,14018,,,,,,,,,,,,,,,"Dantorp, Jens",,,,,,,
l12,2026-08-24 16:33:05 UTC,2026-08-24 20:17:26 UTC,,,,,,,,,,,,,,,0.797,0.091,1.0,0.818,18.628,-0.053,11.0,14967,,,,,,,,,,,,,,,"Hadley, Chesson",,,,,,,
l12,2026-08-24 16:33:05 UTC,2026-08-24 20:17:26 UTC,,,,,,,,,,,,,,,0.966,0.091,1.0,1.0,20.591,-0.034,11.0,15592,,,,,,,,0.469,0.111,1.0,0.972,42.617,0.081,36.0,"Girrbach, Joel",,,,,,,
l12,2026-08-24 16:33:05 UTC,2026-08-24 20:17:26 UTC,,,,,,,,,,,,,,,0.706,0.077,1.0,0.692,24.991,-0.059,13.0,16382,,,,,,,,,,,,,,,"Knous, Jim",,,,,,,
l12,2026-08-24 16:33:05 UTC,2026-08-24 20:17:26 UTC,,,,,,,,,,,,,,,,,,,,,,16549,,,,,,,,,,,,,,,"Paratore, Renato",0.746,0.077,1.0,1.0,20.806,0.217,13.0
l12,2026-08-24 16:33:05 UTC,2026-08-24 20:17:26 UTC,,,,,,,,,,,,,,,0.878,0.0,1.0,0.923,26.47,-0.15,13.0,16652,,,,,,,,0.447,0.031,1.0,0.969,43.507,-0.004,32.0,"Langasque, Romain",,,,,,,
l12,2026-08-24 16:33:05 UTC,2026-08-24 20:17:26 UTC,,,,,,,,,,,,,,,0.695,0.0,1.0,0.909,24.362,-0.154,11.0,16713,,,,,,,,,,,,,,,"Lindheim, Nicholas",,,,,,,
l12,2026-08-24 16:33:05 UTC,2026-08-24 20:17:26 UTC,,,,,,,,,,,,,,,,,,,,,,17068,,,,,,,,,,,,,,,"Daffue, MJ",0.652,0.0,1.0,0.909,36.383,0.025,11.0
l12,2026-08-24 16:33:05 UTC,2026-08-24 20:17:26 UTC,,,,,,,,,,,,,,,,,,,,,,17169,,,,,,,,,,,,,,,"Ruffels, Ryan",0.566,0.0,1.0,0.929,43.869,-0.037,14.0
l12,2026-08-24 16:33:05 UTC,2026-08-24 20:17:26 UTC,,,,,,,,,,,,,,,,,,,,,,17422,,,,,,,,,,,,,,,"Del Solar, Cristobal",0.636,0.158,0.0,0.895,35.633,0.054,19.0
l12,2026-08-24 16:33:05 UTC,2026-08-24 20:17:26 UTC,,,,,,,,,,,,,,,,,,,,,,17872,,,,,,,,,,,,,,,"Ham, Jeong Woo",0.563,0.067,0.0,1.0,33.783,0.099,15.0
l12,2026-08-24 16:33:05 UTC,2026-08-24 20:17:26 UTC,,,,,,,,,,,,,,,,,,,,,,18524,,,,,,,,,,,,,,,"Catlin, John",0.793,0.125,0.0,0.938,38.966,0.09,16.0
l12,2026-08-24 16:33:05 UTC,2026-08-24 20:17:26 UTC,,,,,,,,,,,,,,,0.898,0.077,1.0,0.923,19.169,0.025,13.0,18662,,,,,,,,,,,,,,,"Schniederjans, Ollie",0.449,0.062,0.0,0.844,49.48,-0.175,32.0
l12,2026-08-24 16:33:05 UTC,2026-08-24 20:17:26 UTC,,,,,,,,,,,,,,,,,,,,,,19390,,,,,,,,,,,,,,,"John, Cameron",0.506,0.0,1.0,1.0,42.379,-0.007,13.0
l12,2026-08-24 16:33:05 UTC,2026-08-24 20:17:26 UTC,0.716,0.125,1.0,0.9,23.184,-0.015,40.0,,,,,,,,,,,,,,,19899,,,,,,,,,,,,,,,"Rottluff, Max",0.552,0.08,0.0,0.88,42.615,-0.056,25.0
l12,2026-08-24 16:33:05 UTC,2026-08-24 20:17:26 UTC,,,,,,,,,,,,,,,,,,,,,,20084,,,,,,,,,,,,,,,"Lindberg, Mikael",0.419,0.0,1.0,0.846,40.697,-0.046,13.0
l12,2026-08-24 16:33:05 UTC,2026-08-24 20:17:26 UTC,,,,,,,,,,,,,,,,,,,,,,20190,,,,,,,,,,,,,,,"Helligkilde, Marcus",0.609,0.083,1.0,1.0,26.128,0.174,12.0
l12,2026-08-24 16:33:05 UTC,2026-08-24 20:17:26 UTC,,,,,,,,,,,,,,,,,,,,,,21362,,,,,,,,,,,,,,,"Hillier, Daniel",0.55,0.133,0.0,1.0,29.335,0.119,15.0
l12,2026-08-24 16:33:05 UTC,2026-08-24 20:17:26 UTC,,,,,,,,,,,,,,,0.804,0.091,1.0,0.909,22.099,-0.077,11.0,23540,,,,,,,,,,,,,,,"Andersen, Mason",0.396,0.0,0.0,0.824,40.964,-0.17,17.0
l12,2026-08-24 16:33:05 UTC,2026-08-24 20:17:26 UTC,,,,,,,,,,,,,,,,,,,,,,23549,,,,,,,,0.336,0.032,1.0,0.903,50.091,-0.106,31.0,"Celli, Filippo",,,,,,,
l12,2026-08-24 16:33:05 UTC,2026-08-24 20:17:26 UTC,,,,,,,,,,,,,,,,,,,,,,24354,,,,,,,,,,,,,,,"Xiong, Norman",0.537,0.077,1.0,0.923,38.712,0.052,13.0
l12,2026-08-24 16:33:05 UTC,2026-08-24 20:17:26 UTC,,,,,,,,,,,,,,,0.967,0.091,1.0,1.0,17.043,0.005,11.0,25611,,,,,,,,0.535,0.029,1.0,1.0,42.359,0.099,34.0,"Olesen, Jacob Skov",0.774,0.167,1.0,0.917,33.319,0.103,12.0
l12,2026-08-24 16:33:05 UTC,2026-08-24 20:17:26 UTC,,,,,,,,,,,,,,,0.834,0.0,0.0,0.867,21.136,-0.065,15.0,26213,,,,,,,,0.298,0.034,1.0,1.0,45.722,-0.017,29.0,"Ko, Jeong Weon",0.669,0.118,0.0,1.0,34.895,0.152,17.0
l12,2026-08-24 16:33:05 UTC,2026-08-24 20:17:26 UTC,,,,,,,,,,,,,,,,,,,,,,26597,,,,,,,,,,,,,,,"Huskey, Keenan",0.596,0.0,0.0,0.882,44.916,-0.024,17.0
l12,2026-08-24 16:33:05 UTC,2026-08-24 20:17:26 UTC,,,,,,,,,,,,,,,,,,,,,,26617,,,,,,,,,,,,,,,"Anderson, Matthew",0.61,0.0,0.0,0.933,38.084,0.048,15.0
l12,2026-08-24 16:33:05 UTC,2026-08-24 20:17:26 UTC,,,,,,,,,,,,,,,,,,,,,,26656,,,,,,,,,,,,,,,"Feagles, Michael",0.536,0.091,1.0,1.0,37.505,0.097,11.0
l12,2026-08-24 16:33:05 UTC,2026-08-24 20:17:26 UTC,,,,,,,,,,,,,,,,,,,,,,26710,,,,,,,,,,,,,,,"Hruby, Petr",0.423,0.0,1.0,0.917,45.406,-0.102,12.0
l12,2026-08-24 16:33:05 UTC,2026-08-24 20:17:26 UTC,,,,,,,,,,,,,,,,,,,,,,26745,0.201,0.0,1.0,0.955,58.707,-0.1,22.0,,,,,,,,"Chacarra, Eugenio",0.732,0.133,0.0,0.933,33.749,0.145,15.0
l12,2026-08-24 16:33:05 UTC,2026-08-24 20:17:26 UTC,,,,,,,,,,,,,,,0.989,0.071,1.0,1.0,12.265,0.124,14.0,26991,,,,,,,,,,,,,,,"Schaper, Jayden",0.547,0.071,1.0,1.0,42.388,0.007,14.0
l12,2026-08-24 16:33:05 UTC,2026-08-24 20:17:26 UTC,,,,,,,,,,,,,,,,,,,,,,27420,,,,,,,,,,,,,,,"Dickson, Taylor",0.501,0.0,1.0,0.923,42.138,-0.124,13.0
l12,2026-08-24 16:33:05 UTC,2026-08-24 20:17:26 UTC,,,,,,,,,,,,,,,,,,,,,,27598,,,,,,,,,,,,,,,"Nicholas, James",0.583,0.0,1.0,1.0,27.68,0.045,13.0
l12,2026-08-24 16:33:05 UTC,2026-08-24 20:17:26 UTC,,,,,,,,,,,,,,,,,,,,,,28615,,,,,,,,,,,,,,,"Bairstow, Sam",0.562,0.0,1.0,0.917,48.329,-0.049,12.0
l12,2026-08-24 16:33:05 UTC,2026-08-24 20:17:26 UTC,,,,,,,,,,,,,,,0.869,0.182,1.0,1.0,12.058,0.189,11.0,29702,,,,,,,,,,,,,,,"Sihota, Jeevan",,,,,,,
l12,2026-08-24 16:33:05 UTC,2026-08-24 20:17:26 UTC,,,,,,,,,,,,,,,,,,,,,,29915,,,,,,,,,,,,,,,"Petronzio, Nathan",0.316,0.0,1.0,0.917,46.98,-0.167,12.0
l12,2026-08-24 16:33:05 UTC,2026-08-24 20:17:26 UTC,,,,,,,,,,,,,,,,,,,,,,30445,,,,,,,,,,,,,,,"Ayora, Angel",0.555,0.0,0.0,0.933,49.892,0.005,15.0
l12,2026-08-24 16:33:05 UTC,2026-08-24 20:17:26 UTC,0.751,0.024,1.0,0.829,29.742,-0.118,41.0,,,,,,,,0.75,0.067,0.0,0.867,20.764,-0.071,15.0,30892,,,,,,,,,,,,,,,"Riedel, Matthew",0.666,0.136,0.0,0.909,45.998,0.011,22.0
l12,2026-08-24 16:33:05 UTC,2026-08-24 20:17:26 UTC,,,,,,,,,,,,,,,,,,,,,,31165,,,,,,,,,,,,,,,"Townsend, Hugo",0.455,0.0,1.0,0.917,39.087,-0.033,12.0
l12,2026-08-24 16:33:05 UTC,2026-08-24 20:17:26 UTC,,,,,,,,,,,,,,,,,,,,,,31235,,,,,,,,,,,,,,,"Repetto Taylor, Rocco",0.428,0.059,0.0,0.824,45.806,-0.016,17.0
l12,2026-08-24 16:33:05 UTC,2026-08-24 20:17:26 UTC,,,,,,,,,,,,,,,,,,,,,,31960,,,,,,,,,,,,,,,"Hastings, Justin",0.667,0.071,1.0,1.0,30.02,0.112,14.0
l12,2026-08-24 16:33:05 UTC,2026-08-24 20:17:26 UTC,,,,,,,,,,,,,,,0.83,0.143,1.0,0.857,15.543,-0.025,14.0,32064,,,,,,,,,,,,,,,"Russell, Miles",0.572,0.045,0.0,0.909,46.499,-0.036,22.0
l12,2026-08-24 16:33:05 UTC,2026-08-24 20:17:26 UTC,,,,,,,,,,,,,,,,,,,,,,32259,,,,,,,,,,,,,,,"Matthews, Justin",0.541,0.0,1.0,0.857,47.732,-0.054,14.0
l12,2026-08-24 16:33:05 UTC,2026-08-24 20:17:26 UTC,0.831,0.093,1.0,0.907,22.763,0.023,43.0,,,,,,,,,,,,,,,32550,,,,,,,,,,,,,,,"Bryant, Davis",,,,,,,
l12,2026-08-24 16:33:05 UTC,2026-08-24 20:17:26 UTC,,,,,,,,,,,,,,,,,,,,,,33955,,,,,,,,,,,,,,,"Meeks, Kye",0.674,0.083,1.0,0.833,41.676,0.005,12.0
l12,2026-08-24 16:33:05 UTC,2026-08-24 20:17:26 UTC,,,,,,,,,,,,,,,,,,,,,,33994,,,,,,,,,,,,,,,"Donohue, Muzzy",0.64,0.273,1.0,0.909,28.241,0.21,11.0
l12,2026-08-24 16:33:05 UTC,2026-08-24 20:17:26 UTC,,,,,,,,,,,,,,,0.837,0.0,1.0,0.833,22.276,-0.111,12.0,34025,,,,,,,,,,,,,,,"Fang, Ethan",0.357,0.167,1.0,0.917,28.22,0.046,12.0
l12,2026-08-24 16:33:05 UTC,2026-08-24 20:17:26 UTC,,,,,,,,,,,,,,,,,,,,,,34445,,,,,,,,,,,,,,,"Watts, Tyler",0.53,0.091,1.0,1.0,29.653,0.16,11.0
l12,2026-08-24 16:33:05 UTC,2026-08-24 20:17:26 UTC,,,,,,,,,,,,,,,,,,,,,,35013,0.329,0.1,1.0,0.75,65.206,-0.088,20.0,,,,,,,,"Pulcini, Mateo",0.609,0.118,0.0,1.0,37.331,0.073,17.0
l12,2026-08-24 16:33:05 UTC,2026-08-24 20:17:26 UTC,,,,,,,,,,,,,,,,,,,,,,35015,,,,,,,,,,,,,,,"Herrington, Jackson",0.57,0.062,0.0,0.938,41.658,-0.01,16.0
l24,2026-08-24 16:33:05 UTC,2026-08-24 20:17:26 UTC,0.778,0.081,0.0,0.931,22.148,-0.013,260.0,0.732,0.074,0.0,0.977,28.424,0.059,352.0,0.868,0.086,0.0,0.943,19.109,-0.01,105.0,22736,0.378,0.053,0.0,0.957,58.881,0.018,94.0,0.469,0.036,0.0,0.964,44.799,0.015,193.0,"Rosenmueller, Thomas",0.548,0.032,0.0,0.952,39.787,-0.016,124.0
l24,2026-08-24 16:33:05 UTC,2026-08-24 20:17:26 UTC,0.82,0.097,0.0,0.951,18.496,0.06,486.0,0.734,0.071,0.0,0.962,26.438,0.056,770.0,0.865,0.135,0.0,0.953,16.418,0.053,171.0,18841,0.373,0.059,0.0,0.965,60.445,0.021,255.0,0.481,0.066,0.0,0.961,41.825,0.037,411.0,"Hovland, Viktor",0.585,0.081,0.0,0.934,39.017,0.017,197.0
l24,2026-08-24 16:33:05 UTC,2026-08-24 20:17:26 UTC,0.821,0.071,0.0,0.956,21.158,0.022,364.0,0.741,0.053,0.0,0.956,28.275,0.055,433.0,0.838,0.074,0.0,0.947,18.282,-0.011,94.0,7108,0.41,0.034,0.0,0.992,50.252,0.075,118.0,0.514,0.051,0.0,0.97,44.55,0.07,235.0,"Casey, Paul",0.559,0.045,0.0,0.894,43.42,-0.069,132.0
l24,2026-08-24 16:33:05 UTC,2026-08-24 20:17:26 UTC,0.858,0.087,0.0,0.968,18.863,0.053,657.0,0.745,0.055,0.0,0.967,27.338,0.052,904.0,0.887,0.097,0.0,0.963,15.002,0.086,217.0,18417,0.394,0.07,0.0,0.981,53.441,0.076,258.0,0.501,0.072,0.0,0.968,40.59,0.063,471.0,"Scheffler, Scottie",0.578,0.078,0.0,0.941,37.548,0.044,255.0
l24,2026-08-24 16:33:05 UTC,2026-08-24 20:17:26 UTC,0.771,0.09,0.0,0.93,20.973,0.024,654.0,0.714,0.082,0.0,0.96,27.192,0.05,1031.0,0.864,0.075,0.0,0.925,16.298,0.026,254.0,14609,0.374,0.054,0.0,0.96,63.767,0.003,278.0,0.502,0.095,0.0,0.975,39.338,0.086,570.0,"Kim, Si Woo",0.475,0.071,0.0,0.936,39.156,-0.03,266.0
l24,2026-08-24 16:33:05 UTC,2026-08-24 20:17:26 UTC,0.837,0.095,0.0,0.955,18.576,0.058,599.0,0.719,0.076,0.0,0.96,28.333,0.048,807.0,0.905,0.11,0.0,0.965,14.322,0.085,172.0,22085,0.364,0.034,0.0,0.971,62.463,0.011,205.0,0.469,0.07,0.0,0.974,42.732,0.058,429.0,"Morikawa, Collin",0.582,0.054,0.0,0.94,38.798,0.026,168.0
l24,2026-08-24 16:33:05 UTC,2026-08-24 20:17:26 UTC,0.795,0.068,0.0,0.927,23.091,-0.009,206.0,0.765,0.06,0.0,0.975,29.791,0.047,285.0,0.92,0.13,0.0,0.981,15.943,0.088,54.0,21943,0.339,0.009,0.0,0.937,62.0,-0.047,111.0,0.455,0.044,0.0,0.963,49.169,-0.015,135.0,"Lebioda, Hank",0.552,0.065,0.0,0.924,39.474,0.025,92.0
l24,2026-08-24 16:33:05 UTC,2026-08-24 20:17:26 UTC,0.8,0.039,0.0,0.95,21.94,-0.033,461.0,0.738,0.079,0.0,0.958,29.26,0.046,495.0,0.867,0.082,0.0,0.932,17.317,0.028,147.0,18079,0.438,0.062,0.0,0.956,50.894,0.056,160.0,0.51,0.06,0.0,0.964,41.044,0.06,302.0,"Niemann, Joaquin",0.624,0.101,0.0,0.931,33.903,0.055,217.0
l24,2026-08-24 16:33:05 UTC,2026-08-24 20:17:26 UTC,0.781,0.064,0.0,0.943,21.975,-0.008,420.0,0.707,0.077,0.0,0.95,29.504,0.045,444.0,0.852,0.072,0.0,0.969,17.601,-0.002,97.0,11019,0.316,0.049,0.0,0.951,59.362,-0.01,122.0,0.494,0.052,0.0,0.96,45.597,0.019,250.0,"Steele, Brendan",0.525,0.057,0.0,0.911,40.218,-0.045,158.0
l24,2026-08-24 16:33:05 UTC,2026-08-24 20:17:26 UTC,0.84,0.077,0.0,0.957,20.961,0.028,208.0,0.744,0.07,0.0,0.95,29.498,0.045,300.0,0.871,0.07,0.0,0.958,17.206,-0.008,71.0,19428,0.395,0.058,0.0,0.981,54.793,0.048,103.0,0.429,0.047,0.0,0.947,48.852,0.005,150.0,"Zalatoris, Will",0.641,0.072,0.0,0.948,36.688,0.02,97.0
l24,2026-08-24 16:33:05 UTC,2026-08-24 20:17:26 UTC,0.815,0.092,0.0,0.949,19.907,0.044,688.0,0.711,0.071,0.0,0.967,27.741,0.043,967.0,0.865,0.113,0.0,0.951,14.477,0.087,204.0,13562,0.29,0.044,0.0,0.978,59.109,0.004,364.0,0.499,0.08,0.0,0.969,39.879,0.067,513.0,"Matsuyama, Hideki",0.547,0.077,0.0,0.952,38.112,0.012,312.0
l24,2026-08-24 16:33:05 UTC,2026-08-24 20:17:26 UTC,0.812,0.074,0.0,0.942,20.218,0.03,754.0,0.713,0.078,0.0,0.942,28.443,0.042,999.0,0.878,0.083,0.0,0.961,15.847,0.049,204.0,17536,0.399,0.089,0.0,0.962,63.693,0.045,292.0,0.517,0.064,0.0,0.966,42.168,0.065,469.0,"Spaun, J.J.",0.584,0.068,0.0,0.968,33.459,0.053,278.0
l24,2026-08-24 16:33:05 UTC,2026-08-24 20:17:26 UTC,0.816,0.082,0.0,0.94,20.105,0.042,631.0,0.708,0.058,0.0,0.95,28.797,0.04,833.0,0.83,0.077,0.0,0.943,17.696,-0.0,194.0,21891,0.383,0.059,0.0,0.971,56.7,0.04,307.0,0.485,0.084,0.0,0.959,39.983,0.057,392.0,"Kitayama, Kurt",0.583,0.062,0.0,0.952,36.622,0.027,292.0
l24,2026-08-24 16:33:05 UTC,2026-08-24 20:17:26 UTC,0.825,0.054,0.0,0.957,20.385,0.018,514.0,0.741,0.07,0.0,0.968,28.071,0.039,782.0,0.865,0.109,0.0,0.946,15.977,0.043,147.0,19895,0.369,0.042,0.0,0.943,60.564,-0.0,262.0,0.526,0.062,0.0,0.961,40.421,0.049,385.0,"Schauffele, Xander",0.585,0.059,0.0,0.967,37.681,0.038,270.0
l24,2026-08-24 16:33:05 UTC,2026-08-24 20:17:26 UTC,0.853,0.074,0.0,0.955,19.357,0.047,718.0,0.742,0.061,0.0,0.969,28.09,0.038,963.0,0.834,0.068,0.0,0.942,18.287,-0.009,191.0,17576,0.337,0.052,0.0,0.972,60.411,0.012,250.0,0.506,0.059,0.0,0.977,43.808,0.049,523.0,"Conners, Corey",0.546,0.043,0.0,0.957,39.062,-0.008,230.0
l24,2026-08-24 16:33:05 UTC,2026-08-24 20:17:26 UTC,0.844,0.079,0.0,0.953,19.375,0.046,556.0,0.717,0.074,0.0,0.955,28.303,0.037,748.0,0.853,0.127,0.0,0.95,14.771,0.067,181.0,13900,0.397,0.069,0.0,0.976,59.074,0.038,248.0,0.512,0.073,0.0,0.956,44.476,0.037,386.0,"Lowry, Shane",0.588,0.08,0.0,0.965,35.481,0.043,201.0
l24,2026-08-24 16:33:05 UTC,2026-08-24 20:17:26 UTC,0.842,0.047,0.0,0.956,20.825,0.01,275.0,0.703,0.071,0.0,0.954,29.368,0.037,439.0,0.849,0.067,0.0,0.947,17.477,0.027,75.0,22985,0.408,0.029,0.0,0.99,58.477,0.037,105.0,0.495,0.063,0.0,0.989,40.982,0.07,174.0,"Smotherman, Austin",0.595,0.07,0.0,0.92,36.626,0.049,100.0
l24,2026-08-24 16:33:05 UTC,2026-08-24 20:17:26 UTC,0.843,0.07,0.0,0.934,20.407,0.026,243.0,0.713,0.056,0.0,0.969,27.243,0.037,287.0,0.767,0.041,0.0,0.878,21.291,-0.134,49.0,32319,0.306,0.031,0.0,0.938,76.284,-0.06,64.0,0.498,0.06,0.0,0.98,41.352,0.043,151.0,"Koivun, Jackson",0.458,0.099,0.0,0.972,42.559,-0.006,71.0
l24,2026-08-24 16:33:05 UTC,2026-08-24 20:17:26 UTC,0.846,0.074,0.0,0.957,18.885,0.055,583.0,0.706,0.065,0.0,0.959,28.023,0.036,929.0,0.846,0.106,0.0,0.953,16.003,0.031,170.0,17511,0.333,0.039,0.0,0.975,56.984,-0.005,282.0,0.529,0.053,0.0,0.969,42.368,0.053,453.0,"Straka, Sepp",0.499,0.056,0.0,0.954,39.016,-0.012,195.0
l24,2026-08-24 16:33:05 UTC,2026-08-24 20:17:26 UTC,0.825,0.081,0.0,0.955,20.068,0.044,627.0,0.716,0.072,0.0,0.959,28.971,0.036,829.0,0.862,0.091,0.0,0.961,16.258,0.052,230.0,27364,0.338,0.071,0.0,0.929,60.796,-0.037,241.0,0.45,0.043,0.0,0.96,46.302,-0.012,421.0,"Thompson, Davis",0.507,0.063,0.0,0.919,40.589,-0.038,285.0
l24,2026-08-24 16:33:05 UTC,2026-08-24 20:17:26 UTC,0.788,0.062,0.0,0.906,23.027,-0.028,256.0,0.694,0.07,0.0,0.947,29.316,0.035,227.0,0.805,0.091,0.0,0.939,16.488,0.017,66.0,12413,0.29,0.043,0.0,0.871,65.466,-0.071,70.0,0.425,0.075,0.0,0.97,49.183,0.014,134.0,"Lee, Richard",0.603,0.13,0.0,0.957,34.894,0.052,92.0
l24,2026-08-24 16:33:05 UTC,2026-08-24 20:17:26 UTC,0.818,0.078,0.0,0.925,21.55,0.009,346.0,0.692,0.088,0.0,0.936,31.22,0.035,421.0,0.832,0.045,0.0,0.92,18.217,-0.048,112.0,16602,0.399,0.058,0.0,0.964,54.109,0.046,138.0,0.498,0.083,0.0,0.972,43.091,0.062,252.0,"Varner III, Harold",0.584,0.089,0.0,0.948,35.915,0.038,192.0
l24,2026-08-24 16:33:05 UTC,2026-08-24 20:17:26 UTC,0.861,0.073,0.0,0.954,19.196,0.058,563.0,0.738,0.075,0.0,0.965,29.286,0.034,764.0,0.904,0.094,0.0,0.948,15.6,0.028,191.0,15466,0.361,0.051,0.0,0.976,60.963,0.046,253.0,0.442,0.061,0.0,0.957,42.807,0.024,423.0,"Cantlay, Patrick",0.609,0.066,0.0,0.96,36.048,0.029,273.0
l24,2026-08-24 16:33:05 UTC,2026-08-24 20:17:26 UTC,0.839,0.107,0.0,0.958,19.02,0.066,261.0,0.694,0.066,0.0,0.954,27.999,0.032,351.0,0.894,0.129,0.0,0.95,14.828,0.064,101.0,14838,0.253,0.065,0.0,0.95,62.772,-0.007,139.0,0.512,0.067,0.0,0.955,47.386,0.041,179.0,"Reed, Patrick",0.608,0.067,0.0,0.947,36.505,0.026,150.0
l24,2026-08-24 16:33:05 UTC,2026-08-24 20:17:26 UTC,0.79,0.084,0.0,0.916,22.503,-0.01,155.0,0.711,0.061,0.0,0.957,30.46,0.032,230.0,0.837,0.125,0.0,0.938,17.567,0.012,48.0,32152,0.368,0.028,0.0,0.972,66.349,-0.003,71.0,0.516,0.047,0.0,0.972,45.432,0.003,107.0,"Brown, Blades",0.602,0.036,0.0,0.911,38.275,-0.013,56.0
l24,2026-08-24 16:33:05 UTC,2026-08-24 20:17:26 UTC,0.818,0.09,0.0,0.949,21.187,0.028,354.0,0.695,0.065,0.0,0.959,30.216,0.03,565.0,0.897,0.085,0.0,0.939,18.639,-0.006,82.0,11657,0.406,0.055,0.0,0.994,50.691,0.061,165.0,0.435,0.068,0.0,0.97,46.038,0.004,234.0,"Norlander, Henrik",0.515,0.072,0.0,0.928,39.941,-0.018,138.0
l24,2026-08-24 16:33:05 UTC,2026-08-24 20:17:26 UTC,0.828,0.055,0.0,0.95,19.995,0.017,596.0,0.689,0.067,0.0,0.959,29.52,0.03,886.0,0.92,0.067,0.0,0.988,15.52,0.052,164.0,12294,0.361,0.056,0.0,0.98,68.378,-0.006,252.0,0.495,0.069,0.0,0.969,39.772,0.066,450.0,"Fleetwood, Tommy",0.56,0.063,0.0,0.96,38.82,0.001,174.0
l24,2026-08-24 16:33:05 UTC,2026-08-24 20:17:26 UTC,0.813,0.071,0.0,0.949,20.064,0.022,495.0,0.704,0.076,0.0,0.95,29.108,0.03,565.0,0.837,0.11,0.0,0.979,17.005,0.002,146.0,14796,0.364,0.054,0.0,0.929,63.169,-0.022,184.0,0.458,0.059,0.0,0.95,44.975,0.031,338.0,"Hatton, Tyrrell",0.597,0.085,0.0,0.962,34.07,0.034,236.0
l24,2026-08-24 16:33:05 UTC,2026-08-24 20:17:26 UTC,0.846,0.087,0.0,0.96,20.506,0.04,527.0,0.735,0.052,0.0,0.947,29.857,0.03,693.0,0.881,0.088,0.0,0.976,16.202,0.034,170.0,16395,0.308,0.062,0.0,0.972,61.828,0.006,145.0,0.519,0.053,0.0,0.983,40.778,0.073,359.0,"Kohles, Ben",0.496,0.074,0.0,0.963,41.735,0.002,135.0
l24,2026-08-24 16:33:05 UTC,2026-08-24 20:17:26 UTC,0.815,0.077,0.0,0.954,20.545,0.029,549.0,0.706,0.068,0.0,0.954,28.694,0.03,888.0,0.909,0.092,0.0,0.954,14.892,0.058,173.0,17606,0.427,0.063,0.0,0.96,61.032,0.021,252.0,0.498,0.059,0.0,0.959,43.133,0.031,440.0,"Berger, Daniel",0.599,0.069,0.0,0.958,37.723,0.044,189.0
l24,2026-08-24 16:33:05 UTC,2026-08-24 20:17:26 UTC,0.804,0.071,0.0,0.952,20.47,0.018,352.0,0.749,0.054,0.0,0.95,29.433,0.03,459.0,0.845,0.119,0.0,0.937,16.677,0.028,126.0,32457,0.382,0.088,0.0,0.919,60.615,0.009,148.0,0.485,0.049,0.0,0.924,43.442,-0.017,225.0,"Keefer, Johnny",0.598,0.059,0.0,0.957,36.561,0.039,188.0
l24,2026-08-24 16:33:05 UTC,2026-08-24 20:17:26 UTC,0.793,0.047,0.0,0.943,21.55,-0.014,296.0,0.715,0.055,0.0,0.949,30.064,0.028,433.0,0.894,0.101,0.0,0.955,14.99,0.049,89.0,13764,0.395,0.058,0.0,0.992,55.131,0.032,121.0,0.432,0.048,0.0,0.952,47.91,-0.0,207.0,"Parry, John",0.602,0.103,0.0,0.966,36.868,0.045,116.0
l24,2026-08-24 16:33:05 UTC,2026-08-24 20:17:26 UTC,0.737,0.08,0.0,0.926,21.345,-0.026,188.0,0.781,0.034,0.0,0.947,29.517,0.028,262.0,0.816,0.128,0.0,0.957,16.711,0.013,47.0,24200,0.301,0.012,0.0,0.965,70.083,-0.053,85.0,0.416,0.058,0.0,0.964,47.048,0.007,138.0,"Smylie, Elvis",0.554,0.071,0.0,0.94,38.752,-0.008,84.0
l24,2026-08-24 16:33:05 UTC,2026-08-24 20:17:26 UTC,0.809,0.074,0.0,0.968,20.706,0.024,443.0,0.706,0.053,0.0,0.954,30.045,0.027,675.0,0.856,0.092,0.0,0.948,17.039,0.025,153.0,11276,0.297,0.033,0.0,0.958,62.588,-0.06,239.0,0.432,0.044,0.0,0.983,45.581,0.027,295.0,"Horschel, Billy",0.612,0.108,0.0,0.946,37.646,0.062,204.0
l24,2026-08-24 16:33:05 UTC,2026-08-24 20:17:26 UTC,0.824,0.072,0.0,0.954,21.578,0.036,237.0,0.748,0.058,0.0,0.956,29.833,0.027,343.0,0.864,0.035,0.0,0.965,17.191,0.012,85.0,21883,0.389,0.079,0.0,0.939,63.605,0.004,114.0,0.423,0.063,0.0,0.943,50.154,-0.024,175.0,"Ewart, A.J.",0.541,0.045,0.0,0.933,39.609,0.01,134.0
l24,2026-08-24 16:33:05 UTC,2026-08-24 20:17:26 UTC,0.809,0.081,0.0,0.946,19.744,0.044,614.0,0.685,0.069,0.0,0.942,28.993,0.026,896.0,0.927,0.139,0.0,0.967,14.782,0.085,209.0,7399,0.383,0.072,0.0,0.949,63.477,0.032,235.0,0.404,0.065,0.0,0.94,45.207,-0.016,401.0,"Glover, Lucas",0.575,0.08,0.0,0.963,37.498,0.067,187.0
l24,2026-08-24 16:33:05 UTC,2026-08-24 20:17:26 UTC,0.789,0.062,0.0,0.933,22.146,0.002,582.0,0.699,0.068,0.0,0.962,29.436,0.026,842.0,0.847,0.087,0.0,0.94,17.909,0.006,218.0,12577,0.391,0.065,0.0,0.961,58.641,0.028,279.0,0.503,0.058,0.0,0.955,43.448,0.035,399.0,"Woodland, Gary",0.545,0.061,0.0,0.956,37.415,0.024,295.0
l24,2026-08-24 16:33:05 UTC,2026-08-24 20:17:26 UTC,0.774,0.063,0.0,0.929,25.903,-0.059,253.0,0.708,0.061,0.0,0.936,29.626,0.026,295.0,0.826,0.039,0.0,0.961,21.999,-0.09,77.0,23542,0.218,0.057,0.0,0.971,64.708,-0.037,70.0,0.446,0.043,0.0,0.963,43.856,-0.006,161.0,"Champ, Cameron",0.537,0.031,0.0,0.969,45.513,-0.045,98.0
l24,2026-08-24 16:33:05 UTC,2026-08-24 20:17:26 UTC,0.801,0.073,0.0,0.939,21.361,0.02,559.0,0.704,0.064,0.0,0.941,30.008,0.026,777.0,0.826,0.098,0.0,0.917,19.879,-0.022,205.0,26653,0.294,0.029,0.0,0.934,62.245,-0.047,242.0,0.473,0.058,0.0,0.965,41.697,0.029,399.0,"Eckroat, Austin",0.607,0.065,0.0,0.958,35.402,0.048,261.0
l24,2026-08-24 16:33:05 UTC,2026-08-24 20:17:26 UTC,0.804,0.092,0.0,0.937,20.415,0.017,415.0,0.706,0.07,0.0,0.96,29.979,0.025,629.0,0.9,0.097,0.0,0.986,15.628,0.052,145.0,23602,0.369,0.073,0.0,0.96,58.925,0.022,274.0,0.529,0.051,0.0,0.971,41.823,0.064,311.0,"Hojgaard, Nicolai",0.528,0.026,0.0,0.927,40.582,-0.029,233.0
l24,2026-08-24 16:33:05 UTC,2026-08-24 20:17:26 UTC,0.834,0.088,0.0,0.947,20.397,0.047,171.0,0.702,0.065,0.0,0.964,30.889,0.024,308.0,0.88,0.091,0.0,0.945,17.246,0.041,55.0,7655,0.4,0.08,0.0,0.947,58.12,0.009,75.0,0.43,0.046,0.0,0.962,47.246,0.013,131.0,"Molinari, Francesco",0.567,0.056,0.0,0.926,39.716,-0.045,54.0
l24,2026-08-24 16:33:05 UTC,2026-08-24 20:17:26 UTC,0.828,0.073,0.0,0.958,19.462,0.028,620.0,0.68,0.064,0.0,0.963,28.951,0.024,926.0,0.827,0.087,0.0,0.944,16.947,0.009,196.0,13872,0.331,0.043,0.0,0.945,66.954,-0.025,255.0,0.493,0.059,0.0,0.966,44.357,0.042,473.0,"Bradley, Keegan",0.602,0.06,0.0,0.943,35.406,0.041,298.0
l24,2026-08-24 16:33:05 UTC,2026-08-24 20:17:26 UTC,0.773,0.06,0.0,0.922,21.331,-0.006,632.0,0.688,0.072,0.0,0.947,29.171,0.024,958.0,0.817,0.08,0.0,0.901,17.835,-0.027,213.0,22833,0.371,0.068,0.0,0.949,56.815,0.012,294.0,0.423,0.049,0.0,0.947,47.12,-0.019,472.0,"Echavarria, Nico",0.628,0.105,0.0,0.958,34.201,0.076,285.0
l24,2026-08-24 16:33:05 UTC,2026-08-24 20:17:26 UTC,0.805,0.062,0.0,0.93,22.008,-0.002,385.0,0.682,0.08,0.0,0.943,30.806,0.024,548.0,0.855,0.055,0.0,0.961,15.737,0.039,128.0,24304,0.343,0.047,0.0,0.966,66.703,-0.02,233.0,0.477,0.071,0.0,0.966,44.793,0.012,238.0,"Vilips, Karl",0.523,0.081,0.0,0.928,39.486,0.007,236.0
l24,2026-08-24 16:33:05 UTC,2026-08-24 20:17:26 UTC,0.836,0.052,0.0,0.961,21.445,0.011,557.0,0.701,0.065,0.0,0.957,30.398,0.024,768.0,0.819,0.124,0.0,0.956,19.248,0.004,137.0,25157,0.312,0.03,0.0,0.96,59.105,-0.04,201.0,0.518,0.092,0.0,0.966,43.086,0.053,348.0,"Hodges, Lee",0.507,0.085,0.0,0.95,38.441,0.005,201.0
l24,2026-08-24 16:33:05 UTC,2026-08-24 20:17:26 UTC,0.817,0.077,0.0,0.921,21.836,-0.001,441.0,0.713,0.052,0.0,0.952,30.206,0.023,580.0,0.827,0.081,0.0,0.952,16.296,0.012,124.0,10873,0.368,0.058,0.0,0.951,57.809,0.019,225.0,0.445,0.035,0.0,0.945,47.662,-0.026,289.0,"Skinns, David",0.587,0.08,0.0,0.967,35.218,0.059,213.0
l24,2026-08-24 16:33:05 UTC,2026-08-24 20:17:26 UTC,0.732,0.084,1.0,0.892,20.513,-0.008,83.0,0.748,0.051,0.0,0.949,29.227,0.023,138.0,0.949,0.107,1.0,1.0,12.325,0.107,28.0,26947,0.348,0.064,1.0,0.957,59.033,0.006,47.0,0.399,0.074,1.0,0.941,51.602,0.009,68.0,"Jarvis, Casey",0.55,0.077,0.0,0.974,38.004,0.037,39.0
l24,2026-08-24 16:33:05 UTC,2026-08-24 20:17:26 UTC,0.878,0.039,1.0,0.961,22.214,0.042,77.0,0.715,0.043,1.0,0.957,32.199,0.023,116.0,0.929,0.115,1.0,1.0,16.108,0.106,26.0,22535,,,,,,,,,,,,,,,"Norrman, Vincent",0.672,0.0,0.0,0.903,44.329,-0.022,31.0
l24,2026-08-24 16:33:05 UTC,2026-08-24 20:17:26 UTC,0.824,0.051,0.0,0.949,21.201,0.001,215.0,0.698,0.042,0.0,0.958,29.677,0.022,358.0,0.824,0.141,0.0,0.949,15.656,0.087,78.0,19846,0.355,0.04,0.0,0.968,55.907,-0.006,125.0,0.443,0.054,0.0,0.97,45.31,0.015,166.0,"Bauchou, Zach",0.522,0.072,0.0,0.942,37.399,0.011,139.0
l24,2026-08-24 16:33:05 UTC,2026-08-24 20:17:26 UTC,0.832,0.086,0.0,0.958,19.291,0.051,616.0,0.73,0.055,0.0,0.956,29.107,0.021,923.0,0.854,0.137,0.0,0.959,14.295,0.088,197.0,14578,0.319,0.041,0.0,0.985,61.152,-0.003,197.0,0.492,0.056,0.0,0.968,43.828,0.059,466.0,"Henley, Russell",0.592,0.096,0.0,0.941,36.244,0.046,187.0
l24,2026-08-24 16:33:05 UTC,2026-08-24 20:17:26 UTC,0.819,0.062,0.0,0.947,22.789,0.0,697.0,0.718,0.064,0.0,0.948,30.665,0.021,800.0,0.836,0.079,0.0,0.955,18.157,-0.029,242.0,17780,0.348,0.054,0.0,0.966,65.172,-0.002,298.0,0.493,0.067,0.0,0.967,44.314,0.034,449.0,"Pendrith, Taylor",0.594,0.072,0.0,0.949,40.967,0.034,334.0
l24,2026-08-24 16:33:05 UTC,2026-08-24 20:17:26 UTC,0.847,0.087,0.0,0.947,20.229,0.04,587.0,0.726,0.054,0.0,0.958,29.926,0.021,920.0,0.796,0.13,0.0,0.932,18.926,-0.018,146.0,18554,0.348,0.063,0.0,0.96,59.925,0.014,174.0,0.497,0.047,0.0,0.963,44.711,0.04,486.0,"Rai, Aaron",0.599,0.055,0.0,0.945,39.888,0.001,145.0
l24,2026-08-24 16:33:05 UTC,2026-08-24 20:17:26 UTC,0.82,0.069,0.0,0.937,22.911,-0.012,504.0,0.712,0.061,0.0,0.961,29.279,0.021,570.0,0.909,0.083,0.0,0.964,16.729,0.061,169.0,19195,0.413,0.069,0.0,0.966,55.886,0.043,175.0,0.573,0.069,0.0,0.976,39.595,0.096,333.0,"Rahm, Jon",0.593,0.049,0.0,0.943,36.473,0.011,246.0
l24,2026-08-24 16:33:05 UTC,2026-08-24 20:17:26 UTC,0.759,0.039,0.0,0.946,25.303,-0.072,129.0,0.626,0.077,1.0,0.957,31.113,0.021,117.0,0.84,0.057,0.0,0.857,21.414,-0.113,35.0,19232,0.301,0.035,0.0,0.93,61.423,-0.035,57.0,0.563,0.041,1.0,0.986,43.379,0.043,74.0,"Smyth, Trav",0.545,0.075,0.0,0.925,35.281,0.041,67.0
l24,2026-08-24 16:33:05 UTC,2026-08-24 20:17:26 UTC,0.818,0.091,0.0,0.937,19.809,0.043,711.0,0.703,0.064,0.0,0.943,29.771,0.021,934.0,0.851,0.083,0.0,0.958,15.516,0.039,264.0,19483,0.349,0.059,0.0,0.948,64.199,-0.01,287.0,0.471,0.065,0.0,0.933,46.897,0.003,495.0,"Burns, Sam",0.589,0.058,0.0,0.96,38.324,0.028,278.0
l24,2026-08-24 16:33:05 UTC,2026-08-24 20:17:26 UTC,0.811,0.062,0.0,0.929,20.835,0.009,448.0,0.669,0.053,0.0,0.942,30.272,0.02,432.0,0.868,0.094,0.0,0.943,17.687,-0.001,106.0,18238,0.338,0.098,0.0,0.951,62.862,0.029,123.0,0.411,0.029,0.0,0.959,45.723,0.003,242.0,"Ancer, Abraham",0.592,0.094,0.0,0.921,35.343,0.025,139.0
l24,2026-08-24 16:33:05 UTC,2026-08-24 20:17:26 UTC,0.825,0.076,0.0,0.969,21.474,0.02,419.0,0.697,0.058,0.0,0.944,30.566,0.02,550.0,0.833,0.061,0.0,0.948,17.958,-0.005,115.0,32330,0.366,0.035,0.0,0.955,58.722,0.016,202.0,0.452,0.041,0.0,0.967,44.387,0.006,270.0,"Clanton, Luke",0.542,0.07,0.0,0.968,37.314,0.025,185.0
l24,2026-08-24 16:33:05 UTC,2026-08-24 20:17:26 UTC,0.82,0.073,0.0,0.935,20.551,0.014,536.0,0.705,0.066,0.0,0.955,29.629,0.019,726.0,0.896,0.125,0.0,0.967,13.246,0.121,152.0,6430,0.345,0.058,0.0,0.981,59.489,0.023,259.0,0.471,0.059,0.0,0.955,43.522,0.009,374.0,"Scott, Adam",0.573,0.091,0.0,0.981,36.745,0.039,208.0
l24,2026-08-24 16:33:05 UTC,2026-08-24 20:17:26 UTC,0.815,0.068,0.0,0.934,22.401,0.0,577.0,0.71,0.063,0.0,0.943,30.235,0.019,794.0,0.85,0.072,0.0,0.957,17.559,0.013,207.0,17881,0.348,0.043,0.0,0.957,60.066,-0.022,234.0,0.469,0.059,0.0,0.96,44.528,0.025,405.0,"Yu, Kevin",0.509,0.043,0.0,0.943,41.324,-0.039,280.0
l24,2026-08-24 16:33:05 UTC,2026-08-24 20:17:26 UTC,0.782,0.051,0.0,0.931,23.654,-0.029,685.0,0.676,0.066,0.0,0.943,30.154,0.019,914.0,0.857,0.086,0.0,0.946,17.225,0.023,221.0,23504,0.399,0.065,0.0,0.96,53.157,0.036,276.0,0.519,0.061,0.0,0.971,41.541,0.06,445.0,"Hoey, Rico",0.561,0.089,0.0,0.946,37.671,0.018,316.0
l24,2026-08-24 16:33:05 UTC,2026-08-24 20:17:26 UTC,0.829,0.078,0.0,0.948,19.561,0.04,578.0,0.693,0.054,0.0,0.949,28.551,0.018,887.0,0.855,0.079,0.0,0.943,16.123,0.025,227.0,26096,0.339,0.064,0.0,0.949,56.765,0.013,311.0,0.486,0.07,0.0,0.956,42.744,0.036,454.0,"Bhatia, Akshay",0.583,0.096,0.0,0.955,36.976,0.045,314.0
l24,2026-08-24 16:33:05 UTC,2026-08-24 20:17:26 UTC,0.804,0.076,0.0,0.939,21.904,0.01,344.0,0.678,0.083,0.0,0.939,30.597,0.017,410.0,0.859,0.095,0.0,0.956,16.706,0.046,137.0,13944,0.317,0.092,0.0,0.967,54.718,0.03,120.0,0.469,0.066,0.0,0.939,42.985,0.022,228.0,"Pieters, Thomas",0.584,0.065,0.0,0.945,37.444,0.011,199.0
l24,2026-08-24 16:33:05 UTC,2026-08-24 20:17:26 UTC,0.845,0.055,0.0,0.948,22.003,-0.0,713.0,0.709,0.064,0.0,0.959,31.107,0.017,970.0,0.814,0.068,0.0,0.903,18.792,-0.034,206.0,22760,0.374,0.052,0.0,0.96,58.204,0.015,328.0,0.496,0.078,0.0,0.97,44.126,0.041,473.0,"Hisatsune, Ryo",0.611,0.078,0.0,0.938,36.716,0.045,308.0
l24,2026-08-24 16:33:05 UTC,2026-08-24 20:17:26 UTC,0.803,0.073,0.0,0.937,21.837,0.002,600.0,0.695,0.064,0.0,0.947,30.13,0.016,749.0,0.824,0.098,0.0,0.933,18.049,0.003,163.0,11676,0.401,0.057,0.0,0.949,53.384,0.028,314.0,0.435,0.072,0.0,0.933,44.475,-0.004,404.0,"Finau, Tony",0.531,0.052,0.0,0.94,40.388,-0.03,250.0
l24,2026-08-24 16:33:05 UTC,2026-08-24 20:17:26 UTC,0.814,0.073,0.0,0.954,20.379,0.019,646.0,0.716,0.053,0.0,0.956,30.571,0.016,935.0,0.886,0.13,0.0,0.95,15.924,0.088,200.0,14502,0.339,0.048,0.0,0.965,62.231,0.001,314.0,0.445,0.061,0.0,0.965,45.281,0.009,424.0,"Cauley, Bud",0.542,0.076,0.0,0.908,39.955,-0.008,262.0
l24,2026-08-24 16:33:05 UTC,2026-08-24 20:17:26 UTC,0.799,0.069,0.0,0.936,21.609,0.005,389.0,0.675,0.065,0.0,0.937,29.75,0.016,492.0,0.746,0.095,0.0,0.876,20.511,-0.073,105.0,18580,0.355,0.068,0.0,0.959,56.83,0.037,148.0,0.529,0.058,0.0,0.971,44.394,0.057,243.0,"Gooch, Talor",0.599,0.078,0.0,0.961,36.372,0.042,129.0
l24,2026-08-24 16:33:05 UTC,2026-08-24 20:17:26 UTC,0.792,0.086,0.0,0.931,18.902,0.034,174.0,0.687,0.055,0.0,0.96,28.411,0.016,272.0,0.799,0.068,0.0,0.881,18.542,-0.028,59.0,25362,0.361,0.042,0.0,0.958,67.608,-0.006,71.0,0.482,0.056,0.0,0.951,40.038,0.037,143.0,"Fitzpatrick, Alex",0.617,0.056,0.0,0.986,34.254,0.078,72.0
l24,2026-08-24 16:33:05 UTC,2026-08-24 20:17:26 UTC,0.829,0.081,0.0,0.967,19.413,0.053,582.0,0.668,0.063,0.0,0.934,30.247,0.015,967.0,0.869,0.116,0.0,0.93,16.422,0.061,199.0,24766,0.354,0.049,0.0,0.948,66.028,0.002,287.0,0.445,0.042,0.0,0.949,47.387,-0.001,448.0,"Kim, Tom",0.573,0.076,0.0,0.948,36.468,0.049,290.0
l24,2026-08-24 16:33:05 UTC,2026-08-24 20:17:26 UTC,0.796,0.052,0.0,0.929,21.946,-0.008,154.0,0.703,0.037,0.0,0.93,28.552,0.015,242.0,0.805,0.083,0.0,0.917,22.523,-0.08,48.0,29827,0.255,0.064,1.0,0.915,68.63,-0.056,47.0,0.587,0.042,0.0,0.975,41.428,0.049,119.0,"James, Ben",0.469,0.119,0.0,0.966,40.56,0.059,59.0
l24,2026-08-24 16:33:05 UTC,2026-08-24 20:17:26 UTC,0.767,0.064,0.0,0.896,23.805,-0.056,202.0,0.709,0.048,0.0,0.955,31.577,0.014,397.0,0.794,0.062,0.0,0.938,18.518,-0.065,81.0,23841,0.267,0.039,0.0,0.99,68.986,-0.008,103.0,0.538,0.072,0.0,0.972,40.977,0.061,180.0,"Neergaard-Petersen, Rasmus",0.505,0.076,0.0,0.933,42.896,-0.01,105.0
l24,2026-08-24 16:33:05 UTC,2026-08-24 20:17:26 UTC,0.816,0.094,0.0,0.933,22.385,0.003,224.0,0.678,0.056,0.0,0.94,29.485,0.014,252.0,0.82,0.031,0.0,0.938,17.089,-0.012,65.0,27780,0.267,0.054,0.0,0.914,70.01,-0.055,93.0,0.431,0.023,0.0,0.962,44.498,-0.03,133.0,"Crowe, Trace",0.45,0.064,0.0,0.936,41.279,-0.024,109.0
l24,2026-08-24 16:33:05 UTC,2026-08-24 20:17:26 UTC,0.75,0.075,0.0,0.912,23.39,-0.016,295.0,0.658,0.049,0.0,0.945,29.723,0.013,385.0,0.827,0.074,0.0,0.894,17.58,-0.025,94.0,5768,0.369,0.053,0.0,0.947,56.247,-0.009,133.0,0.403,0.037,0.0,0.932,43.618,-0.039,191.0,"Hoffman, Charley",0.574,0.064,0.0,0.943,38.072,0.023,157.0
l24,2026-08-24 16:33:05 UTC,2026-08-24 20:17:26 UTC,0.801,0.053,0.0,0.928,21.514,-0.001,456.0,0.688,0.054,0.0,0.938,30.498,0.013,742.0,0.862,0.036,0.0,0.946,18.76,-0.024,167.0,13997,0.337,0.075,0.0,0.971,61.406,-0.02,240.0,0.48,0.065,0.0,0.961,43.06,0.03,336.0,"Svensson, Adam",0.533,0.057,0.0,0.934,39.787,-0.003,211.0
l24,2026-08-24 16:33:05 UTC,2026-08-24 20:17:26 UTC,0.784,0.075,0.0,0.925,21.67,-0.008,585.0,0.7,0.06,0.0,0.932,30.027,0.013,857.0,0.911,0.083,0.0,0.987,14.164,0.076,157.0,17646,0.371,0.066,0.0,0.961,58.87,0.013,256.0,0.581,0.072,0.0,0.984,42.662,0.096,443.0,"Fitzpatrick, Matt",0.62,0.066,0.0,0.955,41.702,0.016,198.0
l24,2026-08-24 16:33:05 UTC,2026-08-24 20:17:26 UTC,0.761,0.076,0.0,0.927,23.536,-0.027,262.0,0.716,0.066,0.0,0.948,30.665,0.013,348.0,0.915,0.118,0.0,0.971,15.386,0.07,102.0,18761,0.335,0.036,0.0,0.982,57.836,0.006,112.0,0.373,0.034,0.0,0.909,49.169,-0.054,175.0,"Mullinax, Trey",0.544,0.07,0.0,0.906,41.691,-0.005,171.0
l24,2026-08-24 16:33:05 UTC,2026-08-24 20:17:26 UTC,0.804,0.08,0.0,0.945,21.895,0.012,238.0,0.702,0.051,0.0,0.955,30.213,0.013,355.0,0.866,0.138,0.0,0.969,17.857,0.042,65.0,18770,0.312,0.039,0.0,0.977,62.326,-0.015,129.0,0.501,0.069,0.0,0.977,41.109,0.082,175.0,"Rozner, Antoine",0.582,0.064,0.0,0.954,37.378,0.017,109.0
l24,2026-08-24 16:33:05 UTC,2026-08-24 20:17:26 UTC,0.802,0.064,0.0,0.939,22.191,-0.008,624.0,0.727,0.05,0.0,0.951,30.355,0.013,954.0,0.819,0.08,0.0,0.942,18.734,-0.018,224.0,21554,0.342,0.072,0.0,0.983,55.419,0.046,293.0,0.463,0.04,0.0,0.973,45.644,0.031,474.0,"Poston, J.T.",0.565,0.091,0.0,0.926,39.966,0.015,242.0
l24,2026-08-24 16:33:05 UTC,2026-08-24 20:17:26 UTC,0.795,0.101,0.0,0.946,20.361,0.042,424.0,0.654,0.067,0.0,0.949,30.583,0.012,451.0,0.875,0.133,0.0,0.925,19.838,0.024,120.0,20770,0.414,0.057,0.0,0.962,61.32,0.015,105.0,0.477,0.061,0.0,0.935,46.9,0.024,246.0,"Munoz, Sebastian",0.665,0.066,0.0,0.934,34.787,0.038,151.0
l24,2026-08-24 16:33:05 UTC,2026-08-24 20:17:26 UTC,0.821,0.089,0.0,0.938,19.334,0.04,403.0,0.706,0.064,0.0,0.948,28.789,0.011,655.0,0.907,0.118,0.0,0.963,14.737,0.09,136.0,6093,0.432,0.054,0.0,0.955,59.29,0.029,224.0,0.452,0.067,0.0,0.968,48.594,0.028,341.0,"Rose, Justin",0.613,0.095,0.0,0.97,36.373,0.049,168.0
l24,2026-08-24 16:33:05 UTC,2026-08-24 20:17:26 UTC,0.833,0.072,0.0,0.947,20.682,0.031,704.0,0.698,0.065,0.0,0.942,29.678,0.011,989.0,0.835,0.111,0.0,0.915,17.377,0.021,199.0,13126,0.324,0.072,0.0,0.961,62.959,-0.0,305.0,0.478,0.056,0.0,0.951,45.215,0.029,536.0,"Taylor, Nick",0.544,0.064,0.0,0.958,34.562,0.018,265.0
l24,2026-08-24 16:33:05 UTC,2026-08-24 20:17:26 UTC,0.788,0.091,0.0,0.94,22.109,0.014,452.0,0.691,0.052,0.0,0.948,29.881,0.011,673.0,0.822,0.076,0.0,0.952,17.879,-0.003,145.0,16715,0.409,0.068,0.0,0.959,58.018,0.014,221.0,0.468,0.063,0.0,0.95,43.271,0.012,303.0,"Ryder, Sam",0.59,0.068,0.0,0.951,37.982,0.014,205.0
l24,2026-08-24 16:33:05 UTC,2026-08-24 20:17:26 UTC,0.857,0.046,1.0,0.963,19.933,0.032,108.0,0.67,0.088,0.0,0.934,30.199,0.011,137.0,0.806,0.14,0.0,0.96,17.865,-0.001,50.0,14209,0.243,0.02,1.0,1.0,71.268,-0.026,49.0,0.365,0.063,1.0,0.937,47.549,-0.081,63.0,"Kozuma, Jinichiro",0.568,0.071,0.0,0.929,40.432,-0.05,56.0
l24,2026-08-24 16:33:05 UTC,2026-08-24 20:17:26 UTC,0.81,0.055,0.0,0.941,21.921,-0.006,471.0,0.728,0.048,0.0,0.954,31.677,0.01,876.0,0.872,0.068,0.0,0.963,17.307,0.013,161.0,14704,0.363,0.076,0.0,0.976,56.87,0.037,249.0,0.479,0.06,0.0,0.986,45.059,0.044,434.0,"Putnam, Andrew",0.594,0.05,0.0,0.95,37.06,0.04,160.0
l24,2026-08-24 16:33:05 UTC,2026-08-24 20:17:26 UTC,0.785,0.074,0.0,0.932,21.549,0.016,470.0,0.676,0.051,0.0,0.946,30.498,0.01,645.0,0.842,0.117,0.0,0.938,17.834,0.023,128.0,15980,0.27,0.041,0.0,0.926,68.375,-0.081,217.0,0.46,0.049,0.0,0.96,45.37,0.015,325.0,"Lipsky, David",0.499,0.063,0.0,0.958,42.669,-0.006,190.0
l24,2026-08-24 16:33:05 UTC,2026-08-24 20:17:26 UTC,0.809,0.064,0.0,0.947,22.362,-0.002,639.0,0.697,0.055,0.0,0.946,30.635,0.01,812.0,0.876,0.086,0.0,0.947,17.355,0.021,243.0,27774,0.355,0.068,0.0,0.964,60.272,0.016,366.0,0.464,0.059,0.0,0.957,47.802,0.004,443.0,"Gotterup, Chris",0.598,0.091,0.0,0.939,38.325,0.046,395.0
l24,2026-08-24 16:33:05 UTC,2026-08-24 20:17:26 UTC,0.823,0.072,0.0,0.933,21.77,0.026,223.0,0.674,0.052,0.0,0.938,30.388,0.01,307.0,0.857,0.066,0.0,0.947,17.041,0.025,76.0,27820,0.278,0.054,0.0,0.989,56.475,0.009,93.0,0.483,0.062,0.0,0.956,44.637,0.016,160.0,"Pak, John",0.473,0.101,0.0,0.899,40.604,-0.048,89.0
l24,2026-08-24 16:33:05 UTC,2026-08-24 20:17:26 UTC,0.777,0.094,1.0,0.958,19.897,0.043,96.0,0.649,0.09,1.0,0.943,31.424,0.009,122.0,,,,,,,,8571,,,,,,,,0.377,0.011,0.0,0.954,51.771,-0.093,87.0,"Gomez, Fabian",0.544,0.036,1.0,1.0,37.115,0.05,28.0
l24,2026-08-24 16:33:05 UTC,2026-08-24 20:17:26 UTC,0.798,0.063,0.0,0.937,20.17,0.019,650.0,0.662,0.059,0.0,0.94,29.595,0.009,980.0,0.865,0.099,0.0,0.942,16.102,0.051,191.0,21756,0.341,0.073,0.0,0.959,58.345,0.002,386.0,0.428,0.057,0.0,0.945,45.583,0.0,477.0,"Cole, Eric",0.536,0.09,0.0,0.926,36.896,0.03,435.0
l24,2026-08-24 16:33:05 UTC,2026-08-24 20:17:26 UTC,0.759,0.084,0.0,0.911,22.502,-0.022,428.0,0.715,0.059,0.0,0.949,31.169,0.008,494.0,0.886,0.078,0.0,0.948,16.885,0.011,154.0,5689,0.426,0.071,0.0,0.936,55.159,0.043,140.0,0.422,0.058,0.0,0.945,47.607,-0.022,293.0,"Garcia, Sergio",0.603,0.123,0.0,0.922,33.226,0.037,179.0
l24,2026-08-24 16:33:05 UTC,2026-08-24 20:17:26 UTC,0.779,0.061,0.0,0.92,23.239,-0.014,410.0,0.665,0.056,0.0,0.944,30.148,0.008,737.0,0.864,0.086,0.0,0.951,17.621,0.022,185.0,18628,0.323,0.045,0.0,0.959,62.313,-0.034,221.0,0.438,0.073,0.0,0.979,46.515,0.023,382.0,"Campbell, Brian",0.582,0.049,0.0,0.951,38.435,-0.009,144.0
l24,2026-08-24 16:33:05 UTC,2026-08-24 20:17:26 UTC,0.772,0.07,0.0,0.942,22.359,0.0,359.0,0.682,0.057,0.0,0.955,31.778,0.008,663.0,0.849,0.119,0.0,0.97,16.182,0.077,134.0,20706,0.344,0.035,0.0,0.96,58.079,-0.009,226.0,0.465,0.027,0.0,0.98,45.994,-0.003,299.0,"Wallace, Matt",0.605,0.06,0.0,0.959,37.391,0.039,217.0
l24,2026-08-24 16:33:05 UTC,2026-08-24 20:17:26 UTC,0.741,0.065,0.0,0.908,24.588,-0.036,523.0,0.724,0.055,0.0,0.958,31.077,0.008,780.0,0.822,0.057,0.0,0.918,18.43,-0.048,159.0,20722,0.369,0.042,0.0,0.958,55.737,-0.001,260.0,0.496,0.074,0.0,0.953,44.202,0.018,340.0,"Schmid, Matti",0.578,0.053,0.0,0.95,37.139,0.012,303.0
l24,2026-08-24 16:33:05 UTC,2026-08-24 20:17:26 UTC,0.8,0.075,0.0,0.938,21.58,0.012,598.0,0.683,0.043,0.0,0.949,29.398,0.008,945.0,0.856,0.091,0.0,0.931,16.32,0.045,231.0,23475,0.338,0.062,0.0,0.965,59.835,0.017,369.0,0.448,0.047,0.0,0.968,44.696,0.01,470.0,"Novak, Andrew",0.495,0.047,0.0,0.93,42.001,-0.042,301.0
l24,2026-08-24 16:33:05 UTC,2026-08-24 20:17:26 UTC,0.82,0.083,0.0,0.936,19.958,0.035,624.0,0.691,0.06,0.0,0.941,29.539,0.008,779.0,0.872,0.139,0.0,0.947,16.486,0.044,187.0,23950,0.364,0.074,0.0,0.95,63.267,0.013,242.0,0.476,0.08,0.0,0.952,40.77,0.038,415.0,"Aberg, Ludvig",0.593,0.07,0.0,0.971,38.324,0.024,272.0
l24,2026-08-24 16:33:05 UTC,2026-08-24 20:17:26 UTC,0.817,0.059,0.0,0.936,22.233,-0.007,761.0,0.704,0.053,0.0,0.938,30.746,0.008,1063.0,0.841,0.087,0.0,0.932,18.022,0.012,264.0,25569,0.36,0.034,0.0,0.979,62.315,0.001,327.0,0.425,0.059,0.0,0.947,47.676,-0.021,508.0,"Stevens, Sam",0.553,0.076,0.0,0.945,36.784,0.002,383.0
l24,2026-08-24 16:33:05 UTC,2026-08-24 20:17:26 UTC,0.768,0.079,0.0,0.928,21.485,0.001,442.0,0.676,0.062,0.0,0.941,29.659,0.008,593.0,0.836,0.072,0.0,0.928,17.868,-0.03,153.0,28270,0.389,0.064,0.0,0.957,58.27,0.03,282.0,0.486,0.051,0.0,0.962,43.279,0.026,313.0,"Dunlap, Nick",0.536,0.096,0.0,0.915,40.442,-0.003,270.0
l24,2026-08-24 16:33:05 UTC,2026-08-24 20:17:26 UTC,0.774,0.048,0.0,0.908,27.477,-0.082,229.0,0.73,0.05,0.0,0.964,32.208,0.007,279.0,0.835,0.04,0.0,0.94,21.393,-0.078,50.0,14559,0.441,0.095,0.0,0.964,55.529,0.053,84.0,0.48,0.094,0.0,0.96,45.204,0.063,149.0,"Vincent, Scott",0.606,0.048,0.0,0.952,36.07,0.007,104.0
l24,2026-08-24 16:33:05 UTC,2026-08-24 20:17:26 UTC,0.774,0.053,0.0,0.928,23.618,-0.026,655.0,0.706,0.055,0.0,0.949,30.856,0.007,1010.0,0.874,0.077,0.0,0.972,15.865,0.037,181.0,14577,0.361,0.028,0.0,0.969,61.124,-0.003,289.0,0.47,0.043,0.0,0.965,46.987,0.014,490.0,"English, Harris",0.541,0.048,0.0,0.94,38.626,-0.012,251.0
l24,2026-08-24 16:33:05 UTC,2026-08-24 20:17:26 UTC,0.787,0.072,0.0,0.924,21.633,0.003,249.0,0.699,0.067,0.0,0.929,29.751,0.007,312.0,0.804,0.054,0.0,0.935,18.114,-0.018,93.0,15310,0.432,0.059,0.0,0.958,55.167,0.005,118.0,0.472,0.036,0.0,0.964,44.246,0.0,165.0,"Li, Haotong",0.573,0.088,0.0,0.936,39.522,0.053,125.0
l24,2026-08-24 16:33:05 UTC,2026-08-24 20:17:26 UTC,0.789,0.079,0.0,0.926,20.554,0.025,692.0,0.685,0.061,0.0,0.94,29.293,0.007,839.0,0.85,0.072,0.0,0.95,16.43,0.019,222.0,26651,0.379,0.05,0.0,0.95,57.604,0.028,279.0,0.419,0.064,0.0,0.953,46.597,-0.013,471.0,"Young, Cameron",0.612,0.08,0.0,0.942,35.316,0.058,361.0
l24,2026-08-24 16:33:05 UTC,2026-08-24 20:17:26 UTC,0.825,0.074,0.0,0.968,20.815,0.035,592.0,0.689,0.05,0.0,0.955,30.179,0.007,827.0,0.825,0.071,0.0,0.964,17.678,0.009,169.0,28159,0.302,0.036,0.0,0.958,57.061,-0.009,308.0,0.458,0.062,0.0,0.99,43.319,0.03,389.0,"Meissner, Mac",0.545,0.068,0.0,0.972,37.335,0.024,249.0
l24,2026-08-24 16:33:05 UTC,2026-08-24 20:17:26 UTC,0.818,0.084,0.0,0.935,20.448,0.032,725.0,0.684,0.054,0.0,0.942,30.347,0.007,1029.0,0.872,0.112,0.0,0.932,17.339,0.015,206.0,29433,0.378,0.076,0.0,0.947,61.485,0.012,342.0,0.447,0.071,0.0,0.956,47.354,0.003,505.0,"Bridgeman, Jacob",0.532,0.072,0.0,0.931,42.002,0.015,306.0
l24,2026-08-24 16:33:05 UTC,2026-08-24 20:17:26 UTC,0.78,0.07,0.0,0.93,22.778,-0.016,374.0,0.679,0.063,0.0,0.939,30.439,0.006,445.0,0.8,0.105,0.0,0.93,17.644,-0.007,114.0,8117,0.404,0.09,0.0,0.966,62.931,0.05,178.0,0.496,0.061,0.0,0.965,45.277,0.035,228.0,"Kaymer, Martin",0.624,0.085,0.0,0.931,35.274,0.043,189.0
l24,2026-08-24 16:33:05 UTC,2026-08-24 20:17:26 UTC,0.842,0.071,0.0,0.957,19.947,0.031,422.0,0.679,0.051,0.0,0.956,29.655,0.006,547.0,0.854,0.035,0.0,0.923,16.222,-0.023,143.0,10091,0.412,0.08,0.0,0.978,58.395,0.058,225.0,0.519,0.074,0.0,0.973,39.161,0.077,298.0,"McIlroy, Rory",0.592,0.077,0.0,0.95,37.886,0.042,299.0
l24,2026-08-24 16:33:05 UTC,2026-08-24 20:17:26 UTC,0.787,0.045,0.0,0.926,23.28,-0.03,418.0,0.681,0.06,0.0,0.94,30.825,0.006,464.0,0.799,0.08,0.0,0.93,19.231,-0.05,100.0,12337,0.352,0.066,0.0,0.922,65.238,-0.008,166.0,0.471,0.06,0.0,0.919,45.511,0.004,248.0,"Kokrak, Jason",0.508,0.073,0.0,0.944,39.948,-0.028,177.0
l24,2026-08-24 16:33:05 UTC,2026-08-24 20:17:26 UTC,0.806,0.104,0.0,0.951,20.888,0.028,608.0,0.688,0.054,0.0,0.948,30.362,0.006,845.0,0.834,0.082,0.0,0.946,16.421,0.028,147.0,12808,0.327,0.054,0.0,0.941,56.302,-0.028,205.0,0.5,0.069,0.0,0.964,43.084,0.055,421.0,"Grillo, Emiliano",0.527,0.057,0.0,0.976,39.242,0.006,211.0
l24,2026-08-24 16:33:05 UTC,2026-08-24 20:17:26 UTC,0.788,0.039,0.0,0.936,23.508,-0.021,436.0,0.704,0.049,0.0,0.942,31.212,0.006,569.0,0.85,0.093,0.0,0.958,17.706,0.021,118.0,15004,0.359,0.048,0.0,0.963,62.52,0.007,188.0,0.467,0.042,0.0,0.955,47.828,0.016,288.0,"Kim, Chan",0.538,0.077,0.0,0.949,37.141,0.011,196.0
l24,2026-08-24 16:33:05 UTC,2026-08-24 20:17:26 UTC,0.837,0.071,0.0,0.965,22.694,-0.005,198.0,0.721,0.031,0.0,0.941,31.43,0.006,290.0,0.87,0.078,0.0,0.953,16.814,0.045,64.0,16757,0.356,0.034,0.0,0.949,67.484,-0.018,118.0,0.531,0.058,0.0,0.986,41.927,0.051,139.0,"Dou, Zecheng",0.511,0.046,0.0,0.954,40.462,-0.028,131.0
l24,2026-08-24 16:33:05 UTC,2026-08-24 20:17:26 UTC,0.821,0.066,0.0,0.942,21.471,0.01,606.0,0.69,0.056,0.0,0.953,31.599,0.006,912.0,0.846,0.133,0.0,0.964,14.426,0.075,195.0,18103,0.355,0.055,0.0,0.952,65.329,0.003,271.0,0.443,0.044,0.0,0.964,48.275,0.009,478.0,"Bezuidenhout, Christiaan",0.514,0.059,0.0,0.987,38.784,0.012,239.0
l24,2026-08-24 16:33:05 UTC,2026-08-24 20:17:26 UTC,0.786,0.094,0.0,0.923,23.021,-0.009,299.0,0.712,0.061,0.0,0.947,31.021,0.006,505.0,0.878,0.077,0.0,0.956,17.525,-0.0,91.0,18586,0.342,0.06,0.0,0.94,63.794,-0.023,150.0,0.538,0.052,0.0,0.962,42.485,0.057,213.0,"Smith, Jordan",0.591,0.078,0.0,0.99,34.779,0.088,102.0
l24,2026-08-24 16:33:05 UTC,2026-08-24 20:17:26 UTC,0.778,0.096,0.0,0.921,20.968,0.019,634.0,0.678,0.065,0.0,0.938,29.489,0.006,806.0,0.82,0.108,0.0,0.946,16.505,0.038,222.0,23604,0.326,0.056,0.0,0.944,64.907,-0.038,306.0,0.519,0.068,0.0,0.956,45.179,0.039,428.0,"Clark, Wyndham",0.584,0.096,0.0,0.943,36.434,0.05,334.0
l24,2026-08-24 16:33:05 UTC,2026-08-24 20:17:26 UTC,0.796,0.055,0.0,0.94,21.802,-0.008,399.0,0.633,0.07,0.0,0.93,29.29,0.005,474.0,0.844,0.087,0.0,0.961,14.899,0.047,127.0,16243,0.415,0.045,0.0,0.96,56.691,0.025,176.0,0.529,0.061,0.0,0.951,43.719,0.039,247.0,"Koepka, Brooks",0.57,0.063,0.0,0.971,37.432,0.032,206.0
l24,2026-08-24 16:33:05 UTC,2026-08-24 20:17:26 UTC,0.822,0.084,0.0,0.949,23.039,0.002,455.0,0.69,0.052,0.0,0.949,31.896,0.005,706.0,0.816,0.087,0.0,0.905,21.386,-0.063,126.0,20730,0.411,0.033,0.0,0.962,53.118,0.017,210.0,0.472,0.055,0.0,0.979,46.977,0.021,381.0,"Perez, Victor",0.608,0.079,0.0,0.947,37.271,0.059,227.0
l24,2026-08-24 16:33:05 UTC,2026-08-24 20:17:26 UTC,0.807,0.076,0.0,0.954,20.561,0.026,648.0,0.672,0.05,0.0,0.962,30.395,0.005,948.0,0.823,0.104,0.0,0.956,16.788,0.03,182.0,29767,0.383,0.06,0.0,0.956,61.056,-0.002,298.0,0.451,0.067,0.0,0.991,39.435,0.06,461.0,"Gerard, Ryan",0.571,0.075,0.0,0.974,34.863,0.056,266.0
l24,2026-08-24 16:33:05 UTC,2026-08-24 20:17:26 UTC,0.796,0.062,0.0,0.934,22.13,-0.009,211.0,0.705,0.056,0.0,0.948,32.067,0.005,286.0,0.932,0.091,0.0,1.0,16.288,0.032,66.0,5994,0.405,0.075,0.0,0.985,64.76,0.068,67.0,0.486,0.038,0.0,0.947,46.29,0.025,131.0,"Stenson, Henrik",0.52,0.0,0.0,0.909,41.687,-0.095,55.0
l24,2026-08-24 16:33:05 UTC,2026-08-24 20:17:26 UTC,0.791,0.036,0.0,0.921,23.094,-0.033,391.0,0.678,0.064,0.0,0.938,31.058,0.004,421.0,0.883,0.111,0.0,0.949,17.544,0.041,99.0,11952,0.417,0.062,0.0,0.986,51.33,0.07,144.0,0.45,0.028,0.0,0.953,46.479,0.009,214.0,"Grace, Branden",0.594,0.078,0.0,0.952,37.977,0.003,167.0
l24,2026-08-24 16:33:05 UTC,2026-08-24 20:17:26 UTC,0.797,0.08,0.0,0.94,20.793,0.025,688.0,0.667,0.07,0.0,0.935,30.501,0.004,868.0,0.862,0.083,0.0,0.943,17.186,0.006,157.0,12965,0.39,0.062,0.0,0.949,61.951,0.003,292.0,0.497,0.067,0.0,0.967,43.733,0.048,418.0,"Fowler, Rickie",0.569,0.054,0.0,0.958,35.078,0.033,260.0
l24,2026-08-24 16:33:05 UTC,2026-08-24 20:17:26 UTC,0.726,0.058,1.0,0.913,24.421,-0.057,104.0,0.67,0.05,0.0,0.946,30.396,0.004,202.0,0.825,0.133,0.0,0.956,16.995,0.044,45.0,19190,0.31,0.065,0.0,0.913,64.929,-0.05,92.0,0.417,0.062,0.0,0.958,42.979,0.023,96.0,"Hoshino, Rikuya",0.592,0.019,0.0,0.904,37.138,-0.006,52.0
l24,2026-08-24 16:33:05 UTC,2026-08-24 20:17:26 UTC,0.777,0.074,0.0,0.931,22.315,-0.003,403.0,0.679,0.04,0.0,0.945,30.841,0.003,475.0,0.834,0.078,0.0,0.905,16.921,0.018,116.0,7649,0.314,0.086,0.0,0.934,53.618,0.035,151.0,0.481,0.054,0.0,0.977,43.755,0.032,258.0,"Leishman, Marc",0.585,0.06,0.0,0.918,35.756,0.009,182.0
l24,2026-08-24 16:33:05 UTC,2026-08-24 20:17:26 UTC,0.763,0.083,0.0,0.906,21.849,-0.015,577.0,0.711,0.054,0.0,0.945,30.795,0.003,782.0,0.884,0.169,0.0,0.958,15.662,0.077,189.0,16394,0.349,0.059,0.0,0.971,59.728,0.02,339.0,0.454,0.043,0.0,0.945,44.061,-0.006,422.0,"Jaeger, Stephan",0.555,0.098,0.0,0.938,37.855,0.037,337.0
l24,2026-08-24 16:33:05 UTC,2026-08-24 20:17:26 UTC,0.777,0.068,0.0,0.934,22.53,-0.014,637.0,0.664,0.056,0.0,0.944,29.301,0.003,953.0,0.871,0.092,0.0,0.954,15.393,0.053,239.0,28635,0.357,0.06,0.0,0.947,62.979,-0.004,282.0,0.463,0.048,0.0,0.948,45.19,0.002,480.0,"McCarty, Matt",0.566,0.095,0.0,0.936,36.494,0.036,264.0
l24,2026-08-24 16:33:05 UTC,2026-08-24 20:17:26 UTC,0.749,0.068,0.0,0.884,23.466,-0.047,251.0,0.668,0.057,0.0,0.938,30.191,0.003,368.0,0.883,0.065,0.0,0.946,17.631,0.002,92.0,32055,0.289,0.067,0.0,0.92,65.804,-0.08,75.0,0.462,0.071,0.0,0.953,43.791,0.025,170.0,"Shipley, Neal",0.527,0.04,0.0,0.944,38.137,0.001,124.0
l24,2026-08-24 16:33:05 UTC,2026-08-24 20:17:26 UTC,0.836,0.088,0.0,0.964,19.354,0.064,137.0,0.675,0.045,0.0,0.955,31.57,0.002,247.0,0.932,0.085,0.0,1.0,16.982,0.057,47.0,11460,0.247,0.022,0.0,0.957,69.267,-0.089,92.0,0.412,0.072,0.0,0.949,49.218,-0.005,138.0,"Manassero, Matteo",0.628,0.055,0.0,0.945,32.4,0.038,55.0
l24,2026-08-24 16:33:05 UTC,2026-08-24 20:17:26 UTC,0.821,0.068,0.0,0.962,20.287,0.032,662.0,0.681,0.049,0.0,0.945,29.976,0.001,1013.0,0.891,0.125,0.0,0.958,14.469,0.093,240.0,8825,0.346,0.039,0.0,0.972,63.035,-0.004,281.0,0.489,0.058,0.0,0.949,45.791,0.008,531.0,"Harman, Brian",0.555,0.057,0.0,0.939,38.688,0.006,280.0
l24,2026-08-24 16:33:05 UTC,2026-08-24 20:17:26 UTC,0.798,0.076,0.0,0.941,21.305,0.027,541.0,0.677,0.062,0.0,0.935,31.023,0.001,786.0,0.812,0.08,0.0,0.931,18.423,-0.006,188.0,14509,0.325,0.055,0.0,0.982,58.711,0.039,163.0,0.501,0.037,0.0,0.966,41.856,0.031,380.0,"Dahmen, Joel",0.559,0.062,0.0,0.981,36.246,0.038,209.0
l24,2026-08-24 16:33:05 UTC,2026-08-24 20:17:26 UTC,0.821,0.079,0.0,0.944,21.346,0.023,646.0,0.689,0.057,0.0,0.94,30.618,0.001,899.0,0.849,0.123,0.0,0.939,17.354,0.024,179.0,18474,0.393,0.054,0.0,0.949,59.824,0.016,294.0,0.512,0.074,0.0,0.963,42.525,0.054,403.0,"Smalley, Alex",0.595,0.075,0.0,0.933,36.041,0.03,268.0
l24,2026-08-24 16:33:05 UTC,2026-08-24 20:17:26 UTC,0.818,0.057,0.0,0.957,21.27,0.0,634.0,0.703,0.049,0.0,0.945,31.948,0.001,965.0,0.901,0.1,0.0,0.963,16.836,0.029,190.0,19870,0.349,0.049,0.0,0.957,61.957,0.004,345.0,0.48,0.063,0.0,0.971,44.835,0.03,479.0,"McCarthy, Denny",0.572,0.055,0.0,0.949,37.771,0.015,236.0
l24,2026-08-24 16:33:05 UTC,2026-08-24 20:17:26 UTC,0.777,0.038,1.0,0.937,23.86,-0.038,79.0,0.645,0.051,0.0,0.949,32.118,-0.0,136.0,,,,,,,,5716,0.36,0.043,0.0,0.986,53.803,0.032,69.0,0.325,0.028,1.0,0.986,48.153,-0.056,71.0,"Harrington, Padraig",0.69,0.096,0.0,0.923,33.575,0.073,52.0
l24,2026-08-24 16:33:05 UTC,2026-08-24 20:17:26 UTC,0.811,0.085,0.0,0.939,20.565,0.011,423.0,0.657,0.056,0.0,0.937,31.189,0.0,462.0,0.759,0.056,0.0,0.879,17.678,-0.021,124.0,7548,0.325,0.049,0.0,0.951,61.994,-0.011,142.0,0.506,0.039,0.0,0.97,46.503,0.038,231.0,"McDowell, Graeme",0.553,0.065,0.0,0.935,37.52,-0.007,184.0
l24,2026-08-24 16:33:05 UTC,2026-08-24 20:17:26 UTC,0.776,0.097,0.0,0.938,20.786,0.03,176.0,0.707,0.059,0.0,0.926,31.1,-0.0,256.0,0.803,0.071,0.0,0.971,16.744,-0.002,70.0,14698,0.313,0.037,0.0,0.938,63.369,-0.039,81.0,0.51,0.058,0.0,0.959,42.214,0.038,121.0,"Bramlett, Joseph",0.548,0.055,0.0,0.953,41.839,0.006,128.0
l24,2026-08-24 16:33:05 UTC,2026-08-24 20:17:26 UTC,0.78,0.091,0.0,0.944,18.927,0.046,679.0,0.656,0.072,0.0,0.93,28.859,0.0,947.0,0.83,0.118,0.0,0.945,15.754,0.043,238.0,15575,0.354,0.065,0.0,0.959,59.294,0.03,369.0,0.471,0.06,0.0,0.965,42.749,0.033,484.0,"Hoge, Tom",0.587,0.072,0.0,0.952,36.212,0.041,332.0
l24,2026-08-24 16:33:05 UTC,2026-08-24 20:17:26 UTC,0.729,0.063,0.0,0.913,23.277,-0.045,126.0,0.675,0.057,0.0,0.943,30.989,0.0,247.0,0.886,0.063,0.0,0.937,16.973,0.037,63.0,21889,0.346,0.048,0.0,0.981,62.987,-0.008,104.0,0.341,0.035,0.0,0.956,49.863,-0.062,114.0,"Kang, Jeffrey",0.533,0.117,0.0,0.957,33.402,0.068,94.0
l24,2026-08-24 16:33:05 UTC,2026-08-24 20:17:26 UTC,0.806,0.064,0.0,0.936,23.148,-0.011,439.0,0.681,0.044,0.0,0.948,31.03,0.0,517.0,0.849,0.067,0.0,0.95,16.142,0.018,119.0,22322,0.337,0.056,0.0,0.929,64.601,-0.017,126.0,0.446,0.05,0.0,0.961,47.029,-0.014,280.0,"McKibbin, Tom",0.547,0.053,0.0,0.928,42.114,-0.036,207.0
l24,2026-08-24 16:33:05 UTC,2026-08-24 20:17:26 UTC,0.811,0.063,0.0,0.944,22.571,0.007,284.0,0.71,0.046,0.0,0.945,30.72,-0.0,366.0,0.861,0.152,0.0,0.946,18.56,0.014,92.0,27183,0.299,0.055,0.0,0.945,64.652,-0.039,128.0,0.407,0.061,0.0,0.939,44.84,-0.028,212.0,"Salinda, Isaiah",0.521,0.051,0.0,0.905,38.714,-0.046,137.0
l24,2026-08-24 16:33:05 UTC,2026-08-24 20:17:26 UTC,0.823,0.063,0.0,0.94,20.562,0.02,696.0,0.695,0.06,0.0,0.934,31.187,-0.001,943.0,0.877,0.081,0.0,0.927,17.264,0.005,248.0,18634,0.387,0.061,0.0,0.988,59.497,0.03,344.0,0.477,0.053,0.0,0.965,46.701,0.017,513.0,"McNealy, Maverick",0.575,0.05,0.0,0.926,38.726,0.008,339.0
l24,2026-08-24 16:33:05 UTC,2026-08-24 20:17:26 UTC,0.81,0.033,0.0,0.96,21.055,-0.0,151.0,0.649,0.052,0.0,0.956,29.251,-0.001,251.0,0.862,0.154,0.0,0.923,14.588,0.076,65.0,20766,0.378,0.06,0.0,0.94,64.113,-0.012,83.0,0.511,0.056,0.0,0.952,40.221,0.062,126.0,"Brown, Dan",0.553,0.053,0.0,0.905,37.329,-0.007,95.0
l24,2026-08-24 16:33:05 UTC,2026-08-24 20:17:26 UTC,0.733,0.081,0.0,0.905,24.087,-0.044,210.0,0.66,0.044,0.0,0.942,29.668,-0.001,274.0,0.787,0.077,0.0,0.885,20.047,-0.028,52.0,25363,0.284,0.061,0.0,0.955,69.561,-0.013,66.0,0.393,0.025,0.0,0.943,49.281,-0.027,122.0,"Buckley, Hayden",0.583,0.051,0.0,0.949,37.475,0.021,98.0
l24,2026-08-24 16:33:05 UTC,2026-08-24 20:17:26 UTC,0.792,0.049,0.0,0.939,24.625,-0.025,327.0,0.679,0.042,0.0,0.93,30.111,-0.001,457.0,0.864,0.052,0.0,0.922,19.028,-0.024,77.0,26660,0.375,0.078,0.0,0.965,59.769,0.0,141.0,0.462,0.06,0.0,0.958,43.487,0.006,215.0,"Gordon, Will",0.577,0.062,0.0,0.958,40.121,0.013,144.0
l24,2026-08-24 16:33:05 UTC,2026-08-24 20:17:26 UTC,0.765,0.054,0.0,0.911,21.888,-0.021,428.0,0.682,0.05,0.0,0.95,31.023,-0.001,595.0,0.787,0.086,0.0,0.897,19.71,-0.042,116.0,29770,0.366,0.043,0.0,0.952,65.144,-0.008,207.0,0.534,0.074,0.0,0.958,43.493,0.073,311.0,"Mouw, William",0.59,0.055,0.0,0.95,39.051,0.022,220.0
l24,2026-08-24 16:33:05 UTC,2026-08-24 20:17:26 UTC,0.796,0.081,0.0,0.941,20.2,0.036,409.0,0.681,0.045,0.0,0.931,30.465,-0.002,464.0,0.777,0.054,0.0,0.938,17.856,-0.022,129.0,6516,0.346,0.037,0.0,0.969,58.824,0.016,163.0,0.49,0.073,0.0,0.977,45.199,0.048,260.0,"Bland, Richard",0.562,0.071,0.0,0.94,37.011,0.004,168.0
l24,2026-08-24 16:33:05 UTC,2026-08-24 20:17:26 UTC,0.778,0.084,0.0,0.925,22.226,0.002,651.0,0.667,0.064,0.0,0.942,31.035,-0.002,913.0,0.798,0.061,0.0,0.906,19.636,-0.061,212.0,16283,0.384,0.065,0.0,0.962,55.216,0.032,369.0,0.418,0.06,0.0,0.951,48.056,-0.016,452.0,"Rodgers, Patrick",0.541,0.074,0.0,0.932,40.776,-0.006,367.0
l24,2026-08-24 16:33:05 UTC,2026-08-24 20:17:26 UTC,0.78,0.078,0.0,0.925,21.812,-0.003,333.0,0.667,0.065,0.0,0.92,30.247,-0.002,552.0,0.83,0.082,0.0,0.955,15.854,0.033,134.0,17786,0.258,0.024,0.0,0.936,67.214,-0.084,250.0,0.488,0.073,0.0,0.934,44.516,-0.018,273.0,"Davis, Cam",0.489,0.083,0.0,0.946,36.566,0.019,204.0
l24,2026-08-24 16:33:05 UTC,2026-08-24 20:17:26 UTC,0.735,0.059,0.0,0.92,22.709,-0.032,187.0,0.704,0.046,0.0,0.931,31.139,-0.002,261.0,0.865,0.056,0.0,0.944,21.134,-0.073,36.0,21074,0.479,0.102,0.0,0.989,49.121,0.107,88.0,0.552,0.07,0.0,0.984,39.973,0.082,129.0,"Nakajima, Keita",0.526,0.063,0.0,0.975,38.666,-0.002,79.0
l24,2026-08-24 16:33:05 UTC,2026-08-24 20:17:26 UTC,0.783,0.086,0.0,0.94,22.272,0.013,420.0,0.671,0.044,0.0,0.946,29.744,-0.002,702.0,0.853,0.137,0.0,0.931,18.765,-0.01,102.0,23816,0.397,0.042,0.0,0.975,57.93,0.03,238.0,0.479,0.037,0.0,0.969,43.013,0.029,294.0,"Valimaki, Sami",0.61,0.101,0.0,0.947,37.786,0.03,188.0
l24,2026-08-24 16:33:05 UTC,2026-08-24 20:17:26 UTC,0.821,0.075,0.0,0.954,20.42,0.036,613.0,0.682,0.05,0.0,0.951,31.286,-0.002,823.0,0.863,0.092,0.0,0.954,16.315,0.036,218.0,24550,0.341,0.051,0.0,0.972,60.52,-0.0,215.0,0.499,0.063,0.0,0.943,43.341,0.029,367.0,"Ghim, Doug",0.602,0.053,0.0,0.958,36.967,0.032,262.0
l24,2026-08-24 16:33:05 UTC,2026-08-24 20:17:26 UTC,0.815,0.071,0.0,0.959,20.326,0.035,196.0,0.65,0.054,0.0,0.932,31.715,-0.002,279.0,0.85,0.095,0.0,0.952,16.048,0.015,63.0,30620,0.286,0.045,0.0,0.909,69.522,-0.075,66.0,0.469,0.047,0.0,0.987,39.318,0.061,150.0,"Chatfield, Davis",0.526,0.071,0.0,0.875,40.412,-0.044,56.0
l24,2026-08-24 16:33:05 UTC,2026-08-24 20:17:26 UTC,0.808,0.057,0.0,0.936,22.694,-0.011,453.0,0.68,0.069,0.0,0.938,31.479,-0.003,677.0,0.836,0.058,0.0,0.942,18.959,-0.02,156.0,13508,0.373,0.052,0.0,0.955,65.065,0.007,289.0,0.472,0.052,0.0,0.953,44.168,0.007,343.0,"Vegas, Jhonattan",0.605,0.045,0.0,0.932,37.695,0.029,264.0
l24,2026-08-24 16:33:05 UTC,2026-08-24 20:17:26 UTC,0.803,0.072,0.0,0.94,22.862,-0.007,318.0,0.691,0.053,0.0,0.937,31.295,-0.003,378.0,0.824,0.075,0.0,0.925,18.051,-0.024,93.0,14795,0.347,0.055,0.0,0.936,64.325,-0.02,109.0,0.504,0.078,0.0,0.95,43.355,0.05,219.0,"Canter, Laurie",0.626,0.083,0.0,0.975,35.592,0.052,120.0
l24,2026-08-24 16:33:05 UTC,2026-08-24 20:17:26 UTC,0.801,0.084,0.0,0.954,19.758,0.037,711.0,0.667,0.048,0.0,0.945,30.356,-0.003,1000.0,0.862,0.079,0.0,0.967,15.741,0.037,240.0,17543,0.379,0.073,0.0,0.944,59.646,0.018,354.0,0.46,0.05,0.0,0.967,44.39,0.012,517.0,"Kim, Michael",0.601,0.079,0.0,0.94,36.491,0.043,331.0
l24,2026-08-24 16:33:05 UTC,2026-08-24 20:17:26 UTC,0.789,0.076,0.0,0.931,21.535,-0.003,437.0,0.637,0.077,0.0,0.942,30.054,-0.003,496.0,0.887,0.088,0.0,0.943,17.908,-0.006,159.0,19841,0.35,0.085,0.0,0.951,60.292,0.009,164.0,0.509,0.086,0.0,0.961,41.099,0.072,304.0,"DeChambeau, Bryson",0.533,0.032,0.0,0.917,37.832,-0.025,216.0
l24,2026-08-24 16:33:05 UTC,2026-08-24 20:17:26 UTC,0.787,0.086,0.0,0.942,21.899,0.005,395.0,0.694,0.05,0.0,0.955,31.573,-0.004,641.0,0.832,0.091,0.0,0.947,20.076,-0.043,132.0,10419,0.376,0.072,0.0,0.966,59.917,0.048,207.0,0.473,0.055,0.0,0.957,44.516,0.023,347.0,"Noren, Alex",0.559,0.088,0.0,0.953,41.831,0.018,148.0
l24,2026-08-24 16:33:05 UTC,2026-08-24 20:17:26 UTC,0.785,0.077,0.0,0.939,21.953,0.009,620.0,0.665,0.063,0.0,0.941,30.937,-0.004,861.0,0.838,0.062,0.0,0.955,16.786,-0.0,178.0,16333,0.345,0.027,0.0,0.957,61.11,-0.04,257.0,0.529,0.078,0.0,0.98,42.126,0.063,399.0,"Hubbard, Mark",0.519,0.068,0.0,0.921,37.991,0.002,279.0
l24,2026-08-24 16:33:05 UTC,2026-08-24 20:17:26 UTC,0.809,0.077,0.0,0.934,21.939,0.02,533.0,0.681,0.055,0.0,0.95,31.36,-0.004,778.0,0.853,0.101,0.0,0.953,17.279,0.027,258.0,17365,0.357,0.06,0.0,0.964,58.126,0.007,249.0,0.465,0.061,0.0,0.966,43.143,0.026,407.0,"Mitchell, Keith",0.557,0.066,0.0,0.941,38.505,0.02,439.0
l24,2026-08-24 16:33:05 UTC,2026-08-24 20:17:26 UTC,0.799,0.058,0.0,0.945,21.921,-0.004,650.0,0.692,0.063,0.0,0.947,30.974,-0.004,873.0,0.842,0.089,0.0,0.933,19.74,-0.03,179.0,23323,0.385,0.074,0.0,0.96,56.84,0.032,298.0,0.471,0.05,0.0,0.958,41.448,0.027,457.0,"MacIntyre, Robert",0.609,0.077,0.0,0.96,35.616,0.049,297.0
l24,2026-08-24 16:33:05 UTC,2026-08-24 20:17:26 UTC,0.801,0.066,0.0,0.924,23.227,-0.022,487.0,0.688,0.06,0.0,0.951,32.039,-0.005,668.0,0.806,0.046,0.0,0.934,19.086,-0.033,152.0,11451,0.353,0.04,0.0,0.945,62.741,-0.039,200.0,0.48,0.042,0.0,0.958,44.727,0.026,284.0,"Garnett, Brice",0.586,0.083,0.0,0.93,40.264,-0.001,157.0
l24,2026-08-24 16:33:05 UTC,2026-08-24 20:17:26 UTC,0.815,0.083,0.0,0.941,23.33,-0.003,421.0,0.708,0.045,0.0,0.945,32.007,-0.005,604.0,0.85,0.098,0.0,0.965,16.545,0.023,143.0,13412,0.393,0.041,0.0,0.959,63.964,-0.018,217.0,0.463,0.071,0.0,0.961,44.332,0.025,281.0,"Olesen, Thorbjorn",0.603,0.077,0.0,0.938,38.667,0.023,194.0
l24,2026-08-24 16:33:05 UTC,2026-08-24 20:17:26 UTC,0.823,0.075,0.0,0.948,21.807,0.011,598.0,0.7,0.065,0.0,0.937,31.776,-0.005,694.0,0.849,0.076,0.0,0.929,17.534,0.017,170.0,14181,0.355,0.059,0.0,0.949,59.908,-0.002,255.0,0.477,0.051,0.0,0.937,46.065,0.009,395.0,"Detry, Thomas",0.542,0.051,0.0,0.936,39.336,-0.024,235.0
l24,2026-08-24 16:33:05 UTC,2026-08-24 20:17:26 UTC,0.736,0.068,0.0,0.902,22.744,-0.032,266.0,0.687,0.056,0.0,0.946,31.393,-0.005,372.0,0.849,0.033,0.0,0.978,17.931,-0.02,92.0,22002,0.313,0.053,0.0,0.98,62.52,-0.016,151.0,0.519,0.067,0.0,0.982,42.101,0.044,163.0,"Dumont De Chassart, Adrien",0.48,0.076,0.0,0.93,39.436,-0.002,157.0
l24,2026-08-24 16:33:05 UTC,2026-08-24 20:17:26 UTC,0.816,0.075,0.0,0.956,22.164,0.028,159.0,0.675,0.059,0.0,0.919,32.232,-0.005,186.0,0.867,0.108,0.0,0.946,20.317,-0.027,37.0,22051,0.404,0.054,0.0,0.932,59.602,-0.006,74.0,0.46,0.017,0.0,0.95,47.32,-0.04,119.0,"Wise, Aaron",0.492,0.027,0.0,0.973,41.899,-0.04,73.0
l24,2026-08-24 16:33:05 UTC,2026-08-24 20:17:26 UTC,0.772,0.09,0.0,0.91,23.508,0.004,445.0,0.7,0.061,0.0,0.932,30.811,-0.005,541.0,0.807,0.074,0.0,0.902,19.405,-0.031,122.0,23656,0.325,0.042,0.0,0.965,60.822,-0.011,143.0,0.444,0.049,0.0,0.97,45.109,0.022,268.0,"Young, Carson",0.602,0.075,0.0,0.966,38.906,0.031,146.0
l24,2026-08-24 16:33:05 UTC,2026-08-24 20:17:26 UTC,0.793,0.093,0.0,0.923,22.512,0.0,365.0,0.682,0.06,0.0,0.938,32.266,-0.005,515.0,0.785,0.078,0.0,0.922,20.01,-0.04,141.0,27900,0.348,0.06,0.0,0.945,63.536,-0.011,201.0,0.447,0.08,0.0,0.935,44.988,0.013,275.0,"Potgieter, Aldrich",0.533,0.046,0.0,0.932,41.185,-0.042,263.0
l24,2026-08-24 16:33:05 UTC,2026-08-24 20:17:26 UTC,0.822,0.093,0.0,0.95,18.957,0.065,535.0,0.675,0.056,0.0,0.946,30.683,-0.006,808.0,0.873,0.119,0.0,0.954,15.674,0.074,194.0,12423,0.292,0.053,0.0,0.935,66.158,-0.037,245.0,0.495,0.073,0.0,0.955,44.439,0.032,398.0,"Kirk, Chris",0.593,0.091,0.0,0.951,36.47,0.05,264.0
l24,2026-08-24 16:33:05 UTC,2026-08-24 20:17:26 UTC,0.769,0.074,0.0,0.916,22.458,-0.01,393.0,0.659,0.074,0.0,0.92,32.045,-0.006,476.0,0.813,0.078,0.0,0.884,20.09,-0.013,129.0,14735,0.407,0.055,0.0,0.969,58.338,0.038,163.0,0.512,0.073,0.0,0.958,45.447,0.03,259.0,"Ortiz, Carlos",0.552,0.073,0.0,0.927,33.158,0.008,193.0
l24,2026-08-24 16:33:05 UTC,2026-08-24 20:17:26 UTC,0.739,0.073,0.0,0.902,23.639,-0.038,368.0,0.633,0.051,0.0,0.949,31.309,-0.006,434.0,0.86,0.148,0.0,0.938,15.739,0.079,128.0,17064,0.398,0.047,0.0,0.892,55.246,0.012,148.0,0.433,0.076,0.0,0.948,44.372,0.027,250.0,"Herbert, Lucas",0.541,0.072,0.0,0.889,39.157,-0.021,235.0
l24,2026-08-24 16:33:05 UTC,2026-08-24 20:17:26 UTC,0.806,0.06,0.0,0.907,21.978,0.004,150.0,0.662,0.065,0.0,0.92,31.663,-0.007,200.0,0.806,0.1,0.0,0.94,17.433,-0.019,50.0,7961,0.346,0.02,1.0,0.902,67.503,-0.086,51.0,0.458,0.034,0.0,0.966,46.268,-0.012,89.0,"Reavie, Chez",0.453,0.138,0.0,0.938,37.805,0.025,65.0
l24,2026-08-24 16:33:05 UTC,2026-08-24 20:17:26 UTC,0.761,0.059,0.0,0.927,23.344,-0.03,455.0,0.663,0.043,0.0,0.932,30.396,-0.007,511.0,0.906,0.061,0.0,0.952,16.665,0.027,165.0,12422,0.313,0.083,0.0,0.936,61.142,-0.007,204.0,0.473,0.068,0.0,0.956,44.984,0.036,295.0,"Johnson, Dustin",0.573,0.059,0.0,0.946,39.7,-0.02,221.0
l24,2026-08-24 16:33:05 UTC,2026-08-24 20:17:26 UTC,0.726,0.082,0.0,0.909,23.532,-0.035,428.0,0.694,0.047,0.0,0.955,31.893,-0.007,623.0,0.85,0.047,0.0,0.922,20.511,-0.044,128.0,15330,0.344,0.048,0.0,0.967,52.888,0.002,209.0,0.489,0.069,0.0,0.965,44.855,0.04,318.0,"Griffin, Lanto",0.589,0.062,0.0,0.959,35.204,0.059,193.0
l24,2026-08-24 16:33:05 UTC,2026-08-24 20:17:26 UTC,0.761,0.085,0.0,0.93,21.66,0.007,458.0,0.675,0.051,0.0,0.934,31.699,-0.007,651.0,0.812,0.052,0.0,0.939,17.978,-0.023,212.0,19477,0.301,0.054,0.0,0.95,69.039,-0.055,258.0,0.482,0.046,0.0,0.944,48.049,-0.018,323.0,"Schenk, Adam",0.544,0.061,0.0,0.91,39.055,-0.025,312.0
l24,2026-08-24 16:33:05 UTC,2026-08-24 20:17:26 UTC,0.79,0.068,0.0,0.937,21.887,-0.005,575.0,0.687,0.056,0.0,0.935,31.998,-0.007,787.0,0.827,0.059,0.0,0.905,18.823,-0.024,222.0,23465,0.303,0.041,0.0,0.966,61.332,-0.013,290.0,0.457,0.044,0.0,0.97,44.154,0.011,405.0,"Greyserman, Max",0.52,0.063,0.0,0.955,38.478,0.011,333.0
l24,2026-08-24 16:33:05 UTC,2026-08-24 20:17:26 UTC,0.813,0.053,0.0,0.929,22.585,-0.004,700.0,0.688,0.046,0.0,0.942,31.066,-0.007,1061.0,0.854,0.107,0.0,0.958,15.66,0.048,214.0,24968,0.381,0.058,0.0,0.976,56.69,0.051,379.0,0.502,0.065,0.0,0.977,45.679,0.047,521.0,"Griffin, Ben",0.57,0.083,0.0,0.931,38.774,0.019,361.0
l24,2026-08-24 16:33:05 UTC,2026-08-24 20:17:26 UTC,0.831,0.05,0.0,0.957,23.194,-0.01,563.0,0.707,0.038,0.0,0.953,32.625,-0.007,741.0,0.891,0.043,0.0,0.952,19.225,-0.031,187.0,25094,0.331,0.029,0.0,0.942,66.074,-0.043,243.0,0.495,0.068,0.0,0.967,45.619,0.028,368.0,"Fishburn, Patrick",0.572,0.068,0.0,0.944,40.681,0.01,266.0
l24,2026-08-24 16:33:05 UTC,2026-08-24 20:17:26 UTC,0.747,0.031,0.0,0.93,24.173,-0.035,227.0,0.664,0.053,0.0,0.95,31.326,-0.007,282.0,0.792,0.093,0.0,0.907,21.256,-0.047,54.0,31343,0.325,0.031,0.0,0.938,59.456,-0.043,65.0,0.487,0.046,0.0,0.985,43.406,0.046,131.0,"Ford, David",0.512,0.05,0.0,0.933,40.026,-0.006,60.0
l24,2026-08-24 16:33:05 UTC,2026-08-24 20:17:26 UTC,0.821,0.09,0.0,0.947,18.924,0.054,603.0,0.687,0.052,0.0,0.943,31.268,-0.008,824.0,0.879,0.071,0.0,0.945,15.946,0.055,183.0,14139,0.362,0.062,0.0,0.965,55.254,0.027,289.0,0.459,0.068,0.0,0.939,44.413,0.01,426.0,"Thomas, Justin",0.55,0.089,0.0,0.939,36.82,0.039,314.0
l24,2026-08-24 16:33:05 UTC,2026-08-24 20:17:26 UTC,0.783,0.065,0.0,0.893,22.473,-0.019,168.0,0.697,0.043,0.0,0.93,31.593,-0.008,185.0,0.834,0.06,0.0,0.94,16.661,-0.005,50.0,24660,0.425,0.093,0.0,0.947,63.762,0.029,75.0,0.538,0.06,0.0,0.94,42.05,0.038,84.0,"Kjettrup, Frederik",0.648,0.103,0.0,0.914,39.586,0.012,58.0
l24,2026-08-24 16:33:05 UTC,2026-08-24 20:17:26 UTC,0.789,0.073,0.0,0.925,22.006,-0.01,532.0,0.673,0.053,0.0,0.928,30.764,-0.009,711.0,0.894,0.079,0.0,0.972,15.427,0.038,177.0,16841,0.314,0.032,0.0,0.936,66.312,-0.056,280.0,0.476,0.072,0.0,0.96,45.627,0.039,347.0,"Lee, Min Woo",0.53,0.056,0.0,0.947,39.614,-0.014,285.0
l24,2026-08-24 16:33:05 UTC,2026-08-24 20:17:26 UTC,0.8,0.072,0.0,0.945,21.092,0.013,559.0,0.657,0.052,0.0,0.938,31.155,-0.01,828.0,0.885,0.11,0.0,0.921,18.864,0.018,127.0,23505,0.384,0.048,0.0,0.961,53.855,0.021,229.0,0.473,0.057,0.0,0.964,44.256,0.028,389.0,"McGreevy, Max",0.543,0.032,0.0,0.905,39.233,-0.016,189.0
l24,2026-08-24 16:33:05 UTC,2026-08-24 20:17:26 UTC,0.805,0.069,0.0,0.94,22.215,0.001,565.0,0.672,0.053,0.0,0.94,31.057,-0.01,787.0,0.871,0.093,0.0,0.966,17.374,0.005,204.0,26649,0.374,0.059,0.0,0.945,56.062,-0.009,236.0,0.498,0.064,0.0,0.969,44.035,0.049,393.0,"Thorbjornsen, Michael",0.599,0.075,0.0,0.918,40.643,0.008,281.0
l24,2026-08-24 16:33:05 UTC,2026-08-24 20:17:26 UTC,0.784,0.088,0.0,0.933,22.176,-0.014,388.0,0.653,0.064,0.0,0.934,31.424,-0.011,424.0,0.863,0.115,0.0,0.92,17.256,0.021,113.0,7672,0.31,0.018,0.0,0.973,55.463,-0.004,110.0,0.409,0.043,0.0,0.947,48.329,-0.006,207.0,"Oosthuizen, Louis",0.619,0.057,0.0,0.951,33.626,0.026,123.0
l24,2026-08-24 16:33:05 UTC,2026-08-24 20:17:26 UTC,0.797,0.068,0.0,0.913,23.217,-0.014,367.0,0.637,0.054,0.0,0.922,31.059,-0.011,424.0,0.835,0.061,0.0,0.957,17.064,0.029,115.0,11641,0.317,0.025,0.0,0.936,68.26,-0.045,157.0,0.408,0.041,0.0,0.95,45.421,-0.015,220.0,"Kim, Anthony",0.575,0.065,0.0,0.893,37.278,-0.001,214.0
l24,2026-08-24 16:33:05 UTC,2026-08-24 20:17:26 UTC,0.806,0.076,0.0,0.951,20.025,0.028,608.0,0.657,0.057,0.0,0.939,30.615,-0.011,725.0,0.849,0.094,0.0,0.931,17.533,0.013,160.0,11889,0.417,0.054,0.0,0.965,57.943,0.051,317.0,0.434,0.079,0.0,0.95,43.423,0.018,381.0,"Fox, Ryan",0.586,0.102,0.0,0.973,34.061,0.068,295.0
l24,2026-08-24 16:33:05 UTC,2026-08-24 20:17:26 UTC,0.818,0.082,0.0,0.926,21.264,0.015,659.0,0.665,0.049,0.0,0.946,30.886,-0.011,902.0,0.838,0.115,0.0,0.931,16.972,0.036,174.0,23014,0.366,0.06,0.0,0.956,55.273,0.016,384.0,0.447,0.059,0.0,0.955,44.42,0.026,424.0,"Theegala, Sahith",0.549,0.058,0.0,0.951,36.799,0.017,344.0
l24,2026-08-24 16:33:05 UTC,2026-08-24 20:17:26 UTC,0.842,0.075,0.0,0.96,20.036,0.047,322.0,0.637,0.046,0.0,0.949,31.337,-0.012,435.0,0.95,0.077,0.0,1.0,15.36,0.056,78.0,23482,0.332,0.008,0.0,0.952,59.079,-0.022,125.0,0.508,0.04,0.0,0.972,43.731,0.028,177.0,"Sigg, Greyson",0.568,0.076,0.0,0.949,35.109,0.029,118.0
l24,2026-08-24 16:33:05 UTC,2026-08-24 20:17:26 UTC,0.801,0.084,0.0,0.947,21.056,0.021,320.0,0.639,0.052,0.0,0.927,31.226,-0.013,424.0,0.911,0.044,0.0,0.967,17.813,-0.026,90.0,8480,0.265,0.03,0.0,0.97,63.087,-0.062,133.0,0.444,0.035,0.0,0.971,45.688,0.005,171.0,"Streelman, Kevin",0.594,0.098,0.0,0.955,37.61,0.035,112.0
l24,2026-08-24 16:33:05 UTC,2026-08-24 20:17:26 UTC,0.79,0.085,0.0,0.928,22.477,-0.005,388.0,0.688,0.041,0.0,0.947,32.338,-0.013,438.0,0.913,0.113,0.0,0.939,14.783,0.093,115.0,14013,0.367,0.06,0.0,0.933,58.637,-0.019,149.0,0.493,0.039,0.0,0.969,48.787,0.014,228.0,"Tringale, Cameron",0.548,0.089,0.0,0.929,36.364,0.022,168.0
l24,2026-08-24 16:33:05 UTC,2026-08-24 20:17:26 UTC,0.802,0.06,0.0,0.944,22.928,-0.009,587.0,0.691,0.047,0.0,0.92,33.066,-0.013,803.0,0.896,0.091,0.0,0.963,17.872,0.01,187.0,15556,0.315,0.045,0.0,0.942,68.682,-0.024,309.0,0.477,0.053,0.0,0.927,48.396,-0.02,395.0,"Hughes, Mackenzie",0.582,0.066,0.0,0.959,38.861,0.015,318.0
l24,2026-08-24 16:33:05 UTC,2026-08-24 20:17:26 UTC,0.797,0.077,0.0,0.916,21.823,0.004,311.0,0.727,0.056,0.0,0.934,31.983,-0.013,395.0,0.858,0.047,0.0,0.93,17.161,0.018,86.0,21407,0.347,0.037,0.0,0.985,63.082,0.003,135.0,0.439,0.052,0.0,0.943,44.362,-0.006,211.0,"Reitan, Kristoffer",0.589,0.109,0.0,0.971,32.96,0.068,138.0
l24,2026-08-24 16:33:05 UTC,2026-08-24 20:17:26 UTC,0.8,0.079,0.0,0.952,21.911,0.016,433.0,0.668,0.052,0.0,0.948,31.486,-0.013,614.0,0.798,0.1,0.0,0.919,18.403,-0.001,160.0,29279,0.421,0.04,0.0,0.955,52.93,0.022,200.0,0.543,0.076,0.0,0.967,39.061,0.073,303.0,"Suber, Jackson",0.565,0.051,0.0,0.953,40.833,0.0,256.0
l24,2026-08-24 16:33:05 UTC,2026-08-24 20:17:26 UTC,0.819,0.08,0.0,0.961,20.704,0.04,464.0,0.678,0.046,0.0,0.935,31.465,-0.014,648.0,0.893,0.106,0.0,0.972,14.731,0.07,142.0,8820,0.312,0.029,0.0,0.96,71.279,-0.057,174.0,0.433,0.041,0.0,0.946,50.683,-0.026,315.0,"Snedeker, Brandt",0.529,0.078,0.0,0.958,37.554,0.04,166.0
l24,2026-08-24 16:33:05 UTC,2026-08-24 20:17:26 UTC,0.773,0.076,0.0,0.939,22.281,-0.0,330.0,0.659,0.046,0.0,0.93,31.318,-0.014,460.0,0.838,0.12,0.0,0.94,16.32,0.057,117.0,29197,0.365,0.076,0.0,0.962,62.199,0.006,131.0,0.521,0.113,0.0,0.958,37.14,0.101,213.0,"Brennan, Michael",0.584,0.082,0.0,0.94,39.259,0.022,184.0
l24,2026-08-24 16:33:05 UTC,2026-08-24 20:17:26 UTC,,,,,,,,0.742,0.038,1.0,0.942,31.254,-0.014,104.0,,,,,,,,31960,,,,,,,,,,,,,,,"Hastings, Justin",0.618,0.036,1.0,1.0,35.459,0.038,28.0
l24,2026-08-24 16:33:05 UTC,2026-08-24 20:17:26 UTC,0.803,0.057,0.0,0.949,22.85,-0.007,473.0,0.68,0.047,0.0,0.949,33.265,-0.015,687.0,0.862,0.068,0.0,0.955,16.692,0.034,176.0,26657,0.387,0.046,0.0,0.959,58.95,0.012,218.0,0.441,0.058,0.0,0.945,45.234,-0.007,310.0,"Fisk, Steven",0.519,0.063,0.0,0.937,42.052,-0.012,270.0
l24,2026-08-24 16:33:05 UTC,2026-08-24 20:17:26 UTC,0.84,0.078,0.0,0.948,21.957,0.016,477.0,0.664,0.046,0.0,0.946,32.727,-0.015,647.0,0.879,0.079,0.0,0.957,16.289,0.062,139.0,28309,0.353,0.028,0.0,0.929,60.201,-0.036,211.0,0.485,0.05,0.0,0.969,47.906,-0.004,321.0,"Coody, Pierceson",0.55,0.072,0.0,0.909,43.062,-0.027,264.0
l24,2026-08-24 16:33:05 UTC,2026-08-24 20:17:26 UTC,0.758,0.067,0.0,0.908,23.82,-0.025,448.0,0.648,0.071,0.0,0.931,32.775,-0.016,608.0,0.789,0.031,0.0,0.885,20.478,-0.094,130.0,12909,0.381,0.054,0.0,0.957,60.609,0.017,257.0,0.439,0.051,0.0,0.911,47.356,-0.033,313.0,"Campos, Rafael",0.549,0.05,0.0,0.941,39.679,-0.016,239.0
l24,2026-08-24 16:33:05 UTC,2026-08-24 20:17:26 UTC,0.789,0.056,0.0,0.938,23.326,-0.02,531.0,0.676,0.055,0.0,0.932,32.618,-0.016,765.0,0.866,0.077,0.0,0.952,17.354,0.02,207.0,15470,0.301,0.06,0.0,0.965,60.025,-0.025,284.0,0.422,0.038,0.0,0.941,48.375,-0.047,391.0,"Hossler, Beau",0.595,0.069,0.0,0.937,37.237,0.031,334.0
l24,2026-08-24 16:33:05 UTC,2026-08-24 20:17:26 UTC,0.78,0.071,0.0,0.915,25.083,-0.037,212.0,0.689,0.067,0.0,0.919,33.347,-0.016,297.0,0.893,0.085,0.0,1.0,17.671,-0.015,47.0,16160,0.308,0.083,0.0,0.972,55.871,0.015,72.0,0.46,0.044,0.0,0.95,45.201,0.028,160.0,"Song, Younghan",0.633,0.039,0.0,0.909,35.598,0.009,77.0
l24,2026-08-24 16:33:05 UTC,2026-08-24 20:17:26 UTC,0.751,0.093,0.0,0.907,21.832,0.006,300.0,0.671,0.038,0.0,0.924,31.593,-0.016,396.0,0.868,0.091,0.0,0.945,19.02,0.033,55.0,29925,0.379,0.066,0.0,0.959,54.207,0.021,122.0,0.489,0.063,0.0,0.954,38.285,0.076,175.0,"Yellamaraju, Sudarshan",0.548,0.055,0.0,0.945,33.615,0.022,127.0
l24,2026-08-24 16:33:05 UTC,2026-08-24 20:17:26 UTC,0.794,0.064,0.0,0.949,21.622,0.019,375.0,0.649,0.059,0.0,0.92,31.336,-0.017,426.0,0.768,0.069,0.0,0.922,18.742,-0.042,116.0,4052,0.291,0.015,0.0,0.963,64.167,-0.032,135.0,0.439,0.062,0.0,0.943,52.468,-0.032,227.0,"Westwood, Lee",0.592,0.079,0.0,0.961,33.738,0.036,152.0
l24,2026-08-24 16:33:05 UTC,2026-08-24 20:17:26 UTC,0.783,0.065,0.0,0.93,23.094,-0.018,474.0,0.678,0.054,0.0,0.92,31.967,-0.017,560.0,0.87,0.054,0.0,0.94,19.932,-0.039,149.0,17381,0.344,0.028,0.0,0.944,69.105,-0.047,179.0,0.423,0.036,0.0,0.936,50.676,-0.06,281.0,"Silverman, Ben",0.591,0.094,0.0,0.95,37.228,0.057,159.0
l24,2026-08-24 16:33:05 UTC,2026-08-24 20:17:26 UTC,0.808,0.06,0.0,0.928,21.373,0.005,529.0,0.661,0.067,0.0,0.935,31.241,-0.017,766.0,0.847,0.101,0.0,0.964,16.781,0.032,168.0,17538,0.362,0.048,0.0,0.956,61.858,-0.003,270.0,0.471,0.064,0.0,0.948,45.445,0.015,404.0,"Homa, Max",0.544,0.077,0.0,0.934,38.414,0.001,287.0
l24,2026-08-24 16:33:05 UTC,2026-08-24 20:17:26 UTC,0.787,0.055,0.0,0.93,23.143,-0.02,402.0,0.641,0.05,0.0,0.925,32.064,-0.017,479.0,0.838,0.049,0.0,0.923,18.396,-0.03,143.0,24342,0.288,0.035,0.0,0.953,67.323,-0.06,170.0,0.423,0.06,0.0,0.962,45.633,-0.005,235.0,"Higgo, Garrick",0.496,0.063,0.0,0.928,40.671,-0.029,222.0
l24,2026-08-24 16:33:05 UTC,2026-08-24 20:17:26 UTC,0.762,0.092,0.0,0.925,21.854,0.005,652.0,0.65,0.067,0.0,0.942,31.29,-0.017,823.0,0.797,0.098,0.0,0.921,18.065,-0.01,164.0,28469,0.321,0.063,0.0,0.944,60.239,-0.004,287.0,0.43,0.061,0.0,0.967,44.357,0.008,391.0,"Highsmith, Joe",0.536,0.056,0.0,0.948,39.521,-0.017,305.0
l24,2026-08-24 16:33:05 UTC,2026-08-24 20:17:26 UTC,0.807,0.058,0.0,0.932,23.33,-0.017,398.0,0.681,0.056,0.0,0.939,34.572,-0.018,394.0,0.852,0.101,0.0,0.964,15.718,0.055,138.0,6892,0.316,0.042,0.0,0.958,60.276,-0.004,118.0,0.417,0.044,0.0,0.956,51.242,-0.028,229.0,"Howell III, Charles",0.638,0.04,0.0,0.95,36.544,0.003,202.0
l24,2026-08-24 16:33:05 UTC,2026-08-24 20:17:26 UTC,0.751,0.103,0.0,0.912,21.764,0.002,194.0,0.613,0.027,0.0,0.922,30.47,-0.018,255.0,0.755,0.049,0.0,0.852,17.704,-0.035,61.0,13367,0.21,0.024,0.0,0.916,77.979,-0.147,83.0,0.465,0.081,0.0,0.919,48.637,0.001,136.0,"Merritt, Troy",0.483,0.091,0.0,0.955,36.494,0.004,110.0
l24,2026-08-24 16:33:05 UTC,2026-08-24 20:17:26 UTC,0.833,0.094,0.0,0.919,22.181,0.014,160.0,0.626,0.088,0.0,0.917,31.959,-0.018,181.0,0.899,0.108,0.0,0.946,18.565,0.03,37.0,18187,0.343,0.026,1.0,0.949,64.829,-0.046,39.0,0.397,0.01,0.0,0.959,54.312,-0.065,98.0,"Duncan, Tyler",0.456,0.038,0.0,0.962,43.322,-0.072,53.0
l24,2026-08-24 16:33:05 UTC,2026-08-24 20:17:26 UTC,0.727,0.021,1.0,0.957,22.855,-0.046,94.0,0.661,0.08,1.0,0.884,30.311,-0.018,112.0,0.769,0.056,0.0,0.917,21.907,-0.115,36.0,19208,,,,,,,,0.454,0.067,1.0,0.95,45.085,0.023,60.0,"Endycott, Harrison",0.5,0.048,0.0,0.881,46.99,-0.048,42.0
l24,2026-08-24 16:33:05 UTC,2026-08-24 20:17:26 UTC,0.755,0.062,0.0,0.912,22.309,-0.012,160.0,0.61,0.047,0.0,0.94,29.731,-0.018,149.0,0.8,0.188,0.0,0.938,18.299,0.006,48.0,28276,0.271,0.029,0.0,0.942,62.985,-0.052,69.0,0.536,0.095,0.0,0.979,43.741,0.091,95.0,"Jang, Yubin",0.592,0.115,0.0,0.962,32.054,0.049,104.0
l24,2026-08-24 16:33:05 UTC,2026-08-24 20:17:26 UTC,0.805,0.083,0.0,0.925,24.001,-0.011,375.0,0.662,0.048,0.0,0.921,32.583,-0.019,418.0,0.863,0.059,0.0,0.911,19.914,-0.029,101.0,14196,0.318,0.044,0.0,0.961,61.21,-0.021,181.0,0.45,0.049,0.0,0.934,46.907,-0.004,226.0,"Meronk, Adrian",0.497,0.044,0.0,0.895,40.669,-0.049,228.0
l24,2026-08-24 16:33:05 UTC,2026-08-24 20:17:26 UTC,0.826,0.065,0.0,0.949,21.813,0.015,431.0,0.672,0.039,0.0,0.939,32.113,-0.02,557.0,0.827,0.067,0.0,0.933,18.521,-0.052,163.0,23838,0.38,0.053,0.0,0.966,61.841,-0.002,265.0,0.527,0.067,0.0,0.949,44.126,0.031,312.0,"Hojgaard, Rasmus",0.571,0.071,0.0,0.954,41.41,0.014,280.0
l24,2026-08-24 16:33:05 UTC,2026-08-24 20:17:26 UTC,0.846,0.064,1.0,0.962,21.014,0.014,78.0,0.643,0.069,1.0,0.931,30.949,-0.02,102.0,,,,,,,,25213,,,,,,,,,,,,,,,"Wu, Brandon",0.493,0.029,0.0,0.943,41.853,-0.053,35.0
l24,2026-08-24 16:33:05 UTC,2026-08-24 20:17:26 UTC,0.842,0.062,0.0,0.944,20.675,0.033,356.0,0.677,0.056,0.0,0.914,33.099,-0.021,536.0,0.873,0.11,0.0,0.959,15.349,0.058,145.0,9171,0.307,0.051,0.0,0.96,59.64,-0.02,253.0,0.403,0.036,0.0,0.884,50.304,-0.081,251.0,"Villegas, Camilo",0.583,0.071,0.0,0.957,33.764,0.053,211.0
l24,2026-08-24 16:33:05 UTC,2026-08-24 20:17:26 UTC,0.738,0.088,0.0,0.935,21.203,0.012,217.0,0.62,0.051,0.0,0.932,30.387,-0.021,236.0,0.716,0.093,0.0,0.907,18.257,-0.061,43.0,12637,0.257,0.058,0.0,0.942,62.804,-0.03,69.0,0.38,0.081,0.0,0.952,46.066,-0.005,124.0,"Asaji, Yosuke",0.494,0.045,0.0,0.873,42.589,-0.057,110.0
l24,2026-08-24 16:33:05 UTC,2026-08-24 20:17:26 UTC,0.793,0.06,0.0,0.932,22.718,-0.013,599.0,0.651,0.062,0.0,0.928,33.273,-0.021,769.0,0.845,0.102,0.0,0.934,17.178,0.024,196.0,19840,0.306,0.056,0.0,0.925,64.828,-0.055,268.0,0.472,0.044,0.0,0.956,47.325,-0.008,367.0,"Ramey, Chad",0.575,0.06,0.0,0.92,39.437,0.003,249.0
l24,2026-08-24 16:33:05 UTC,2026-08-24 20:17:26 UTC,0.802,0.098,0.0,0.935,21.217,0.038,245.0,0.675,0.045,0.0,0.947,32.749,-0.021,358.0,0.817,0.08,0.0,0.908,19.24,-0.013,87.0,24956,0.344,0.07,0.0,0.93,66.426,-0.054,86.0,0.476,0.055,0.0,0.967,43.961,0.025,182.0,"Blanchet, Chandler",0.49,0.045,0.0,0.921,37.045,-0.065,89.0
l24,2026-08-24 16:33:05 UTC,2026-08-24 20:17:26 UTC,0.776,0.074,0.0,0.924,23.382,-0.013,340.0,0.634,0.046,0.0,0.944,31.93,-0.021,522.0,0.796,0.107,0.0,0.92,18.109,-0.006,150.0,25003,0.326,0.055,0.0,0.941,61.501,-0.018,219.0,0.393,0.052,0.0,0.92,45.571,-0.056,251.0,"Walker, Danny",0.616,0.109,0.0,0.944,35.58,0.077,267.0
l24,2026-08-24 16:33:05 UTC,2026-08-24 20:17:26 UTC,0.818,0.057,0.0,0.948,24.189,-0.035,212.0,0.687,0.053,0.0,0.917,33.033,-0.021,265.0,0.939,0.067,0.0,1.0,17.38,0.02,60.0,25319,0.342,0.049,0.0,0.975,69.902,-0.018,81.0,0.4,0.025,0.0,0.924,52.789,-0.081,119.0,"VanDerLaan, John",0.503,0.062,0.0,0.975,45.489,-0.039,80.0
l24,2026-08-24 16:33:05 UTC,2026-08-24 20:17:26 UTC,0.762,0.043,0.0,0.9,24.62,-0.054,371.0,0.657,0.051,0.0,0.924,32.243,-0.021,432.0,0.807,0.056,0.0,0.93,18.228,-0.017,143.0,28984,0.341,0.062,0.0,0.952,58.985,-0.021,146.0,0.457,0.071,0.0,0.929,46.411,-0.002,269.0,"Puig, David",0.587,0.074,0.0,0.926,37.574,-0.007,257.0
l24,2026-08-24 16:33:05 UTC,2026-08-24 20:17:26 UTC,0.748,0.045,0.0,0.919,25.228,-0.067,310.0,0.691,0.07,0.0,0.924,34.439,-0.021,327.0,0.887,0.079,0.0,0.947,19.071,-0.03,114.0,30428,0.313,0.054,0.0,0.908,69.729,-0.069,130.0,0.485,0.073,0.0,0.969,48.474,0.039,192.0,"Masaveu, Luis",0.524,0.056,0.0,0.887,43.897,-0.067,160.0
l24,2026-08-24 16:33:05 UTC,2026-08-24 20:17:26 UTC,0.811,0.057,0.0,0.952,22.289,-0.007,458.0,0.683,0.043,0.0,0.941,32.159,-0.022,562.0,0.867,0.06,0.0,0.952,20.326,-0.045,167.0,15651,0.387,0.023,0.0,0.955,60.331,-0.009,176.0,0.474,0.065,0.0,0.945,44.724,0.014,292.0,"Ventura, Kristoffer",0.494,0.07,0.0,0.958,37.632,-0.007,213.0
l24,2026-08-24 16:33:05 UTC,2026-08-24 20:17:26 UTC,0.764,0.032,0.0,0.898,25.408,-0.065,186.0,0.663,0.056,0.0,0.944,32.167,-0.022,267.0,0.857,0.051,0.0,0.949,18.328,-0.016,79.0,21880,0.278,0.1,0.0,0.95,65.558,0.03,80.0,0.458,0.014,0.0,0.986,43.839,0.009,146.0,"Cone, Trevor",0.573,0.073,0.0,0.952,35.925,0.056,124.0
l24,2026-08-24 16:33:05 UTC,2026-08-24 20:17:26 UTC,0.813,0.069,0.0,0.938,20.868,0.025,552.0,0.668,0.057,0.0,0.931,32.602,-0.023,802.0,0.825,0.085,0.0,0.946,16.597,0.022,129.0,10104,0.297,0.027,0.0,0.956,71.4,-0.07,225.0,0.472,0.063,0.0,0.978,42.945,0.036,318.0,"Power, Seamus",0.582,0.063,0.0,0.945,37.221,0.038,238.0
l24,2026-08-24 16:33:05 UTC,2026-08-24 20:17:26 UTC,0.8,0.073,0.0,0.947,21.126,0.023,627.0,0.659,0.047,0.0,0.926,32.601,-0.023,870.0,0.857,0.12,0.0,0.953,15.971,0.072,233.0,27194,0.352,0.046,0.0,0.954,65.624,-0.011,328.0,0.424,0.065,0.0,0.959,47.126,0.006,462.0,"Hall, Harry",0.561,0.071,0.0,0.961,38.156,0.018,310.0
l24,2026-08-24 16:33:05 UTC,2026-08-24 20:17:26 UTC,0.815,0.059,0.0,0.93,21.676,0.019,256.0,0.663,0.042,0.0,0.946,31.998,-0.023,353.0,0.839,0.099,0.0,0.951,18.055,0.011,81.0,10943,0.39,0.041,0.0,0.975,54.251,0.057,122.0,0.444,0.03,0.0,0.958,47.319,-0.019,168.0,"Lashley, Nate",0.576,0.096,0.0,0.957,34.74,0.075,115.0
l24,2026-08-24 16:33:05 UTC,2026-08-24 20:17:26 UTC,0.778,0.066,0.0,0.916,22.858,-0.016,407.0,0.647,0.063,0.0,0.924,32.776,-0.024,461.0,0.812,0.116,0.0,0.934,15.86,0.032,121.0,7334,0.348,0.031,0.0,0.947,63.382,-0.028,131.0,0.46,0.049,0.0,0.928,48.313,-0.032,265.0,"Watson, Bubba",0.541,0.042,0.0,0.937,40.853,-0.022,189.0
l24,2026-08-24 16:33:05 UTC,2026-08-24 20:17:26 UTC,0.83,0.078,0.0,0.963,20.944,0.031,512.0,0.641,0.037,0.0,0.931,30.995,-0.024,620.0,0.808,0.085,0.0,0.948,16.864,0.017,212.0,14459,0.323,0.063,0.0,0.929,64.455,-0.038,254.0,0.409,0.056,0.0,0.965,48.305,-0.012,375.0,"An, Byeong Hun",0.582,0.067,0.0,0.956,36.925,0.029,387.0
l24,2026-08-24 16:33:05 UTC,2026-08-24 20:17:26 UTC,0.772,0.079,0.0,0.931,23.828,-0.021,305.0,0.685,0.053,0.0,0.916,32.953,-0.024,430.0,0.876,0.079,0.0,0.947,17.153,0.017,114.0,19865,0.362,0.044,0.0,0.978,64.026,0.009,137.0,0.446,0.028,0.0,0.948,45.981,-0.011,213.0,"Hardy, Nick",0.607,0.079,0.0,0.958,32.907,0.055,215.0
l24,2026-08-24 16:33:05 UTC,2026-08-24 20:17:26 UTC,0.786,0.05,0.0,0.907,24.543,-0.054,300.0,0.617,0.059,0.0,0.929,33.199,-0.024,324.0,0.865,0.048,0.0,0.971,18.776,0.001,104.0,28473,0.368,0.059,0.0,0.933,61.662,-0.024,135.0,0.469,0.082,0.0,0.952,41.938,0.054,231.0,"Ballester, Jose Luis",0.616,0.069,0.0,0.915,40.257,0.009,188.0
l24,2026-08-24 16:33:05 UTC,2026-08-24 20:17:26 UTC,0.777,0.062,0.0,0.922,22.641,-0.007,451.0,0.663,0.054,0.0,0.922,32.293,-0.025,541.0,0.796,0.06,0.0,0.934,19.063,-0.027,151.0,13965,0.344,0.044,0.0,0.95,54.48,-0.002,180.0,0.459,0.078,0.0,0.945,46.658,0.003,307.0,"Hadwin, Adam",0.501,0.027,0.0,0.903,45.221,-0.075,186.0
l24,2026-08-24 16:33:05 UTC,2026-08-24 20:17:26 UTC,0.797,0.062,0.0,0.946,21.569,0.009,390.0,0.644,0.056,0.0,0.92,33.074,-0.026,539.0,0.906,0.114,0.0,0.962,16.582,0.051,158.0,17639,0.267,0.062,0.0,0.946,62.062,-0.028,130.0,0.507,0.102,0.0,0.971,40.887,0.085,314.0,"Blair, Zac",0.549,0.086,0.0,0.96,35.806,0.052,151.0
l24,2026-08-24 16:33:05 UTC,2026-08-24 20:17:26 UTC,0.746,0.052,0.0,0.907,24.211,-0.041,193.0,0.662,0.043,0.0,0.934,30.946,-0.026,302.0,0.786,0.066,0.0,0.902,22.478,-0.085,61.0,18105,0.376,0.071,0.0,0.986,52.408,0.046,70.0,0.487,0.04,0.0,0.967,43.121,0.046,150.0,"Lawrence, Thriston",0.502,0.056,0.0,0.972,35.33,0.003,71.0
l24,2026-08-24 16:33:05 UTC,2026-08-24 20:17:26 UTC,0.705,0.046,0.0,0.911,23.493,-0.035,237.0,0.649,0.043,0.0,0.938,32.075,-0.026,305.0,0.802,0.045,0.0,0.94,19.269,-0.028,67.0,27996,0.374,0.048,0.0,0.928,63.973,-0.029,125.0,0.479,0.073,0.0,0.907,46.803,-0.027,151.0,"Cummins, Quade",0.521,0.052,0.0,0.956,35.734,0.004,135.0
l24,2026-08-24 16:33:05 UTC,2026-08-24 20:17:26 UTC,0.773,0.065,0.0,0.929,23.197,-0.016,339.0,0.633,0.045,0.0,0.94,32.927,-0.027,448.0,0.86,0.085,0.0,0.947,16.289,0.038,94.0,11826,0.286,0.062,0.0,0.969,58.417,-0.025,161.0,0.407,0.046,0.0,0.925,52.732,-0.056,240.0,"Lee, Danny",0.554,0.065,0.0,0.929,36.101,0.021,184.0
l24,2026-08-24 16:33:05 UTC,2026-08-24 20:17:26 UTC,0.777,0.046,0.0,0.927,24.678,-0.036,218.0,0.659,0.055,0.0,0.943,32.945,-0.027,348.0,0.846,0.089,0.0,0.922,17.674,0.009,90.0,14007,0.374,0.047,0.0,0.944,61.726,-0.038,107.0,0.519,0.036,0.0,0.979,40.899,0.085,195.0,"Martin, Ben",0.629,0.056,0.0,0.96,36.02,0.031,126.0
l24,2026-08-24 16:33:05 UTC,2026-08-24 20:17:26 UTC,0.784,0.07,0.0,0.94,21.792,-0.005,514.0,0.667,0.053,0.0,0.925,32.459,-0.027,818.0,0.85,0.103,0.0,0.959,15.024,0.064,195.0,14636,0.395,0.063,0.0,0.965,58.293,0.025,285.0,0.456,0.062,0.0,0.935,44.308,0.01,402.0,"Spieth, Jordan",0.62,0.083,0.0,0.951,35.089,0.062,325.0
l24,2026-08-24 16:33:05 UTC,2026-08-24 20:17:26 UTC,0.773,0.071,0.0,0.935,22.334,-0.025,397.0,0.661,0.052,0.0,0.913,32.946,-0.028,484.0,0.801,0.096,0.0,0.93,16.828,-0.012,114.0,7398,0.351,0.071,0.0,0.97,59.035,0.028,168.0,0.506,0.063,0.0,0.974,45.457,0.05,270.0,"Schwartzel, Charl",0.544,0.055,0.0,0.923,36.99,0.004,183.0
l24,2026-08-24 16:33:05 UTC,2026-08-24 20:17:26 UTC,0.825,0.07,0.0,0.93,21.822,-0.002,128.0,0.696,0.041,0.0,0.936,30.917,-0.028,172.0,0.808,0.029,0.0,0.941,19.677,-0.059,34.0,16433,0.331,0.071,1.0,0.976,72.837,0.0,42.0,0.463,0.047,0.0,0.941,47.408,-0.013,85.0,"NeSmith, Matt",0.495,0.017,0.0,0.933,43.595,-0.085,60.0
l24,2026-08-24 16:33:05 UTC,2026-08-24 20:17:26 UTC,0.775,0.079,0.0,0.913,21.052,0.016,265.0,0.648,0.051,0.0,0.946,31.466,-0.029,353.0,0.843,0.069,0.0,0.92,16.723,0.016,87.0,11049,0.341,0.051,0.0,0.956,67.036,0.008,137.0,0.444,0.054,0.0,0.973,40.87,0.036,147.0,"Simpson, Webb",0.565,0.081,0.0,0.946,36.805,0.03,149.0
l24,2026-08-24 16:33:05 UTC,2026-08-24 20:17:26 UTC,0.799,0.085,0.0,0.944,21.289,0.036,449.0,0.648,0.05,0.0,0.936,33.159,-0.029,640.0,0.837,0.046,0.0,0.928,17.534,0.011,152.0,13470,0.32,0.05,0.0,0.963,61.428,-0.005,241.0,0.406,0.056,0.0,0.944,47.996,-0.045,284.0,"Kizzire, Patton",0.574,0.032,0.0,0.954,37.72,0.008,216.0
l24,2026-08-24 16:33:05 UTC,2026-08-24 20:17:26 UTC,0.806,0.085,0.0,0.942,21.262,0.029,503.0,0.646,0.05,0.0,0.925,31.934,-0.029,676.0,0.857,0.11,0.0,0.91,18.328,0.016,155.0,19396,0.367,0.066,0.0,0.969,59.878,0.013,287.0,0.489,0.089,0.0,0.948,42.044,0.042,349.0,"Knapp, Jake",0.577,0.105,0.0,0.96,36.384,0.047,277.0
l24,2026-08-24 16:33:05 UTC,2026-08-24 20:17:26 UTC,0.77,0.051,0.0,0.905,25.054,-0.057,411.0,0.609,0.06,0.0,0.926,33.152,-0.029,420.0,0.813,0.035,0.0,0.903,20.085,-0.036,113.0,30463,0.349,0.057,0.0,0.943,65.463,-0.021,158.0,0.46,0.064,0.0,0.948,47.598,0.012,251.0,"Surratt, Caleb",0.523,0.074,0.0,0.921,40.664,-0.012,215.0
l24,2026-08-24 16:33:05 UTC,2026-08-24 20:17:26 UTC,0.773,0.046,0.0,0.927,23.19,-0.019,409.0,0.626,0.049,0.0,0.94,33.7,-0.03,470.0,0.844,0.105,0.0,0.912,19.276,0.007,114.0,1435,0.337,0.025,0.0,0.95,58.927,-0.006,161.0,0.394,0.035,0.0,0.948,52.238,-0.012,230.0,"Poulter, Ian",0.551,0.067,0.0,0.92,37.141,-0.01,150.0
l24,2026-08-24 16:33:05 UTC,2026-08-24 20:17:26 UTC,0.758,0.067,0.0,0.921,22.231,-0.024,165.0,0.659,0.026,0.0,0.937,32.448,-0.03,189.0,0.779,0.043,0.0,0.848,17.006,-0.061,46.0,14967,,,,,,,,0.434,0.051,0.0,0.924,45.011,-0.067,79.0,"Hadley, Chesson",0.562,0.111,0.0,0.968,37.354,0.043,63.0
l24,2026-08-24 16:33:05 UTC,2026-08-24 20:17:26 UTC,0.794,0.057,0.0,0.917,22.711,-0.022,157.0,0.67,0.031,0.0,0.907,32.473,-0.03,226.0,0.789,0.123,0.0,0.912,16.722,0.058,57.0,16591,0.418,0.031,0.0,0.922,66.747,-0.023,64.0,0.384,0.051,0.0,0.974,50.008,-0.022,117.0,"Rozo, Marcelo",0.563,0.058,0.0,0.962,36.614,0.023,52.0
l24,2026-08-24 16:33:05 UTC,2026-08-24 20:17:26 UTC,0.791,0.052,0.0,0.956,21.193,0.001,540.0,0.648,0.052,0.0,0.93,31.359,-0.03,713.0,0.845,0.098,0.0,0.928,17.131,0.028,153.0,17723,0.39,0.048,0.0,0.938,62.417,-0.007,210.0,0.409,0.034,0.0,0.954,46.306,-0.024,326.0,"Lower, Justin",0.56,0.093,0.0,0.956,38.783,0.026,204.0
l24,2026-08-24 16:33:05 UTC,2026-08-24 20:17:26 UTC,0.761,0.073,0.0,0.914,23.043,-0.014,559.0,0.669,0.047,0.0,0.939,32.853,-0.03,741.0,0.872,0.093,0.0,0.948,17.549,0.026,193.0,18424,0.316,0.048,0.0,0.938,68.172,-0.047,208.0,0.492,0.064,0.0,0.958,42.411,0.042,357.0,"Roy, Kevin",0.598,0.045,0.0,0.946,36.432,0.024,221.0
l24,2026-08-24 16:33:05 UTC,2026-08-24 20:17:26 UTC,0.748,0.058,0.0,0.894,24.532,-0.047,189.0,0.668,0.046,0.0,0.94,30.897,-0.03,281.0,0.817,0.099,0.0,0.901,19.425,-0.027,71.0,22465,0.364,0.038,0.0,0.981,57.749,-0.006,105.0,0.462,0.049,0.0,0.958,42.341,0.031,143.0,"Penge, Marco",0.634,0.105,0.0,0.955,33.479,0.065,133.0
l24,2026-08-24 16:33:05 UTC,2026-08-24 20:17:26 UTC,0.793,0.057,0.0,0.939,23.266,-0.016,228.0,0.637,0.051,0.0,0.94,33.564,-0.03,334.0,0.853,0.111,0.0,0.951,16.699,0.043,81.0,24837,0.33,0.05,0.0,0.941,64.873,-0.039,101.0,0.331,0.045,0.0,0.968,48.889,-0.037,154.0,"Goodwin, Noah",0.526,0.08,0.0,0.943,37.933,-0.002,88.0
l24,2026-08-24 16:33:05 UTC,2026-08-24 20:17:26 UTC,0.787,0.057,0.0,0.959,22.816,-0.009,194.0,0.643,0.033,0.0,0.933,33.477,-0.031,300.0,0.892,0.069,0.0,0.948,15.53,-0.006,58.0,14792,0.282,0.049,0.0,0.941,58.327,-0.008,102.0,0.415,0.044,0.0,0.933,45.15,-0.02,135.0,"Saddier, Adrien",0.605,0.043,0.0,0.957,35.645,0.034,94.0
l24,2026-08-24 16:33:05 UTC,2026-08-24 20:17:26 UTC,0.757,0.046,0.0,0.915,22.702,-0.032,411.0,0.641,0.049,0.0,0.931,33.544,-0.031,533.0,0.814,0.074,0.0,0.919,18.509,-0.012,148.0,14926,0.297,0.057,0.0,0.957,68.704,-0.046,279.0,0.344,0.034,0.0,0.919,52.044,-0.097,298.0,"Malnati, Peter",0.565,0.074,0.0,0.936,37.389,0.035,296.0
l24,2026-08-24 16:33:05 UTC,2026-08-24 20:17:26 UTC,0.781,0.067,0.0,0.928,22.923,-0.014,553.0,0.636,0.062,0.0,0.922,33.355,-0.031,704.0,0.856,0.057,0.0,0.921,20.183,-0.067,140.0,19960,0.385,0.041,0.0,0.934,62.056,-0.007,242.0,0.457,0.059,0.0,0.959,47.54,0.015,388.0,"Pavon, Matthieu",0.562,0.053,0.0,0.951,40.085,-0.004,226.0
l24,2026-08-24 16:33:05 UTC,2026-08-24 20:17:26 UTC,0.822,0.056,0.0,0.949,22.365,0.011,372.0,0.671,0.052,0.0,0.923,33.831,-0.031,478.0,0.89,0.063,0.0,0.924,18.05,0.03,79.0,25002,0.365,0.051,0.0,0.975,58.965,-0.003,158.0,0.435,0.041,0.0,0.964,46.1,-0.033,221.0,"Wu, Dylan",0.572,0.076,0.0,0.949,37.214,0.033,157.0
l24,2026-08-24 16:33:05 UTC,2026-08-24 20:17:26 UTC,0.842,0.084,0.0,0.961,22.941,0.022,155.0,0.65,0.06,0.0,0.925,33.287,-0.031,265.0,0.855,0.079,0.0,0.937,17.3,-0.0,63.0,6252,0.232,0.049,0.0,0.922,68.955,-0.097,102.0,0.386,0.049,0.0,0.902,48.571,-0.082,122.0,"Baddeley, Aaron",0.428,0.06,0.0,0.93,42.51,-0.051,100.0
l24,2026-08-24 16:33:05 UTC,2026-08-24 20:17:26 UTC,0.83,0.08,1.0,0.966,20.709,0.013,87.0,0.669,0.048,1.0,0.929,31.998,-0.032,126.0,0.823,0.065,0.0,0.935,18.469,0.004,31.0,11441,0.333,0.077,1.0,0.949,72.857,-0.0,39.0,0.352,0.0,1.0,0.918,50.691,-0.135,61.0,"Covello, Vince",0.613,0.035,0.0,0.965,36.643,0.047,57.0
l24,2026-08-24 16:33:05 UTC,2026-08-24 20:17:26 UTC,0.802,0.069,0.0,0.951,21.766,0.024,246.0,0.674,0.043,0.0,0.922,33.458,-0.036,370.0,0.881,0.106,0.0,0.981,15.6,0.049,104.0,6986,0.378,0.056,0.0,0.966,55.563,-0.013,89.0,0.494,0.043,0.0,0.963,46.942,0.038,164.0,"Johnson, Zach",0.551,0.103,0.0,0.948,38.809,0.028,58.0
l24,2026-08-24 16:33:05 UTC,2026-08-24 20:17:26 UTC,0.759,0.066,0.0,0.915,23.41,-0.026,471.0,0.641,0.05,0.0,0.919,33.202,-0.036,713.0,0.834,0.087,0.0,0.919,18.763,-0.027,173.0,27819,0.356,0.06,0.0,0.96,56.456,0.023,248.0,0.476,0.054,0.0,0.958,46.297,-0.008,332.0,"Castillo, Ricky",0.644,0.06,0.0,0.962,34.038,0.067,265.0
l24,2026-08-24 16:33:05 UTC,2026-08-24 20:17:26 UTC,0.769,0.091,0.0,0.909,24.28,-0.028,219.0,0.641,0.052,0.0,0.892,32.421,-0.036,268.0,0.827,0.078,0.0,0.935,22.007,-0.088,77.0,33755,0.301,0.037,0.0,0.945,70.804,-0.046,109.0,0.498,0.062,0.0,0.988,46.966,0.037,160.0,"La Sasso, Michael",0.523,0.043,0.0,0.914,42.599,-0.058,140.0
l24,2026-08-24 16:33:05 UTC,2026-08-24 20:17:26 UTC,0.819,0.106,0.0,0.95,22.164,0.01,180.0,0.661,0.043,0.0,0.935,34.312,-0.037,278.0,0.861,0.067,0.0,0.955,20.634,-0.043,89.0,15676,0.379,0.059,0.0,0.971,65.945,-0.0,102.0,0.567,0.043,0.0,0.957,40.499,0.048,139.0,"Norgaard, Niklas",0.501,0.058,0.0,0.892,44.378,-0.052,139.0
l24,2026-08-24 16:33:05 UTC,2026-08-24 20:17:26 UTC,0.703,0.057,0.0,0.917,25.693,-0.094,193.0,0.658,0.062,0.0,0.925,33.839,-0.037,292.0,0.759,0.078,0.0,0.863,20.376,-0.053,51.0,21688,0.324,0.02,0.0,0.96,61.429,-0.049,100.0,0.388,0.034,0.0,0.974,49.403,-0.046,116.0,"Kim, S.H.",0.554,0.048,0.0,0.976,37.638,-0.005,83.0
l24,2026-08-24 16:33:05 UTC,2026-08-24 20:17:26 UTC,0.819,0.054,0.0,0.958,23.202,-0.006,168.0,0.619,0.037,0.0,0.918,32.142,-0.038,219.0,0.808,0.1,0.0,0.925,19.241,-0.058,40.0,15475,0.363,0.113,0.0,0.984,55.633,0.057,62.0,0.394,0.045,0.0,0.955,47.494,-0.015,112.0,"Pan, C.T.",0.748,0.13,0.0,0.978,27.896,0.134,46.0
l24,2026-08-24 16:33:05 UTC,2026-08-24 20:17:26 UTC,0.834,0.056,0.0,0.96,21.358,0.018,302.0,0.616,0.052,0.0,0.925,33.494,-0.039,482.0,0.92,0.063,0.0,0.984,16.163,0.067,127.0,16341,0.243,0.032,0.0,0.947,66.801,-0.083,94.0,0.429,0.064,0.0,0.972,45.84,0.02,250.0,"Peterson, Paul",0.636,0.114,0.0,0.933,36.352,0.067,105.0
l24,2026-08-24 16:33:05 UTC,2026-08-24 20:17:26 UTC,0.79,0.074,0.0,0.94,21.881,-0.002,530.0,0.659,0.048,0.0,0.915,32.664,-0.039,692.0,0.799,0.078,0.0,0.94,16.754,0.007,166.0,19872,0.362,0.072,0.0,0.935,63.936,-0.007,306.0,0.383,0.047,0.0,0.903,52.71,-0.08,340.0,"Riley, Davis",0.517,0.064,0.0,0.936,41.231,-0.01,295.0
l24,2026-08-24 16:33:05 UTC,2026-08-24 20:17:26 UTC,0.798,0.051,0.0,0.933,23.391,-0.016,178.0,0.65,0.05,0.0,0.908,34.579,-0.039,238.0,0.818,0.104,0.0,0.925,17.889,-0.008,67.0,25475,0.343,0.056,0.0,0.953,63.251,-0.008,107.0,0.432,0.024,0.0,0.96,42.773,-0.002,126.0,"Nyholm, Pontus",0.457,0.022,0.0,0.884,43.952,-0.088,138.0
l24,2026-08-24 16:33:05 UTC,2026-08-24 20:17:26 UTC,0.809,0.05,0.0,0.946,24.109,-0.019,202.0,0.645,0.012,0.0,0.946,33.581,-0.04,242.0,0.784,0.033,0.0,0.885,23.051,-0.06,61.0,30892,0.323,0.057,0.0,0.943,60.775,-0.05,87.0,0.486,0.065,0.0,0.935,44.019,0.014,123.0,"Riedel, Matthew",0.603,0.054,0.0,0.946,42.248,-0.02,92.0
l24,2026-08-24 16:33:05 UTC,2026-08-24 20:17:26 UTC,0.726,0.033,0.0,0.924,24.255,-0.044,184.0,0.615,0.064,0.0,0.912,32.524,-0.042,251.0,0.813,0.074,0.0,0.907,20.778,-0.07,54.0,17422,0.379,0.07,0.0,0.912,63.495,-0.051,114.0,0.472,0.062,0.0,0.938,44.689,0.024,144.0,"Del Solar, Cristobal",0.535,0.082,0.0,0.925,38.173,0.028,146.0
l24,2026-08-24 16:33:05 UTC,2026-08-24 20:17:26 UTC,0.797,0.08,0.0,0.931,22.499,0.009,423.0,0.629,0.056,0.0,0.904,33.136,-0.042,644.0,0.843,0.092,0.0,0.967,18.162,-0.0,153.0,17550,0.336,0.072,0.0,0.964,60.929,0.002,223.0,0.445,0.06,0.0,0.953,46.742,-0.007,317.0,"Van Rooyen, Erik",0.595,0.06,0.0,0.952,38.368,0.01,251.0
l24,2026-08-24 16:33:05 UTC,2026-08-24 20:17:26 UTC,0.78,0.106,0.0,0.947,20.099,0.048,113.0,0.608,0.038,0.0,0.911,32.525,-0.043,157.0,0.763,0.079,0.0,0.868,22.143,-0.071,38.0,7899,0.254,0.051,1.0,0.923,64.525,-0.097,39.0,0.413,0.042,0.0,0.958,50.151,-0.047,95.0,"Piercy, Scott",0.537,0.161,0.0,0.984,32.883,0.105,62.0
l24,2026-08-24 16:33:05 UTC,2026-08-24 20:17:26 UTC,0.827,0.075,0.0,0.937,20.531,0.012,412.0,0.685,0.05,0.0,0.918,33.091,-0.043,638.0,0.865,0.109,0.0,0.942,15.817,0.029,137.0,9771,0.356,0.048,0.0,0.961,63.569,-0.019,228.0,0.418,0.048,0.0,0.946,52.773,-0.03,331.0,"Day, Jason",0.6,0.077,0.0,0.954,35.992,0.037,196.0
l24,2026-08-24 16:33:05 UTC,2026-08-24 20:17:26 UTC,0.768,0.053,0.0,0.932,24.34,-0.03,469.0,0.648,0.045,0.0,0.927,33.831,-0.043,710.0,0.867,0.114,0.0,0.943,16.659,0.064,176.0,25908,0.32,0.024,0.0,0.943,68.429,-0.051,296.0,0.403,0.032,0.0,0.953,50.139,-0.041,342.0,"Whaley, Vince",0.603,0.061,0.0,0.939,37.161,0.036,363.0
l24,2026-08-24 16:33:05 UTC,2026-08-24 20:17:26 UTC,0.814,0.081,0.0,0.949,20.31,0.047,454.0,0.632,0.057,0.0,0.947,34.378,-0.044,637.0,0.876,0.086,0.0,0.971,17.154,0.024,174.0,6169,0.382,0.048,0.0,0.97,61.507,0.027,165.0,0.464,0.037,0.0,0.974,45.878,0.019,271.0,"Kuchar, Matt",0.563,0.047,0.0,0.974,36.027,0.031,191.0
l24,2026-08-24 16:33:05 UTC,2026-08-24 20:17:26 UTC,0.778,0.06,0.0,0.937,23.351,-0.012,332.0,0.631,0.071,0.0,0.913,34.835,-0.044,449.0,0.866,0.112,0.0,0.963,18.156,0.024,107.0,14140,0.362,0.063,0.0,0.951,57.711,0.017,143.0,0.483,0.053,0.0,0.947,44.371,0.027,244.0,"Higgs, Harry",0.544,0.04,0.0,0.935,40.647,-0.011,201.0
l24,2026-08-24 16:33:05 UTC,2026-08-24 20:17:26 UTC,0.794,0.083,1.0,0.908,21.434,-0.018,109.0,0.633,0.053,0.0,0.934,33.183,-0.044,151.0,0.815,0.048,0.0,0.881,18.103,0.003,42.0,24354,0.344,0.077,0.0,1.0,66.122,0.019,65.0,0.541,0.045,1.0,0.955,45.494,-0.006,66.0,"Xiong, Norman",0.624,0.062,0.0,0.953,37.197,0.044,64.0
l24,2026-08-24 16:33:05 UTC,2026-08-24 20:17:26 UTC,0.796,0.058,0.0,0.942,23.076,-0.03,172.0,0.615,0.047,0.0,0.934,33.035,-0.044,257.0,0.801,0.081,0.0,0.932,16.341,0.021,74.0,1547,0.358,0.058,0.0,0.977,56.084,0.026,86.0,0.469,0.034,0.0,0.959,42.742,0.031,147.0,"Mickelson, Phil",0.555,0.093,0.0,0.938,35.605,0.024,97.0
l24,2026-08-24 16:33:05 UTC,2026-08-24 20:17:26 UTC,0.765,0.066,0.0,0.913,21.335,-0.004,183.0,0.629,0.033,0.0,0.867,33.688,-0.044,211.0,0.892,0.088,0.0,0.965,16.887,0.034,57.0,7452,0.372,0.043,0.0,0.957,64.233,-0.029,69.0,0.361,0.026,0.0,0.939,49.527,-0.022,115.0,"Na, Kevin",0.614,0.086,0.0,0.943,36.554,0.001,70.0
l24,2026-08-24 16:33:05 UTC,2026-08-24 20:17:26 UTC,0.751,0.066,0.0,0.898,23.719,-0.026,196.0,0.614,0.061,0.0,0.909,33.863,-0.044,165.0,0.806,0.137,0.0,0.922,19.387,-0.047,51.0,8605,0.348,0.054,0.0,0.973,60.095,0.022,74.0,0.452,0.043,0.0,0.935,48.816,-0.013,92.0,"Jones, Matt",0.603,0.041,0.0,0.938,36.372,0.005,97.0
l24,2026-08-24 16:33:05 UTC,2026-08-24 20:17:26 UTC,0.758,0.063,0.0,0.902,23.85,-0.043,316.0,0.668,0.038,0.0,0.918,33.714,-0.045,417.0,0.87,0.106,0.0,0.942,18.13,0.006,104.0,14373,0.421,0.042,0.0,0.958,56.315,0.013,120.0,0.397,0.036,0.0,0.932,54.627,-0.055,222.0,"Campbell, Ben",0.612,0.048,0.0,0.968,35.732,0.017,126.0
l24,2026-08-24 16:33:05 UTC,2026-08-24 20:17:26 UTC,0.781,0.08,0.0,0.946,21.766,0.009,575.0,0.617,0.055,0.0,0.908,32.81,-0.045,757.0,0.827,0.108,0.0,0.909,17.971,0.009,176.0,27164,0.302,0.029,0.0,0.913,63.55,-0.067,241.0,0.419,0.056,0.0,0.957,45.945,-0.015,374.0,"Phillips, Chandler",0.538,0.083,0.0,0.942,40.193,0.01,276.0
l24,2026-08-24 16:33:05 UTC,2026-08-24 20:17:26 UTC,0.778,0.064,0.0,0.871,24.383,-0.016,140.0,0.589,0.029,0.0,0.961,34.031,-0.046,206.0,0.781,0.113,0.0,0.919,20.207,-0.009,62.0,12426,0.374,0.022,0.0,0.957,54.648,-0.025,92.0,0.44,0.064,0.0,0.982,45.726,-0.011,109.0,"Waring, Paul",0.585,0.077,0.0,0.923,35.75,-0.012,65.0
l24,2026-08-24 16:33:05 UTC,2026-08-24 20:17:26 UTC,0.749,0.08,0.0,0.938,23.364,-0.015,176.0,0.631,0.031,0.0,0.915,33.176,-0.046,258.0,0.89,0.129,0.0,0.957,16.362,0.067,70.0,27762,0.284,0.036,0.0,0.94,73.195,-0.099,83.0,0.401,0.053,0.0,0.973,44.538,0.002,113.0,"Velo, Kevin",0.473,0.092,0.0,0.966,37.474,0.01,87.0
l24,2026-08-24 16:33:05 UTC,2026-08-24 20:17:26 UTC,0.737,0.047,0.0,0.912,23.392,-0.021,170.0,0.621,0.035,0.0,0.912,33.168,-0.047,227.0,0.866,0.123,0.0,0.985,15.442,0.076,65.0,24562,0.26,0.0,0.0,0.944,72.396,-0.115,54.0,0.459,0.018,0.0,0.982,44.46,-0.001,112.0,"Knowles, Philip",0.524,0.028,0.0,0.901,40.208,-0.041,71.0
l24,2026-08-24 16:33:05 UTC,2026-08-24 20:17:26 UTC,,,,,,,,0.692,0.027,1.0,0.92,32.734,-0.048,112.0,0.864,0.0,1.0,0.926,19.898,-0.016,27.0,11117,,,,,,,,0.531,0.107,1.0,0.946,47.567,0.06,56.0,"Noh, S.Y.",0.55,0.045,1.0,0.818,42.189,-0.022,22.0
l24,2026-08-24 16:33:05 UTC,2026-08-24 20:17:26 UTC,0.804,0.111,0.0,0.941,22.179,0.018,406.0,0.635,0.04,0.0,0.933,34.483,-0.048,420.0,0.756,0.041,0.0,0.867,20.847,-0.098,98.0,12669,0.298,0.036,0.0,0.927,59.88,-0.02,110.0,0.48,0.054,0.0,0.942,43.937,0.036,240.0,"Lahiri, Anirban",0.573,0.064,0.0,0.936,35.826,0.026,187.0
l24,2026-08-24 16:33:05 UTC,2026-08-24 20:17:26 UTC,0.769,0.058,0.0,0.933,23.548,-0.024,416.0,0.628,0.048,0.0,0.927,34.182,-0.048,560.0,0.856,0.105,0.0,0.969,15.81,0.056,191.0,26850,0.333,0.048,0.0,0.948,67.363,-0.036,231.0,0.428,0.041,0.0,0.935,48.361,-0.031,291.0,"Svensson, Jesper",0.565,0.098,0.0,0.947,37.321,0.049,266.0
l24,2026-08-24 16:33:05 UTC,2026-08-24 20:17:26 UTC,0.808,0.068,0.0,0.923,22.919,-0.011,337.0,0.61,0.046,0.0,0.916,32.04,-0.05,367.0,0.883,0.105,0.0,0.944,16.035,0.041,124.0,11357,0.401,0.065,0.0,0.931,56.269,0.018,231.0,0.423,0.065,0.0,0.935,49.262,-0.003,217.0,"Uihlein, Peter",0.535,0.065,0.0,0.944,37.299,0.013,323.0
l24,2026-08-24 16:33:05 UTC,2026-08-24 20:17:26 UTC,0.806,0.059,0.0,0.93,22.108,-0.013,371.0,0.627,0.054,0.0,0.904,33.303,-0.05,406.0,0.901,0.103,0.0,0.979,17.034,0.049,145.0,14424,0.347,0.041,0.0,0.93,60.702,-0.004,172.0,0.467,0.081,0.0,0.932,47.692,0.028,235.0,"Burmester, Dean",0.589,0.077,0.0,0.944,35.197,0.029,233.0
l24,2026-08-24 16:33:05 UTC,2026-08-24 20:17:26 UTC,0.745,0.055,0.0,0.908,27.114,-0.089,326.0,0.623,0.059,0.0,0.882,34.657,-0.051,357.0,0.857,0.092,0.0,0.945,18.22,-0.022,109.0,25919,0.29,0.056,0.0,0.95,57.051,-0.012,160.0,0.476,0.051,0.0,0.944,45.089,-0.01,197.0,"Wolff, Matthew",0.525,0.056,0.0,0.931,39.46,-0.012,160.0
l24,2026-08-24 16:33:05 UTC,2026-08-24 20:17:26 UTC,0.764,0.073,0.0,0.916,22.158,-0.02,191.0,0.614,0.045,0.0,0.941,32.897,-0.052,269.0,0.83,0.062,0.0,0.969,18.192,-0.008,65.0,27420,0.3,0.027,0.0,0.937,70.264,-0.082,111.0,0.427,0.07,0.0,0.937,46.354,-0.014,142.0,"Dickson, Taylor",0.531,0.021,0.0,0.958,41.181,-0.039,95.0
l24,2026-08-24 16:33:05 UTC,2026-08-24 20:17:26 UTC,0.786,0.041,0.0,0.935,23.3,-0.027,169.0,0.678,0.042,0.0,0.889,33.324,-0.053,216.0,0.912,0.075,0.0,0.925,18.731,-0.024,67.0,9586,0.272,0.049,0.0,0.984,71.223,-0.023,61.0,0.449,0.046,0.0,0.972,45.924,-0.006,108.0,"Laird, Martin",0.663,0.054,0.0,0.978,34.569,0.074,93.0
l24,2026-08-24 16:33:05 UTC,2026-08-24 20:17:26 UTC,0.786,0.023,0.0,0.946,25.091,-0.047,130.0,0.657,0.032,0.0,0.885,36.573,-0.053,156.0,0.806,0.043,0.0,0.913,17.635,-0.021,46.0,11374,0.266,0.033,0.0,0.934,70.547,-0.073,61.0,0.446,0.012,0.0,0.928,49.743,-0.057,83.0,"Hahn, James",0.593,0.1,0.0,0.943,36.402,0.016,70.0
l24,2026-08-24 16:33:05 UTC,2026-08-24 20:17:26 UTC,0.78,0.072,0.0,0.928,23.07,-0.022,250.0,0.627,0.033,0.0,0.944,33.761,-0.053,359.0,0.815,0.065,0.0,0.957,18.403,-0.047,46.0,20954,0.25,0.02,0.0,0.919,71.735,-0.091,99.0,0.495,0.038,0.0,0.956,44.203,0.025,158.0,"Hirata, Kensei",0.495,0.027,0.0,0.947,38.264,-0.002,75.0
l24,2026-08-24 16:33:05 UTC,2026-08-24 20:17:26 UTC,0.769,0.052,0.0,0.887,23.382,-0.028,424.0,0.631,0.051,0.0,0.9,32.504,-0.054,492.0,0.857,0.132,0.0,0.95,16.93,0.027,121.0,15856,0.326,0.074,0.0,0.972,58.448,0.009,216.0,0.41,0.052,0.0,0.929,50.418,-0.041,268.0,"Smith, Cameron",0.57,0.07,0.0,0.947,36.524,0.031,244.0
l24,2026-08-24 16:33:05 UTC,2026-08-24 20:17:26 UTC,0.768,0.079,0.0,0.907,24.244,-0.019,227.0,0.624,0.033,0.0,0.928,33.763,-0.055,304.0,0.827,0.041,0.0,0.959,18.281,-0.048,74.0,31212,0.392,0.093,0.0,0.932,64.288,-0.02,118.0,0.323,0.037,0.0,0.938,57.776,-0.098,161.0,"Chandler, Will",0.541,0.033,0.0,0.917,42.664,-0.033,121.0
l24,2026-08-24 16:33:05 UTC,2026-08-24 20:17:26 UTC,0.735,0.041,0.0,0.919,22.788,-0.066,197.0,0.629,0.062,0.0,0.897,35.711,-0.055,195.0,0.868,0.056,0.0,0.958,17.871,0.001,72.0,27597,0.221,0.036,0.0,0.964,73.726,-0.064,55.0,0.404,0.031,0.0,0.918,58.183,-0.093,98.0,"Ogletree, Andy",0.514,0.069,0.0,0.931,43.891,-0.046,87.0
l24,2026-08-24 16:33:05 UTC,2026-08-24 20:17:26 UTC,0.711,0.043,1.0,0.86,24.691,-0.062,93.0,0.629,0.045,1.0,0.917,36.082,-0.056,133.0,0.76,0.071,0.0,0.946,23.027,-0.117,56.0,10423,0.454,0.074,0.0,0.944,52.317,0.04,54.0,0.462,0.029,1.0,0.957,43.274,0.017,70.0,"Brehm, Ryan",0.651,0.04,0.0,0.933,40.266,0.023,75.0
l24,2026-08-24 16:33:05 UTC,2026-08-24 20:17:26 UTC,0.798,0.045,0.0,0.939,23.597,-0.032,506.0,0.604,0.042,0.0,0.932,35.224,-0.056,718.0,0.888,0.107,0.0,0.967,16.975,0.029,150.0,19729,0.303,0.023,0.0,0.971,59.101,-0.014,175.0,0.403,0.036,0.0,0.947,50.143,-0.039,338.0,"Kanaya, Takumi",0.562,0.045,0.0,0.974,37.531,0.012,156.0
l24,2026-08-24 16:33:05 UTC,2026-08-24 20:17:26 UTC,0.805,0.08,0.0,0.915,20.365,0.025,176.0,0.626,0.028,0.0,0.935,33.124,-0.057,248.0,0.813,0.113,0.0,0.887,18.034,0.02,62.0,13497,0.318,0.026,0.0,0.961,71.243,-0.062,77.0,0.401,0.036,0.0,0.911,49.49,-0.075,112.0,"Lee, K.H.",0.479,0.08,0.0,0.909,40.697,-0.015,88.0
l24,2026-08-24 16:33:05 UTC,2026-08-24 20:17:26 UTC,0.731,0.053,0.0,0.919,23.643,-0.055,655.0,0.632,0.053,0.0,0.9,33.818,-0.057,1031.0,0.832,0.075,0.0,0.939,16.812,0.003,213.0,17488,0.323,0.077,0.0,0.923,57.228,-0.007,300.0,0.439,0.056,0.0,0.968,44.984,0.007,567.0,"Im, Sungjae",0.507,0.062,0.0,0.942,42.01,-0.026,257.0
l24,2026-08-24 16:33:05 UTC,2026-08-24 20:17:26 UTC,0.742,0.063,0.0,0.909,24.171,-0.046,463.0,0.643,0.034,0.0,0.913,33.52,-0.057,642.0,0.832,0.081,0.0,0.946,17.993,0.015,185.0,21944,0.336,0.036,0.0,0.964,59.159,-0.002,249.0,0.502,0.043,0.0,0.979,46.07,0.023,329.0,"Moore, Taylor",0.543,0.049,0.0,0.934,40.75,-0.006,286.0
l24,2026-08-24 16:33:05 UTC,2026-08-24 20:17:26 UTC,0.782,0.05,0.0,0.956,21.566,0.002,159.0,0.603,0.043,0.0,0.909,32.94,-0.057,253.0,0.769,0.052,0.0,0.897,20.897,-0.104,58.0,25263,0.296,0.045,0.0,0.932,56.263,-0.043,88.0,0.484,0.098,0.0,0.959,43.139,0.018,123.0,"Onishi, Kaito",0.545,0.075,0.0,0.935,43.367,-0.01,93.0
l24,2026-08-24 16:33:05 UTC,2026-08-24 20:17:26 UTC,,,,,,,,0.649,0.018,1.0,0.939,34.141,-0.058,114.0,0.842,0.071,1.0,0.929,17.855,-0.004,28.0,13127,0.343,0.042,1.0,1.0,59.751,-0.01,48.0,0.474,0.055,1.0,0.964,51.416,-0.022,55.0,"Tway, Kevin",0.469,0.04,0.0,0.92,40.729,-0.064,50.0
l24,2026-08-24 16:33:05 UTC,2026-08-24 20:17:26 UTC,0.789,0.069,0.0,0.921,24.702,-0.032,391.0,0.632,0.04,0.0,0.899,33.514,-0.059,427.0,0.838,0.075,0.0,0.938,19.135,-0.037,80.0,19866,0.303,0.056,0.0,0.889,61.313,-0.048,162.0,0.454,0.047,0.0,0.931,46.745,-0.027,233.0,"Horsfield, Sam",0.542,0.031,0.0,0.933,40.351,-0.058,194.0
l24,2026-08-24 16:33:05 UTC,2026-08-24 20:17:26 UTC,0.745,0.056,0.0,0.907,24.039,-0.039,214.0,0.648,0.048,0.0,0.915,35.214,-0.062,330.0,0.813,0.111,0.0,0.944,16.796,0.028,72.0,12920,0.285,0.034,0.0,0.948,58.524,-0.043,116.0,0.422,0.032,0.0,0.935,47.172,-0.035,185.0,"Willett, Danny",0.525,0.074,0.0,0.963,37.554,-0.001,108.0
l24,2026-08-24 16:33:05 UTC,2026-08-24 20:17:26 UTC,0.73,0.071,0.0,0.899,24.408,-0.041,198.0,0.591,0.028,0.0,0.927,34.468,-0.062,289.0,0.852,0.094,0.0,0.906,19.008,0.022,64.0,21412,0.373,0.068,0.0,0.926,52.636,-0.018,176.0,0.441,0.037,0.0,0.896,52.39,-0.059,135.0,"Capan III, Frankie",0.504,0.044,0.0,0.956,39.278,-0.025,181.0
l24,2026-08-24 16:33:05 UTC,2026-08-24 20:17:26 UTC,0.793,0.046,0.0,0.916,24.552,-0.035,285.0,0.63,0.059,0.0,0.884,35.725,-0.063,372.0,0.916,0.099,0.0,0.989,15.703,0.042,91.0,22087,0.283,0.057,0.0,0.93,64.286,-0.06,158.0,0.499,0.042,0.0,0.958,44.547,-0.007,190.0,"Paul, Jeremy",0.603,0.075,0.0,0.963,36.234,0.056,161.0
l24,2026-08-24 16:33:05 UTC,2026-08-24 20:17:26 UTC,0.717,0.07,1.0,0.88,24.601,-0.056,100.0,0.627,0.029,0.0,0.912,35.696,-0.064,170.0,0.901,0.0,0.0,0.971,18.394,-0.018,35.0,21235,0.44,0.031,0.0,1.0,55.175,0.034,65.0,0.482,0.056,1.0,0.903,51.242,-0.051,72.0,"Albertson, Anders",0.497,0.041,0.0,0.919,42.03,-0.023,74.0
l24,2026-08-24 16:33:05 UTC,2026-08-24 20:17:26 UTC,0.768,0.051,0.0,0.904,24.207,-0.033,353.0,0.635,0.035,0.0,0.906,34.213,-0.064,490.0,0.835,0.113,0.0,0.936,16.56,0.052,141.0,21995,0.41,0.079,0.0,0.949,57.345,0.024,178.0,0.459,0.063,0.0,0.933,47.718,0.007,238.0,"Springer, Hayden",0.516,0.057,0.0,0.939,40.626,-0.02,212.0
l24,2026-08-24 16:33:05 UTC,2026-08-24 20:17:26 UTC,0.715,0.063,0.0,0.944,22.972,-0.02,143.0,0.582,0.034,0.0,0.89,34.66,-0.064,236.0,0.84,0.035,0.0,0.947,19.954,-0.052,57.0,23540,0.316,0.055,0.0,0.923,70.923,-0.049,91.0,0.432,0.054,0.0,0.92,49.865,-0.052,112.0,"Andersen, Mason",0.544,0.017,0.0,0.923,39.099,-0.054,117.0
l24,2026-08-24 16:33:05 UTC,2026-08-24 20:17:26 UTC,0.725,0.053,0.0,0.932,23.13,-0.027,395.0,0.612,0.044,0.0,0.896,34.0,-0.065,482.0,0.84,0.099,0.0,0.926,18.137,0.002,121.0,17032,0.331,0.046,0.0,0.932,61.112,-0.036,219.0,0.443,0.086,0.0,0.93,46.461,-0.014,243.0,"Tosti, Alejandro",0.54,0.059,0.0,0.95,34.82,0.028,202.0
l24,2026-08-24 16:33:05 UTC,2026-08-24 20:17:26 UTC,0.725,0.076,0.0,0.896,25.285,-0.054,144.0,0.622,0.047,0.0,0.879,36.563,-0.066,190.0,0.891,0.044,0.0,0.956,17.346,-0.01,68.0,19455,0.356,0.034,0.0,0.932,72.107,-0.041,88.0,0.439,0.074,0.0,0.936,52.554,-0.066,94.0,"Pereira, Mito",0.545,0.042,0.0,0.95,39.259,-0.019,119.0
l24,2026-08-24 16:33:05 UTC,2026-08-24 20:17:26 UTC,0.818,0.078,0.0,0.931,21.59,0.016,116.0,0.599,0.041,0.0,0.901,33.51,-0.071,172.0,0.755,0.057,0.0,0.868,22.628,-0.141,53.0,21875,0.356,0.041,0.0,0.946,53.188,-0.001,74.0,0.425,0.094,0.0,0.958,43.565,0.006,96.0,"Widing, Tim",0.566,0.026,0.0,0.949,37.209,0.011,78.0
l24,2026-08-24 16:33:05 UTC,2026-08-24 20:17:26 UTC,0.779,0.064,0.0,0.917,25.95,-0.042,373.0,0.61,0.052,0.0,0.899,36.039,-0.073,496.0,0.789,0.048,0.0,0.914,20.754,-0.072,105.0,7960,0.369,0.023,0.0,0.954,61.376,0.001,174.0,0.456,0.074,0.0,0.959,44.929,0.01,244.0,"List, Luke",0.587,0.083,0.0,0.971,39.97,0.017,206.0
l24,2026-08-24 16:33:05 UTC,2026-08-24 20:17:26 UTC,0.8,0.051,0.0,0.942,22.943,0.015,137.0,0.625,0.027,0.0,0.885,36.816,-0.08,182.0,0.881,0.111,0.0,0.944,15.861,0.041,54.0,6931,0.416,0.0,0.0,0.952,62.256,0.013,63.0,0.407,0.045,0.0,0.937,52.914,-0.069,111.0,"Byrd, Jonathan",0.532,0.106,0.0,0.936,41.072,-0.008,47.0
l24,2026-08-24 16:33:05 UTC,2026-08-24 20:17:26 UTC,0.709,0.046,0.0,0.912,22.609,-0.036,216.0,0.599,0.055,0.0,0.906,35.87,-0.081,329.0,0.877,0.065,0.0,0.935,17.932,0.013,92.0,25442,0.319,0.058,0.0,0.953,59.248,-0.008,172.0,0.379,0.056,0.0,0.944,47.655,-0.03,161.0,"Montgomery, Taylor",0.617,0.094,0.0,0.971,32.197,0.099,170.0
l24,2026-08-24 16:33:05 UTC,2026-08-24 20:17:26 UTC,0.787,0.091,0.0,0.955,24.614,-0.026,154.0,0.64,0.02,0.0,0.933,36.803,-0.083,252.0,0.825,0.074,0.0,0.944,19.103,-0.043,54.0,11328,0.262,0.049,0.0,0.926,67.496,-0.058,81.0,0.497,0.043,0.0,0.93,50.032,-0.021,115.0,"Kisner, Kevin",0.504,0.024,0.0,0.951,42.488,-0.034,82.0
l24,2026-08-24 16:33:05 UTC,2026-08-24 20:17:26 UTC,0.816,0.075,0.0,0.931,24.769,-0.025,160.0,0.629,0.013,0.0,0.892,37.396,-0.084,240.0,0.895,0.049,0.0,0.951,17.243,-0.005,61.0,23502,0.273,0.022,0.0,0.935,70.942,-0.074,92.0,0.361,0.009,0.0,0.936,58.856,-0.107,109.0,"Thornberry, Braden",0.614,0.026,0.0,0.957,40.446,-0.012,116.0
l24,2026-08-24 16:33:05 UTC,2026-08-24 20:17:26 UTC,0.816,0.072,1.0,0.948,21.663,0.015,97.0,0.659,0.03,1.0,0.879,36.159,-0.094,99.0,,,,,,,,7532,,,,,,,,,,,,,,,"Ormsby, Wade",0.739,0.03,0.0,0.909,29.497,0.063,33.0
l24,2026-08-24 16:33:05 UTC,2026-08-24 20:17:26 UTC,0.784,0.058,1.0,0.933,22.955,-0.04,104.0,0.624,0.038,0.0,0.885,37.42,-0.096,156.0,0.794,0.095,0.0,0.881,17.879,-0.028,42.0,18579,0.463,0.13,1.0,0.935,63.1,0.05,46.0,0.364,0.0,0.0,0.963,51.615,-0.095,81.0,"Cook, Austin",0.524,0.0,0.0,0.936,45.58,-0.045,47.0
l24,2026-08-24 16:33:05 UTC,2026-08-24 20:17:26 UTC,0.751,0.097,0.0,0.903,22.412,-0.006,217.0,0.555,0.036,0.0,0.888,35.634,-0.096,251.0,0.756,0.079,0.0,0.921,17.135,-0.014,63.0,20780,0.209,0.022,0.0,0.89,73.441,-0.114,91.0,0.302,0.022,0.0,0.899,59.812,-0.149,139.0,"Kim, Minkyu",0.484,0.064,0.0,0.947,40.923,-0.026,94.0
l24,2026-08-24 16:33:05 UTC,2026-08-24 20:17:26 UTC,0.651,0.054,0.0,0.838,29.156,-0.119,204.0,0.553,0.04,0.0,0.862,38.433,-0.115,253.0,0.878,0.081,0.0,0.919,15.944,0.012,37.0,15274,0.325,0.062,0.0,0.969,61.381,0.038,96.0,0.429,0.039,0.0,0.969,47.513,-0.022,127.0,"Tabuena, Miguel",0.56,0.105,0.0,0.942,35.763,0.012,86.0
l24,2026-08-24 16:33:05 UTC,2026-08-24 20:17:26 UTC,0.714,0.057,0.0,0.886,24.485,-0.049,158.0,0.563,0.057,0.0,0.856,39.96,-0.124,229.0,0.782,0.0,0.0,0.926,21.56,-0.11,54.0,23048,0.367,0.027,0.0,0.973,65.939,-0.037,75.0,0.43,0.05,0.0,0.911,47.339,-0.088,101.0,"Stanger, Jimmy",0.647,0.076,0.0,0.957,34.188,0.072,92.0
l24,2026-08-24 16:33:05 UTC,2026-08-24 20:17:26 UTC,0.771,0.05,0.0,0.92,26.65,-0.065,238.0,0.59,0.049,0.0,0.853,40.164,-0.128,285.0,0.827,0.101,0.0,0.97,16.54,0.026,99.0,30814,0.222,0.021,0.0,0.979,81.392,-0.108,96.0,0.357,0.03,0.0,0.929,52.369,-0.081,168.0,"Sargent, Gordon",0.521,0.048,0.0,0.934,45.016,-0.028,167.0
l24,2026-08-24 16:33:05 UTC,2026-08-24 20:17:26 UTC,0.686,0.044,0.0,0.873,25.652,-0.09,158.0,0.536,0.051,0.0,0.87,38.606,-0.144,215.0,0.748,0.035,0.0,0.882,25.842,-0.165,85.0,24343,0.355,0.066,0.0,0.953,65.57,-0.009,106.0,0.349,0.019,0.0,0.887,60.911,-0.135,106.0,"Lamprecht, Christo",0.475,0.062,0.0,0.907,42.191,-0.034,129.0
l24,2026-08-24 16:33:05 UTC,2026-08-24 20:17:26 UTC,0.704,0.031,0.0,0.888,24.869,-0.089,224.0,0.504,0.043,0.0,0.826,42.42,-0.188,282.0,0.823,0.123,0.0,0.945,17.674,0.022,73.0,7820,0.29,0.033,0.0,0.935,65.02,-0.058,92.0,0.36,0.032,0.0,0.865,51.087,-0.11,126.0,"Palmer, Ryan",0.572,0.047,0.0,0.935,37.095,-0.007,107.0
l24,2026-08-24 16:33:05 UTC,2026-08-24 20:17:26 UTC,0.723,0.039,0.0,0.884,24.378,-0.057,155.0,0.451,0.029,0.0,0.775,44.13,-0.214,209.0,0.805,0.093,0.0,0.86,16.096,-0.02,43.0,12425,0.261,0.024,0.0,0.964,69.706,-0.082,83.0,0.268,0.012,0.0,0.826,60.858,-0.199,86.0,"Todd, Brendon",0.503,0.076,0.0,0.873,42.038,-0.055,79.0
l24,2026-08-24 16:33:05 UTC,2026-08-24 20:17:26 UTC,,,,,,,,,,,,,,,0.912,0.0,1.0,0.957,13.071,0.037,23.0,4163,,,,,,,,,,,,,,,"Donald, Luke",0.386,0.222,1.0,0.963,41.558,0.04,27.0
l24,2026-08-24 16:33:05 UTC,2026-08-24 20:17:26 UTC,,,,,,,,,,,,,,,,,,,,,,5665,,,,,,,,,,,,,,,"Cink, Stewart",0.464,0.042,1.0,0.958,46.256,-0.035,24.0
l24,2026-08-24 16:33:05 UTC,2026-08-24 20:17:26 UTC,,,,,,,,,,,,,,,,,,,,,,7293,,,,,,,,,,,,,,,"Walker, Jimmy",0.52,0.037,1.0,0.963,32.387,-0.006,27.0
l24,2026-08-24 16:33:05 UTC,2026-08-24 20:17:26 UTC,,,,,,,,,,,,,,,0.889,0.172,1.0,1.0,17.858,0.094,29.0,7301,,,,,,,,,,,,,,,"Dufner, Jason",0.483,0.097,0.0,0.871,49.376,-0.075,31.0
l24,2026-08-24 16:33:05 UTC,2026-08-24 20:17:26 UTC,,,,,,,,,,,,,,,,,,,,,,7955,0.338,0.026,1.0,0.974,59.03,-0.019,38.0,,,,,,,,"Watney, Nick",0.554,0.049,0.0,0.927,38.808,0.001,41.0
l24,2026-08-24 16:33:05 UTC,2026-08-24 20:17:26 UTC,,,,,,,,,,,,,,,0.687,0.034,1.0,0.897,20.973,-0.068,29.0,11082,0.361,0.0,1.0,0.929,62.901,-0.062,42.0,,,,,,,,"Burgoon, Bronson",0.543,0.057,0.0,0.943,37.601,-0.008,53.0
l24,2026-08-24 16:33:05 UTC,2026-08-24 20:17:26 UTC,,,,,,,,,,,,,,,0.93,0.192,1.0,1.0,10.983,0.17,26.0,11955,,,,,,,,,,,,,,,"Frittelli, Dylan",0.614,0.042,1.0,0.875,34.406,0.075,24.0
l24,2026-08-24 16:33:05 UTC,2026-08-24 20:17:26 UTC,,,,,,,,,,,,,,,,,,,,,,14852,,,,,,,,,,,,,,,"Streb, Robert",0.5,0.045,1.0,0.864,47.136,-0.051,22.0
l24,2026-08-24 16:33:05 UTC,2026-08-24 20:17:26 UTC,,,,,,,,,,,,,,,,,,,,,,15326,,,,,,,,,,,,,,,"Sullivan, Andy",0.718,0.042,1.0,0.917,34.96,0.045,24.0
l24,2026-08-24 16:33:05 UTC,2026-08-24 20:17:26 UTC,,,,,,,,,,,,,,,,,,,,,,16652,,,,,,,,0.463,0.069,1.0,0.931,44.517,-0.001,58.0,"Langasque, Romain",0.529,0.048,1.0,0.952,40.795,-0.0,21.0
l24,2026-08-24 16:33:05 UTC,2026-08-24 20:17:26 UTC,,,,,,,,,,,,,,,0.683,0.0,1.0,0.815,25.372,-0.224,27.0,16713,,,,,,,,,,,,,,,"Lindheim, Nicholas",0.481,0.074,1.0,0.963,38.344,0.027,27.0
l24,2026-08-24 16:33:05 UTC,2026-08-24 20:17:26 UTC,,,,,,,,,,,,,,,,,,,,,,17068,,,,,,,,,,,,,,,"Daffue, MJ",0.564,0.038,1.0,0.962,34.338,0.025,26.0
l24,2026-08-24 16:33:05 UTC,2026-08-24 20:17:26 UTC,0.79,0.065,1.0,0.924,25.388,-0.024,92.0,,,,,,,,0.832,0.031,0.0,0.938,19.965,0.061,32.0,17386,,,,,,,,,,,,,,,"Mun, Doyeob",0.501,0.059,0.0,0.961,39.511,-0.045,51.0
l24,2026-08-24 16:33:05 UTC,2026-08-24 20:17:26 UTC,,,,,,,,,,,,,,,0.78,0.045,1.0,0.818,26.774,-0.21,22.0,18524,,,,,,,,,,,,,,,"Catlin, John",0.582,0.065,0.0,0.935,41.718,0.003,31.0
l24,2026-08-24 16:33:05 UTC,2026-08-24 20:17:26 UTC,0.769,0.047,1.0,0.906,25.736,-0.097,85.0,,,,,,,,0.8,0.034,1.0,0.897,19.301,-0.062,29.0,18662,,,,,,,,,,,,,,,"Schniederjans, Ollie",0.52,0.056,0.0,0.889,46.188,-0.088,54.0
l24,2026-08-24 16:33:05 UTC,2026-08-24 20:17:26 UTC,,,,,,,,,,,,,,,,,,,,,,19899,,,,,,,,,,,,,,,"Rottluff, Max",0.508,0.118,0.0,0.912,41.608,-0.027,34.0
l24,2026-08-24 16:33:05 UTC,2026-08-24 20:17:26 UTC,,,,,,,,,,,,,,,,,,,,,,20084,,,,,,,,,,,,,,,"Lindberg, Mikael",0.421,0.0,1.0,0.857,44.272,-0.078,21.0
l24,2026-08-24 16:33:05 UTC,2026-08-24 20:17:26 UTC,,,,,,,,,,,,,,,,,,,,,,20727,,,,,,,,,,,,,,,"Coussaud, Ugo",0.806,0.097,0.0,0.968,32.4,0.153,31.0
l24,2026-08-24 16:33:05 UTC,2026-08-24 20:17:26 UTC,,,,,,,,,,,,,,,,,,,,,,20844,,,,,,,,,,,,,,,"Mazzoli, Stefano",0.604,0.042,1.0,0.958,38.155,0.052,24.0
l24,2026-08-24 16:33:05 UTC,2026-08-24 20:17:26 UTC,,,,,,,,,,,,,,,,,,,,,,21362,,,,,,,,,,,,,,,"Hillier, Daniel",0.637,0.091,1.0,1.0,31.017,0.1,22.0
l24,2026-08-24 16:33:05 UTC,2026-08-24 20:17:26 UTC,,,,,,,,,,,,,,,,,,,,,,22259,,,,,,,,,,,,,,,"Del Rey, Alejandro",0.535,0.111,1.0,0.963,40.344,0.023,27.0
l24,2026-08-24 16:33:05 UTC,2026-08-24 20:17:26 UTC,,,,,,,,,,,,,,,,,,,,,,25611,,,,,,,,,,,,,,,"Olesen, Jacob Skov",0.696,0.192,1.0,0.923,33.508,0.087,26.0
l24,2026-08-24 16:33:05 UTC,2026-08-24 20:17:26 UTC,,,,,,,,,,,,,,,,,,,,,,26617,,,,,,,,,,,,,,,"Anderson, Matthew",0.599,0.0,1.0,0.962,34.992,0.076,26.0
l24,2026-08-24 16:33:05 UTC,2026-08-24 20:17:26 UTC,,,,,,,,,,,,,,,,,,,,,,26745,,,,,,,,,,,,,,,"Chacarra, Eugenio",0.629,0.069,1.0,0.966,36.269,0.056,29.0
l24,2026-08-24 16:33:05 UTC,2026-08-24 20:17:26 UTC,,,,,,,,,,,,,,,,,,,,,,28016,,,,,,,,,,,,,,,"Gonzalez, Emilio",0.534,0.048,1.0,0.952,36.184,0.016,21.0
l24,2026-08-24 16:33:05 UTC,2026-08-24 20:17:26 UTC,,,,,,,,,,,,,,,0.783,0.038,1.0,0.962,18.138,-0.024,26.0,28077,0.216,0.07,1.0,0.953,80.593,-0.029,43.0,,,,,,,,"Collet, Tyler",0.368,0.048,1.0,0.857,43.489,-0.083,21.0
l24,2026-08-24 16:33:05 UTC,2026-08-24 20:17:26 UTC,,,,,,,,,,,,,,,,,,,,,,30445,,,,,,,,,,,,,,,"Ayora, Angel",0.568,0.071,1.0,0.964,42.338,0.026,28.0
l24,2026-08-24 16:33:05 UTC,2026-08-24 20:17:26 UTC,,,,,,,,,,,,,,,,,,,,,,32064,,,,,,,,,,,,,,,"Russell, Miles",0.675,0.111,1.0,0.926,40.717,0.041,27.0
l24,2026-08-24 16:33:05 UTC,2026-08-24 20:17:26 UTC,,,,,,,,,,,,,,,0.787,0.042,1.0,0.917,21.872,-0.107,24.0,32089,,,,,,,,,,,,,,,"Stout, Preston",0.353,0.0,1.0,0.966,49.405,-0.115,29.0
l24,2026-08-24 16:33:05 UTC,2026-08-24 20:17:26 UTC,,,,,,,,,,,,,,,0.815,0.0,1.0,0.913,28.576,-0.23,23.0,33759,,,,,,,,,,,,,,,"Howell, Mason",0.521,0.067,0.0,0.967,43.209,-0.017,30.0
l24,2026-08-24 16:33:05 UTC,2026-08-24 20:17:26 UTC,,,,,,,,,,,,,,,,,,,,,,3349,,,,,,,,,,,,,,,"Johnson, Tom",0.338,0.042,1.0,0.875,45.888,-0.131,24.0
l24,2026-08-24 16:33:05 UTC,2026-08-24 20:17:26 UTC,,,,,,,,,,,,,,,0.944,0.0,1.0,0.952,16.024,-0.033,21.0,5513,,,,,,,,,,,,,,,"Weir, Mike",,,,,,,
l24,2026-08-24 16:33:05 UTC,2026-08-24 20:17:26 UTC,,,,,,,,,,,,,,,,,,,,,,7626,,,,,,,,,,,,,,,"O'Hair, Sean",0.736,0.192,1.0,1.0,27.316,0.145,26.0
l24,2026-08-24 16:33:05 UTC,2026-08-24 20:17:26 UTC,,,,,,,,,,,,,,,0.917,0.1,0.0,1.0,16.86,0.047,30.0,7900,,,,,,,,,,,,,,,"Haas, Bill",0.685,0.067,0.0,0.956,38.436,0.027,45.0
l24,2026-08-24 16:33:05 UTC,2026-08-24 20:17:26 UTC,,,,,,,,,,,,,,,0.878,0.08,1.0,0.88,20.164,-0.13,25.0,7959,,,,,,,,,,,,,,,"Holmes, J.B.",0.454,0.0,0.0,0.969,38.692,-0.101,32.0
l24,2026-08-24 16:33:05 UTC,2026-08-24 20:17:26 UTC,,,,,,,,,,,,,,,,,,,,,,8085,,,,,,,,,,,,,,,"Teater, Josh",0.507,0.037,1.0,0.963,36.643,0.021,27.0
l24,2026-08-24 16:33:05 UTC,2026-08-24 20:17:26 UTC,,,,,,,,,,,,,,,,,,,,,,13305,,,,,,,,,,,,,,,"Chappell, Kevin",0.561,0.037,1.0,1.0,38.051,-0.045,27.0
l24,2026-08-24 16:33:05 UTC,2026-08-24 20:17:26 UTC,,,,,,,,,,,,,,,,,,,,,,14002,,,,,,,,,,,,,,,"Alexander, Tyson",0.59,0.071,1.0,0.929,39.423,-0.001,28.0
l24,2026-08-24 16:33:05 UTC,2026-08-24 20:17:26 UTC,0.758,0.047,1.0,0.895,21.8,0.002,86.0,,,,,,,,0.906,0.146,0.0,0.976,15.463,0.071,41.0,14050,,,,,,,,,,,,,,,"Sloan, Roger",0.592,0.026,0.0,0.872,38.803,0.024,39.0
l24,2026-08-24 16:33:05 UTC,2026-08-24 20:17:26 UTC,,,,,,,,,,,,,,,,,,,,,,14799,,,,,,,,,,,,,,,"Barnes, Erik",0.509,0.0,1.0,0.88,48.475,-0.138,25.0
l24,2026-08-24 16:33:05 UTC,2026-08-24 20:17:26 UTC,,,,,,,,,,,,,,,0.767,0.0,1.0,0.87,23.263,-0.15,23.0,15634,,,,,,,,,,,,,,,"Trainer, Martin",0.584,0.121,0.0,0.909,39.245,0.038,33.0
l24,2026-08-24 16:33:05 UTC,2026-08-24 20:17:26 UTC,,,,,,,,,,,,,,,,,,,,,,16566,,,,,,,,,,,,,,,"Barjon, Paul",0.575,0.069,1.0,0.966,35.518,0.03,29.0
l24,2026-08-24 16:33:05 UTC,2026-08-24 20:17:26 UTC,,,,,,,,,,,,,,,0.832,0.04,1.0,0.96,16.159,0.026,25.0,17266,,,,,,,,,,,,,,,"Yuan, Carl",0.526,0.116,0.0,0.907,38.696,0.025,43.0
l24,2026-08-24 16:33:05 UTC,2026-08-24 20:17:26 UTC,,,,,,,,,,,,,,,,,,,,,,18536,,,,,,,,,,,,,,,"McCormick, Ryan",0.464,0.0,1.0,0.885,42.413,-0.073,26.0
l24,2026-08-24 16:33:05 UTC,2026-08-24 20:17:26 UTC,,,,,,,,,,,,,,,,,,,,,,18635,,,,,,,,,,,,,,,"Shelton, Robby",0.431,0.023,0.0,0.955,40.412,-0.076,44.0
l24,2026-08-24 16:33:05 UTC,2026-08-24 20:17:26 UTC,,,,,,,,,,,,,,,,,,,,,,19635,,,,,,,,,,,,,,,"Cantero Gutierrez, Ivan",0.583,0.033,0.0,0.9,41.552,-0.032,30.0
l24,2026-08-24 16:33:05 UTC,2026-08-24 20:17:26 UTC,,,,,,,,,,,,,,,,,,,,,,19738,,,,,,,,,,,,,,,"Dougherty, Kevin",0.511,0.179,1.0,0.857,45.014,0.023,28.0
l24,2026-08-24 16:33:05 UTC,2026-08-24 20:17:26 UTC,,,,,,,,,,,,,,,,,,,,,,20353,,,,,,,,,,,,,,,"Whitney, Tom",0.439,0.08,1.0,0.96,38.954,-0.013,25.0
l24,2026-08-24 16:33:05 UTC,2026-08-24 20:17:26 UTC,,,,,,,,,,,,,,,,,,,,,,20519,,,,,,,,,,,,,,,"Tarren, Callum",0.618,0.13,0.0,0.944,36.627,0.096,54.0
l24,2026-08-24 16:33:05 UTC,2026-08-24 20:17:26 UTC,,,,,,,,,,,,,,,0.712,0.103,1.0,0.862,19.086,-0.064,29.0,21236,,,,,,,,,,,,,,,"Bryan, Wesley",0.581,0.042,0.0,1.0,31.002,0.057,48.0
l24,2026-08-24 16:33:05 UTC,2026-08-24 20:17:26 UTC,0.797,0.052,1.0,0.922,24.25,-0.05,77.0,,,,,,,,0.781,0.037,1.0,0.963,15.8,0.001,27.0,22050,,,,,,,,,,,,,,,"Suh, Justin",0.536,0.061,0.0,1.0,36.088,0.01,33.0
l24,2026-08-24 16:33:05 UTC,2026-08-24 20:17:26 UTC,,,,,,,,,,,,,,,,,,,,,,22981,,,,,,,,,,,,,,,"Matthews, Brandon",0.491,0.0,1.0,0.957,46.77,-0.033,23.0
l24,2026-08-24 16:33:05 UTC,2026-08-24 20:17:26 UTC,,,,,,,,,,,,,,,,,,,,,,25601,,,,,,,,,,,,,,,"Jordan, Matthew",0.511,0.13,1.0,1.0,32.221,0.121,23.0
l24,2026-08-24 16:33:05 UTC,2026-08-24 20:17:26 UTC,,,,,,,,,,,,,,,0.847,0.036,1.0,0.964,18.655,-0.054,28.0,25771,,,,,,,,,,,,,,,"Furr, Wilson",0.51,0.094,0.0,0.969,40.639,-0.006,32.0
l24,2026-08-24 16:33:05 UTC,2026-08-24 20:17:26 UTC,,,,,,,,,,,,,,,,,,,,,,26193,,,,,,,,,,,,,,,"Ding, Wenyi",0.416,0.074,1.0,0.926,37.546,-0.019,27.0
l24,2026-08-24 16:33:05 UTC,2026-08-24 20:17:26 UTC,,,,,,,,,,,,,,,,,,,,,,26913,,,,,,,,,,,,,,,"Phillips, Trent",0.645,0.074,1.0,1.0,35.679,0.071,27.0
l24,2026-08-24 16:33:05 UTC,2026-08-24 20:17:26 UTC,,,,,,,,,,,,,,,,,,,,,,29304,,,,,,,,,,,,,,,"Byrd, Marcus",0.503,0.048,1.0,0.952,40.066,-0.024,21.0
l24,2026-08-24 16:33:05 UTC,2026-08-24 20:17:26 UTC,,,,,,,,,,,,,,,,,,,,,,29348,,,,,,,,,,,,,,,"Hale Jr, Blaine",0.515,0.056,0.0,0.944,34.975,0.021,36.0
l24,2026-08-24 16:33:05 UTC,2026-08-24 20:17:26 UTC,,,,,,,,,,,,,,,,,,,,,,32260,,,,,,,,,,,,,,,"McCulloch, Ashton",0.515,0.048,1.0,0.905,42.469,0.027,21.0
ytd,2026-08-24 16:33:05 UTC,2026-08-24 20:17:26 UTC,0.781,0.133,0.0,0.933,21.864,0.012,30.0,0.819,0.098,0.0,0.951,25.302,0.112,41.0,,,,,,,,26745,0.201,0.0,0.0,0.955,58.707,-0.1,22.0,0.43,0.0,0.0,1.0,46.687,0.018,20.0,"Chacarra, Eugenio",0.732,0.133,0.0,0.933,33.749,0.145,15.0
ytd,2026-08-24 16:33:05 UTC,2026-08-24 20:17:26 UTC,0.769,0.0,1.0,0.958,18.475,0.013,24.0,0.754,0.2,1.0,0.933,27.996,0.105,30.0,0.587,0.125,0.0,0.875,19.539,-0.046,8.0,22608,,,,,,,,0.647,0.0,0.0,1.0,36.84,0.115,24.0,"Clements, Todd",0.506,0.222,0.0,0.889,35.323,-0.026,9.0
ytd,2026-08-24 16:33:05 UTC,2026-08-24 20:17:26 UTC,0.849,0.083,0.0,0.861,22.358,-0.001,36.0,0.71,0.14,0.0,0.977,28.155,0.098,43.0,0.989,0.1,0.0,1.0,22.321,-0.073,10.0,23549,,,,,,,,0.336,0.032,0.0,0.903,50.091,-0.106,31.0,"Celli, Filippo",0.595,0.0,0.0,1.0,44.901,-0.044,10.0
ytd,2026-08-24 16:33:05 UTC,2026-08-24 20:17:26 UTC,0.825,0.098,0.0,0.967,17.632,0.059,61.0,0.741,0.095,0.0,0.979,25.062,0.088,95.0,0.879,0.056,0.0,0.944,15.524,0.002,18.0,14838,0.295,0.023,0.0,0.955,69.54,-0.028,44.0,0.469,0.065,0.0,0.957,44.063,0.05,46.0,"Reed, Patrick",0.492,0.071,0.0,0.964,35.441,0.057,28.0
ytd,2026-08-24 16:33:05 UTC,2026-08-24 20:17:26 UTC,0.899,0.0,1.0,0.963,23.238,-0.017,27.0,0.779,0.069,1.0,1.0,28.837,0.08,29.0,0.977,0.0,1.0,1.0,18.761,0.014,6.0,20190,,,,,,,,0.447,0.077,0.0,0.962,56.078,-0.058,26.0,"Helligkilde, Marcus",0.609,0.083,0.0,1.0,26.128,0.174,12.0
ytd,2026-08-24 16:33:05 UTC,2026-08-24 20:17:26 UTC,0.61,0.069,0.0,0.828,28.591,-0.108,29.0,0.749,0.087,0.0,1.0,29.033,0.067,46.0,0.989,0.071,0.0,1.0,12.265,0.124,14.0,26991,,,,,,,,0.364,0.074,0.0,0.963,50.001,-0.044,27.0,"Schaper, Jayden",0.547,0.071,0.0,1.0,42.388,0.007,14.0
ytd,2026-08-24 16:33:05 UTC,2026-08-24 20:17:26 UTC,0.836,0.066,0.0,0.958,20.368,0.013,166.0,0.769,0.062,0.0,0.971,27.182,0.066,208.0,0.859,0.081,0.0,0.946,18.382,-0.018,37.0,7108,0.446,0.033,0.0,1.0,49.789,0.077,60.0,0.529,0.05,0.0,0.95,42.814,0.068,119.0,"Casey, Paul",0.55,0.057,0.0,0.871,42.96,-0.077,70.0
ytd,2026-08-24 16:33:05 UTC,2026-08-24 20:17:26 UTC,0.831,0.093,0.0,0.907,22.763,0.023,43.0,0.68,0.07,0.0,0.953,29.366,0.065,43.0,0.684,0.0,1.0,0.857,17.614,-0.049,7.0,32550,0.379,0.1,1.0,0.9,83.387,-0.102,10.0,0.588,0.111,0.0,1.0,39.971,0.065,27.0,"Bryant, Davis",0.767,0.0,1.0,1.0,44.094,0.012,6.0
ytd,2026-08-24 16:33:05 UTC,2026-08-24 20:17:26 UTC,0.903,0.12,1.0,1.0,17.353,0.095,25.0,0.779,0.132,0.0,0.943,29.062,0.064,53.0,0.865,0.333,0.0,0.889,12.924,0.157,9.0,7655,0.374,0.154,0.0,0.923,51.699,-0.024,13.0,0.534,0.038,0.0,0.923,33.61,0.118,26.0,"Molinari, Francesco",0.384,0.0,1.0,0.667,45.373,-0.379,6.0
ytd,2026-08-24 16:33:05 UTC,2026-08-24 20:17:26 UTC,0.773,0.087,0.0,0.93,18.97,0.036,300.0,0.745,0.071,0.0,0.968,26.135,0.062,495.0,0.905,0.079,0.0,0.931,16.3,0.051,101.0,14609,0.345,0.069,0.0,0.962,65.134,-0.006,130.0,0.529,0.104,0.0,0.978,38.393,0.102,268.0,"Kim, Si Woo",0.468,0.07,0.0,0.945,39.919,-0.026,128.0
ytd,2026-08-24 16:33:05 UTC,2026-08-24 20:17:26 UTC,0.779,0.032,0.0,0.943,23.282,-0.055,247.0,0.733,0.097,0.0,0.949,28.923,0.062,257.0,0.881,0.071,0.0,0.929,18.161,0.04,70.0,18079,0.45,0.051,0.0,0.974,49.321,0.078,78.0,0.468,0.037,0.0,0.981,43.124,0.042,161.0,"Niemann, Joaquin",0.626,0.103,0.0,0.931,35.042,0.048,116.0
ytd,2026-08-24 16:33:05 UTC,2026-08-24 20:17:26 UTC,0.784,0.032,0.0,0.968,21.872,0.018,62.0,0.725,0.033,0.0,0.956,26.428,0.061,90.0,0.683,0.143,0.0,0.857,23.935,-0.099,14.0,26660,0.347,0.1,0.0,0.967,67.064,-0.019,30.0,0.438,0.054,0.0,0.946,46.374,-0.04,56.0,"Gordon, Will",0.633,0.048,0.0,0.952,41.23,0.025,21.0
ytd,2026-08-24 16:33:05 UTC,2026-08-24 20:17:26 UTC,0.71,0.029,0.0,0.941,23.955,-0.093,34.0,0.764,0.089,0.0,0.933,29.623,0.06,45.0,0.81,0.167,1.0,0.833,19.152,-0.064,6.0,7677,0.423,0.0,0.0,1.0,64.061,0.018,19.0,0.339,0.0,0.0,1.0,50.755,-0.042,25.0,"Norris, Shaun",0.741,0.1,0.0,0.9,46.31,0.11,10.0
ytd,2026-08-24 16:33:05 UTC,2026-08-24 20:17:26 UTC,0.895,0.185,1.0,0.963,21.405,0.115,27.0,0.755,0.0,1.0,1.0,28.666,0.06,24.0,0.604,0.0,0.0,0.875,27.8,-0.211,8.0,10418,,,,,,,,0.426,0.087,0.0,0.913,44.01,0.028,23.0,"Lemke, Niklas",0.57,0.0,0.0,0.929,34.952,-0.008,14.0
ytd,2026-08-24 16:33:05 UTC,2026-08-24 20:17:26 UTC,0.844,0.082,0.0,0.945,19.967,0.032,256.0,0.74,0.07,0.0,0.961,27.823,0.056,358.0,0.925,0.134,0.0,0.955,12.209,0.15,67.0,6430,0.353,0.06,0.0,0.977,63.896,0.018,133.0,0.494,0.045,0.0,0.944,42.41,-0.002,179.0,"Scott, Adam",0.544,0.098,0.0,0.957,38.152,0.003,92.0
ytd,2026-08-24 16:33:05 UTC,2026-08-24 20:17:26 UTC,0.822,0.081,0.0,0.947,19.813,0.045,320.0,0.723,0.069,0.0,0.957,27.928,0.055,423.0,0.827,0.043,0.0,0.935,19.41,-0.077,92.0,21891,0.424,0.067,0.0,0.978,52.331,0.066,179.0,0.509,0.075,0.0,0.955,42.06,0.046,199.0,"Kitayama, Kurt",0.614,0.033,0.0,0.95,34.504,0.017,120.0
ytd,2026-08-24 16:33:05 UTC,2026-08-24 20:17:26 UTC,0.755,0.093,0.0,0.921,23.527,-0.023,215.0,0.79,0.072,0.0,0.96,29.298,0.054,250.0,0.864,0.058,0.0,0.913,17.952,-0.041,69.0,5689,0.384,0.074,0.0,0.912,52.813,0.0,68.0,0.442,0.046,0.0,0.947,46.552,-0.014,152.0,"Garcia, Sergio",0.64,0.156,0.0,0.927,29.897,0.069,96.0
ytd,2026-08-24 16:33:05 UTC,2026-08-24 20:17:26 UTC,0.795,0.051,0.0,0.937,21.067,-0.011,316.0,0.708,0.083,0.0,0.955,27.392,0.054,421.0,0.853,0.085,0.0,0.963,15.692,0.051,82.0,17536,0.407,0.101,0.0,0.958,61.581,0.039,119.0,0.52,0.093,0.0,0.967,41.067,0.075,183.0,"Spaun, J.J.",0.602,0.121,0.0,0.972,31.483,0.09,107.0
ytd,2026-08-24 16:33:05 UTC,2026-08-24 20:17:26 UTC,0.829,0.103,0.0,0.949,21.399,0.052,78.0,0.634,0.134,0.0,0.927,28.535,0.054,82.0,0.977,0.222,0.0,1.0,14.679,0.16,18.0,18187,0.231,0.053,0.0,0.947,71.591,-0.077,19.0,0.371,0.018,0.0,0.947,59.472,-0.074,57.0,"Duncan, Tyler",0.484,0.111,0.0,0.889,43.266,-0.048,18.0
ytd,2026-08-24 16:33:05 UTC,2026-08-24 20:17:26 UTC,0.813,0.082,0.0,0.955,19.707,0.045,245.0,0.728,0.077,0.0,0.958,29.499,0.052,313.0,0.903,0.139,0.0,1.0,14.617,0.103,72.0,27364,0.386,0.138,0.0,0.936,51.597,0.043,94.0,0.484,0.053,0.0,0.96,46.495,-0.004,150.0,"Thompson, Davis",0.504,0.062,0.0,0.956,41.146,-0.013,113.0
ytd,2026-08-24 16:33:05 UTC,2026-08-24 20:17:26 UTC,0.797,0.072,0.0,0.955,21.306,0.005,223.0,0.704,0.082,0.0,0.934,29.323,0.051,243.0,0.921,0.119,0.0,1.0,14.811,0.071,42.0,11019,0.282,0.045,0.0,0.97,61.574,-0.03,66.0,0.514,0.043,0.0,0.95,47.276,0.009,141.0,"Steele, Brendan",0.508,0.024,0.0,0.906,40.254,-0.056,85.0
ytd,2026-08-24 16:33:05 UTC,2026-08-24 20:17:26 UTC,0.846,0.098,0.0,0.951,18.93,0.058,224.0,0.721,0.07,0.0,0.966,28.405,0.05,356.0,0.934,0.159,0.0,1.0,12.63,0.135,63.0,22085,0.409,0.031,0.0,0.958,67.891,-0.003,96.0,0.485,0.077,0.0,0.994,41.058,0.088,156.0,"Morikawa, Collin",0.521,0.091,0.0,0.922,44.002,0.009,77.0
ytd,2026-08-24 16:33:05 UTC,2026-08-24 20:17:26 UTC,0.822,0.094,0.0,0.969,19.524,0.006,32.0,0.717,0.068,0.0,0.977,28.183,0.048,44.0,,,,,,,,21362,0.347,0.091,1.0,1.0,60.204,-0.006,11.0,0.451,0.043,0.0,1.0,51.569,-0.04,23.0,"Hillier, Daniel",0.55,0.133,0.0,1.0,29.335,0.119,15.0
ytd,2026-08-24 16:33:05 UTC,2026-08-24 20:17:26 UTC,0.795,0.068,0.0,0.927,23.091,-0.009,206.0,0.765,0.06,0.0,0.975,29.791,0.047,285.0,0.92,0.13,0.0,0.981,15.943,0.088,54.0,21943,0.339,0.009,0.0,0.937,62.0,-0.047,111.0,0.455,0.044,0.0,0.963,49.169,-0.015,135.0,"Lebioda, Hank",0.552,0.065,0.0,0.924,39.474,0.025,92.0
ytd,2026-08-24 16:33:05 UTC,2026-08-24 20:17:26 UTC,0.699,0.057,0.0,0.886,28.665,-0.107,35.0,0.773,0.037,1.0,0.963,29.902,0.047,27.0,0.967,0.125,0.0,1.0,16.006,0.013,8.0,7457,,,,,,,,0.343,0.0,0.0,0.958,50.159,-0.028,24.0,"Cabrera Bello, Rafa",,,,,,,
ytd,2026-08-24 16:33:05 UTC,2026-08-24 20:17:26 UTC,0.823,0.087,0.0,0.94,21.498,0.02,183.0,0.681,0.114,0.0,0.95,29.764,0.046,220.0,0.859,0.041,0.0,0.959,16.26,0.019,74.0,13944,0.296,0.119,0.0,0.94,57.072,-0.004,67.0,0.425,0.073,0.0,0.959,42.255,0.041,123.0,"Pieters, Thomas",0.586,0.067,0.0,0.933,36.605,0.016,104.0
ytd,2026-08-24 16:33:05 UTC,2026-08-24 20:17:26 UTC,,,,,,,,0.781,0.083,1.0,0.917,28.399,0.044,24.0,,,,,,,,20085,,,,,,,,,,,,,,,"Lindell, Oliver",,,,,,,
ytd,2026-08-24 16:33:05 UTC,2026-08-24 20:17:26 UTC,0.808,0.076,0.0,0.938,20.492,0.02,288.0,0.725,0.063,0.0,0.955,28.256,0.043,441.0,0.937,0.108,0.0,0.986,12.822,0.104,74.0,17646,0.372,0.068,0.0,0.94,57.528,-0.018,117.0,0.553,0.076,0.0,0.975,46.506,0.079,198.0,"Fitzpatrick, Matt",0.684,0.068,0.0,0.973,36.232,0.064,74.0
ytd,2026-08-24 16:33:05 UTC,2026-08-24 20:17:26 UTC,0.834,0.075,0.0,0.961,19.96,0.029,281.0,0.724,0.058,0.0,0.964,27.912,0.043,394.0,0.923,0.071,0.0,0.97,15.831,0.065,99.0,18417,0.408,0.073,0.0,0.976,53.595,0.051,123.0,0.516,0.05,0.0,0.961,42.72,0.036,181.0,"Scheffler, Scottie",0.559,0.075,0.0,0.925,38.927,0.026,107.0
ytd,2026-08-24 16:33:05 UTC,2026-08-24 20:17:26 UTC,0.739,0.032,0.0,0.936,23.998,-0.015,94.0,0.705,0.067,0.0,0.955,30.252,0.043,134.0,0.814,0.118,0.0,0.882,25.846,-0.092,17.0,31343,0.344,0.045,0.0,0.932,59.476,-0.046,44.0,0.528,0.033,0.0,0.984,46.442,0.046,61.0,"Ford, David",0.468,0.0,0.0,0.97,35.988,-0.008,33.0
ytd,2026-08-24 16:33:05 UTC,2026-08-24 20:17:26 UTC,0.8,0.093,0.0,0.949,18.344,0.058,214.0,0.741,0.063,0.0,0.96,26.882,0.042,379.0,0.825,0.16,0.0,0.933,17.248,0.068,75.0,18841,0.359,0.068,0.0,0.949,57.269,0.017,117.0,0.412,0.048,0.0,0.952,47.559,-0.015,188.0,"Hovland, Viktor",0.559,0.093,0.0,0.919,39.25,0.005,86.0
ytd,2026-08-24 16:33:05 UTC,2026-08-24 20:17:26 UTC,0.837,0.094,0.0,0.946,19.182,0.063,331.0,0.716,0.067,0.0,0.952,28.665,0.042,480.0,0.837,0.161,0.0,0.914,16.312,0.063,93.0,29433,0.371,0.068,0.0,0.925,61.719,-0.015,161.0,0.405,0.085,0.0,0.932,50.748,-0.024,235.0,"Bridgeman, Jacob",0.527,0.051,0.0,0.958,41.192,0.012,118.0
ytd,2026-08-24 16:33:05 UTC,2026-08-24 20:17:26 UTC,,,,,,,,0.635,0.083,1.0,0.958,28.917,0.042,24.0,,,,,,,,23416,,,,,,,,,,,,,,,"Ravetto, David",,,,,,,
ytd,2026-08-24 16:33:05 UTC,2026-08-24 20:17:26 UTC,0.809,0.065,0.0,0.959,21.407,0.009,341.0,0.715,0.06,0.0,0.967,29.376,0.04,366.0,0.875,0.101,0.0,0.95,16.282,0.037,119.0,27774,0.341,0.057,0.0,0.99,60.582,0.015,194.0,0.466,0.04,0.0,0.985,47.465,0.018,202.0,"Gotterup, Chris",0.645,0.108,0.0,0.94,33.873,0.089,167.0
ytd,2026-08-24 16:33:05 UTC,2026-08-24 20:17:26 UTC,0.836,0.108,0.0,0.941,19.681,0.063,269.0,0.729,0.053,0.0,0.955,29.226,0.039,359.0,0.894,0.104,0.0,0.972,13.295,0.093,106.0,19483,0.359,0.048,0.0,0.944,63.996,-0.024,126.0,0.513,0.049,0.0,0.951,45.991,0.023,182.0,"Burns, Sam",0.657,0.081,0.0,0.967,36.685,0.064,123.0
ytd,2026-08-24 16:33:05 UTC,2026-08-24 20:17:26 UTC,0.792,0.062,0.0,0.92,22.671,-0.011,225.0,0.715,0.094,0.0,0.932,30.16,0.036,309.0,0.824,0.062,0.0,0.938,19.132,-0.003,80.0,17881,0.343,0.046,0.0,0.966,62.887,-0.009,87.0,0.452,0.055,0.0,0.952,46.204,0.001,145.0,"Yu, Kevin",0.547,0.036,0.0,0.946,39.626,-0.022,111.0
ytd,2026-08-24 16:33:05 UTC,2026-08-24 20:17:26 UTC,0.827,0.036,0.0,0.968,21.706,-0.009,220.0,0.708,0.068,0.0,0.96,29.939,0.036,324.0,0.789,0.059,0.0,0.941,22.397,-0.078,51.0,25157,0.221,0.0,0.0,0.931,68.128,-0.123,87.0,0.539,0.076,0.0,0.969,44.472,0.031,131.0,"Hodges, Lee",0.521,0.076,0.0,0.955,39.527,-0.017,66.0
ytd,2026-08-24 16:33:05 UTC,2026-08-24 20:17:26 UTC,,,,,,,,0.682,0.037,1.0,0.963,26.175,0.036,27.0,,,,,,,,35479,,,,,,,,,,,,,,,"Lee, Eric",,,,,,,
ytd,2026-08-24 16:33:05 UTC,2026-08-24 20:17:26 UTC,0.846,0.079,0.0,0.976,18.954,0.069,291.0,0.684,0.06,0.0,0.946,29.469,0.034,501.0,0.859,0.129,0.0,0.918,16.287,0.064,85.0,24766,0.356,0.043,0.0,0.964,66.358,0.022,140.0,0.452,0.04,0.0,0.935,44.63,-0.001,200.0,"Kim, Tom",0.649,0.062,0.0,0.973,35.929,0.08,112.0
ytd,2026-08-24 16:33:05 UTC,2026-08-24 20:17:26 UTC,0.853,0.051,0.0,0.963,20.211,0.026,215.0,0.699,0.067,0.0,0.955,29.63,0.033,374.0,0.837,0.081,0.0,0.935,18.004,0.028,62.0,22985,0.393,0.031,0.0,0.99,58.477,0.032,97.0,0.488,0.072,0.0,0.987,41.263,0.072,152.0,"Smotherman, Austin",0.635,0.092,0.0,0.921,37.814,0.051,76.0
ytd,2026-08-24 16:33:05 UTC,2026-08-24 20:17:26 UTC,0.822,0.077,0.0,0.949,21.621,0.015,117.0,0.69,0.063,0.0,0.958,29.773,0.033,143.0,0.813,0.067,0.0,0.933,17.065,-0.008,30.0,32152,0.376,0.045,0.0,0.977,62.135,0.005,44.0,0.564,0.042,0.0,0.958,44.19,0.011,71.0,"Brown, Blades",0.55,0.0,0.0,0.906,35.799,0.007,32.0
ytd,2026-08-24 16:33:05 UTC,2026-08-24 20:17:26 UTC,0.834,0.067,0.0,0.923,22.135,0.0,298.0,0.709,0.068,0.0,0.943,29.893,0.032,440.0,0.859,0.107,0.0,0.913,16.723,0.048,103.0,25569,0.391,0.022,0.0,0.978,60.312,0.011,135.0,0.408,0.051,0.0,0.964,48.022,-0.016,196.0,"Stevens, Sam",0.608,0.083,0.0,0.964,35.412,0.037,169.0
ytd,2026-08-24 16:33:05 UTC,2026-08-24 20:17:26 UTC,0.785,0.076,0.0,0.942,20.001,0.029,223.0,0.689,0.088,0.0,0.93,29.382,0.032,330.0,0.805,0.092,0.0,0.921,19.899,-0.034,76.0,26653,0.275,0.017,0.0,0.94,56.547,-0.046,117.0,0.426,0.06,0.0,0.96,43.831,-0.005,151.0,"Eckroat, Austin",0.615,0.086,0.0,0.952,37.923,0.047,105.0
ytd,2026-08-24 16:33:05 UTC,2026-08-24 20:17:26 UTC,0.812,0.093,0.0,0.951,20.062,0.047,324.0,0.69,0.063,0.0,0.965,28.434,0.031,479.0,0.882,0.122,0.0,0.956,14.236,0.103,90.0,13562,0.291,0.06,0.0,0.984,63.402,-0.005,183.0,0.51,0.07,0.0,0.963,40.194,0.06,242.0,"Matsuyama, Hideki",0.577,0.095,0.0,0.946,36.029,0.048,148.0
ytd,2026-08-24 16:33:05 UTC,2026-08-24 20:17:26 UTC,0.793,0.041,0.0,0.944,21.379,-0.019,269.0,0.709,0.054,0.0,0.959,29.746,0.031,368.0,0.894,0.074,0.0,0.951,15.742,0.023,81.0,13764,0.37,0.056,0.0,0.991,57.125,0.018,107.0,0.442,0.047,0.0,0.947,48.581,0.0,171.0,"Parry, John",0.598,0.11,0.0,0.963,37.17,0.047,109.0
ytd,2026-08-24 16:33:05 UTC,2026-08-24 20:17:26 UTC,0.864,0.069,0.0,0.97,18.806,0.052,331.0,0.727,0.072,0.0,0.959,28.928,0.031,461.0,0.837,0.055,0.0,0.959,18.357,-0.004,73.0,17576,0.33,0.038,0.0,0.962,59.265,-0.018,133.0,0.508,0.064,0.0,0.986,42.339,0.056,220.0,"Conners, Corey",0.548,0.065,0.0,0.944,37.631,-0.0,108.0
ytd,2026-08-24 16:33:05 UTC,2026-08-24 20:17:26 UTC,0.835,0.076,0.0,0.929,20.648,0.018,198.0,0.664,0.08,0.0,0.92,29.37,0.03,238.0,0.925,0.042,0.0,0.979,14.648,0.084,48.0,11641,0.372,0.037,0.0,0.914,69.56,-0.021,81.0,0.375,0.038,0.0,0.962,47.011,-0.045,131.0,"Kim, Anthony",0.626,0.094,0.0,0.925,34.071,0.064,106.0
ytd,2026-08-24 16:33:05 UTC,2026-08-24 20:17:26 UTC,0.782,0.051,0.0,0.897,23.698,-0.044,234.0,0.682,0.066,0.0,0.943,29.304,0.03,211.0,0.794,0.082,0.0,0.934,16.679,0.011,61.0,12413,0.283,0.046,0.0,0.862,67.94,-0.084,65.0,0.414,0.067,0.0,0.966,48.746,0.001,119.0,"Lee, Richard",0.613,0.108,0.0,0.952,34.258,0.045,83.0
ytd,2026-08-24 16:33:05 UTC,2026-08-24 20:17:26 UTC,0.861,0.092,0.0,0.966,19.301,0.069,238.0,0.717,0.078,0.0,0.961,29.633,0.03,360.0,0.907,0.069,0.0,0.944,14.676,0.039,72.0,15466,0.35,0.062,0.0,0.965,56.401,0.033,113.0,0.489,0.097,0.0,0.96,41.751,0.059,176.0,"Cantlay, Patrick",0.586,0.082,0.0,0.927,34.722,0.021,110.0
ytd,2026-08-24 16:33:05 UTC,2026-08-24 20:17:26 UTC,0.768,0.0,1.0,1.0,18.36,-0.023,20.0,0.654,0.056,0.0,0.917,29.339,0.03,36.0,0.9,0.0,0.0,1.0,21.229,-0.103,9.0,653,0.575,0.067,0.0,1.0,31.63,0.149,15.0,0.315,0.0,1.0,1.0,53.132,-0.085,15.0,"Singh, Vijay",0.568,0.0,1.0,1.0,32.284,-0.066,7.0
ytd,2026-08-24 16:33:05 UTC,2026-08-24 20:17:26 UTC,0.803,0.073,0.0,0.953,19.745,0.027,301.0,0.754,0.051,0.0,0.946,29.734,0.029,389.0,0.865,0.125,0.0,0.962,15.759,0.058,104.0,32457,0.389,0.079,0.0,0.929,61.574,0.004,126.0,0.488,0.04,0.0,0.926,44.831,-0.028,175.0,"Keefer, Johnny",0.639,0.047,0.0,0.973,36.953,0.04,150.0
ytd,2026-08-24 16:33:05 UTC,2026-08-24 20:17:26 UTC,0.894,0.107,0.0,0.929,22.227,0.074,28.0,0.677,0.07,0.0,0.977,34.585,0.028,43.0,0.523,0.1,0.0,0.9,21.546,-0.013,10.0,11082,0.491,0.0,0.0,0.929,57.094,-0.03,14.0,0.483,0.0,1.0,1.0,58.369,0.005,15.0,"Burgoon, Bronson",0.58,0.042,0.0,0.958,42.377,-0.046,24.0
ytd,2026-08-24 16:33:05 UTC,2026-08-24 20:17:26 UTC,0.836,0.112,0.0,0.959,18.888,0.067,269.0,0.707,0.069,0.0,0.954,28.845,0.027,434.0,0.866,0.151,0.0,0.965,16.129,0.073,86.0,14578,0.287,0.045,0.0,0.977,60.902,-0.044,88.0,0.478,0.036,0.0,0.969,49.341,0.033,194.0,"Henley, Russell",0.618,0.08,0.0,0.92,35.929,0.026,88.0
ytd,2026-08-24 16:33:05 UTC,2026-08-24 20:17:26 UTC,0.809,0.07,0.0,0.937,21.944,0.013,286.0,0.699,0.062,0.0,0.959,29.921,0.027,370.0,0.86,0.108,0.0,0.95,17.011,0.05,120.0,17365,0.338,0.074,0.0,0.956,58.273,0.008,135.0,0.442,0.052,0.0,0.958,42.973,0.013,212.0,"Mitchell, Keith",0.551,0.085,0.0,0.925,38.691,0.026,199.0
ytd,2026-08-24 16:33:05 UTC,2026-08-24 20:17:26 UTC,0.8,0.059,0.0,0.913,21.557,-0.001,254.0,0.658,0.056,0.0,0.948,29.463,0.027,232.0,0.84,0.13,0.0,0.935,15.614,0.044,46.0,18238,0.428,0.094,0.0,0.984,57.442,0.077,64.0,0.385,0.037,0.0,0.978,45.654,0.028,136.0,"Ancer, Abraham",0.582,0.065,0.0,0.919,37.092,0.017,62.0
ytd,2026-08-24 16:33:05 UTC,2026-08-24 20:17:26 UTC,0.827,0.076,0.0,0.956,21.467,0.04,225.0,0.745,0.059,0.0,0.955,29.817,0.027,337.0,0.861,0.037,0.0,0.963,17.452,0.007,82.0,21883,0.394,0.082,0.0,0.936,64.936,0.0,110.0,0.427,0.06,0.0,0.946,50.077,-0.027,168.0,"Ewart, A.J.",0.543,0.045,0.0,0.932,39.34,0.013,132.0
ytd,2026-08-24 16:33:05 UTC,2026-08-24 20:17:26 UTC,0.827,0.101,0.0,0.944,19.713,0.039,267.0,0.692,0.066,0.0,0.962,29.644,0.027,365.0,0.911,0.084,0.0,0.989,15.824,0.038,95.0,23602,0.381,0.065,0.0,0.976,60.542,0.035,168.0,0.517,0.061,0.0,0.967,43.41,0.059,181.0,"Hojgaard, Nicolai",0.468,0.02,0.0,0.941,42.257,-0.063,152.0
ytd,2026-08-24 16:33:05 UTC,2026-08-24 20:17:26 UTC,0.865,0.067,0.0,0.944,21.007,0.017,195.0,0.689,0.067,0.0,0.963,28.433,0.026,240.0,0.86,0.035,0.0,0.93,16.28,0.008,57.0,10091,0.448,0.06,0.0,0.96,55.657,0.037,100.0,0.509,0.061,0.0,0.974,38.555,0.07,115.0,"McIlroy, Rory",0.583,0.06,0.0,0.962,37.86,0.051,133.0
ytd,2026-08-24 16:33:05 UTC,2026-08-24 20:17:26 UTC,0.804,0.055,0.0,0.938,20.978,0.003,256.0,0.715,0.064,0.0,0.966,28.868,0.026,377.0,0.821,0.098,0.0,0.935,17.853,0.005,92.0,12577,0.407,0.046,0.0,0.977,62.478,0.021,130.0,0.473,0.054,0.0,0.967,42.957,0.033,184.0,"Woodland, Gary",0.552,0.062,0.0,0.953,39.287,0.01,128.0
ytd,2026-08-24 16:33:05 UTC,2026-08-24 20:17:26 UTC,0.836,0.053,0.0,0.962,19.578,0.035,266.0,0.727,0.059,0.0,0.98,29.096,0.026,391.0,0.862,0.083,0.0,0.972,15.54,0.034,72.0,19895,0.398,0.022,0.0,0.949,55.066,0.011,137.0,0.516,0.048,0.0,0.963,42.489,0.034,187.0,"Schauffele, Xander",0.575,0.063,0.0,0.968,38.48,0.041,126.0
ytd,2026-08-24 16:33:05 UTC,2026-08-24 20:17:26 UTC,0.695,0.132,0.0,0.906,20.64,-0.007,53.0,0.761,0.019,0.0,0.981,30.096,0.026,54.0,0.826,0.077,0.0,0.923,19.311,-0.075,13.0,22736,0.426,0.1,1.0,1.0,52.561,0.133,10.0,0.476,0.0,0.0,1.0,47.564,0.009,39.0,"Rosenmueller, Thomas",0.711,0.062,0.0,1.0,32.437,0.115,16.0
ytd,2026-08-24 16:33:05 UTC,2026-08-24 20:17:26 UTC,0.798,0.048,0.0,0.935,21.728,-0.004,124.0,0.726,0.037,0.0,0.931,27.669,0.026,188.0,0.81,0.088,0.0,0.882,22.338,-0.089,34.0,29827,0.136,0.0,0.0,0.862,83.786,-0.193,29.0,0.615,0.043,0.0,0.967,39.538,0.066,92.0,"James, Ben",0.389,0.075,0.0,0.95,44.097,0.023,40.0
ytd,2026-08-24 16:33:05 UTC,2026-08-24 20:17:26 UTC,0.813,0.0,0.0,0.941,24.798,-0.081,34.0,0.77,0.074,1.0,0.926,30.153,0.026,27.0,0.661,0.0,0.0,0.9,21.103,-0.123,10.0,26008,,,,,,,,0.646,0.05,0.0,0.95,36.606,0.119,20.0,"Elvira, Manuel",0.754,0.111,0.0,0.889,33.434,0.176,9.0
ytd,2026-08-24 16:33:05 UTC,2026-08-24 20:17:26 UTC,0.749,0.089,0.0,0.937,20.786,-0.012,158.0,0.777,0.029,0.0,0.947,29.156,0.025,208.0,0.833,0.125,0.0,0.95,16.952,0.008,40.0,24200,0.343,0.015,0.0,0.97,64.797,-0.027,67.0,0.385,0.05,0.0,0.96,49.526,-0.017,100.0,"Smylie, Elvis",0.505,0.058,0.0,0.942,38.942,-0.039,69.0
ytd,2026-08-24 16:33:05 UTC,2026-08-24 20:17:26 UTC,0.848,0.08,0.0,0.955,20.099,0.047,199.0,0.691,0.066,0.0,0.955,29.144,0.024,331.0,0.921,0.058,0.0,0.957,13.771,0.07,69.0,17606,0.464,0.051,0.0,0.957,59.075,0.038,117.0,0.514,0.051,0.0,0.949,42.931,0.04,176.0,"Berger, Daniel",0.64,0.064,0.0,0.949,37.587,0.081,78.0
ytd,2026-08-24 16:33:05 UTC,2026-08-24 20:17:26 UTC,0.817,0.101,0.0,0.94,20.57,0.039,267.0,0.715,0.059,0.0,0.954,30.492,0.024,389.0,0.729,0.103,0.0,0.897,23.93,-0.097,58.0,18554,0.327,0.027,0.0,0.959,67.569,-0.046,74.0,0.517,0.047,0.0,0.969,43.985,0.069,191.0,"Rai, Aaron",0.617,0.046,0.0,0.938,37.471,0.038,65.0
ytd,2026-08-24 16:33:05 UTC,2026-08-24 20:17:26 UTC,0.758,0.077,1.0,0.962,22.063,-0.022,26.0,0.679,0.063,0.0,0.968,30.535,0.024,63.0,,,,,,,,19421,0.313,0.069,0.0,0.931,47.561,0.031,29.0,0.366,0.036,0.0,0.929,43.152,-0.044,28.0,"Du Plessis, Hennie",0.636,0.0,0.0,1.0,28.632,0.076,12.0
ytd,2026-08-24 16:33:05 UTC,2026-08-24 20:17:26 UTC,0.785,0.088,0.0,0.919,20.909,0.022,273.0,0.663,0.086,0.0,0.934,29.328,0.024,361.0,0.829,0.13,0.0,0.948,15.008,0.084,77.0,23604,0.36,0.06,0.0,0.953,59.063,-0.016,149.0,0.539,0.092,0.0,0.971,44.598,0.059,173.0,"Clark, Wyndham",0.585,0.112,0.0,0.947,36.431,0.078,152.0
ytd,2026-08-24 16:33:05 UTC,2026-08-24 20:17:26 UTC,0.86,0.058,0.0,0.975,19.468,0.045,120.0,0.712,0.042,0.0,0.97,27.437,0.024,166.0,0.832,0.04,0.0,0.88,23.917,-0.139,25.0,32319,0.262,0.061,0.0,0.909,75.961,-0.073,33.0,0.551,0.097,0.0,0.958,38.323,0.08,72.0,"Koivun, Jackson",0.473,0.1,0.0,0.967,40.814,0.014,30.0
ytd,2026-08-24 16:33:05 UTC,2026-08-24 20:17:26 UTC,0.755,0.038,0.0,0.917,24.434,-0.051,157.0,0.69,0.056,0.0,0.951,29.437,0.023,268.0,0.896,0.149,0.0,0.957,16.621,0.075,47.0,15980,0.287,0.041,0.0,0.887,69.632,-0.079,97.0,0.443,0.037,0.0,0.948,47.954,-0.026,134.0,"Lipsky, David",0.531,0.049,0.0,0.975,44.614,-0.027,81.0
ytd,2026-08-24 16:33:05 UTC,2026-08-24 20:17:26 UTC,0.827,0.052,0.0,0.953,21.063,0.003,213.0,0.705,0.04,0.0,0.96,29.782,0.023,349.0,0.824,0.141,0.0,0.949,15.656,0.087,78.0,19846,0.355,0.04,0.0,0.968,55.907,-0.006,125.0,0.44,0.049,0.0,0.969,45.341,0.013,163.0,"Bauchou, Zach",0.52,0.073,0.0,0.942,36.936,0.012,137.0
ytd,2026-08-24 16:33:05 UTC,2026-08-24 20:17:26 UTC,0.775,0.048,0.0,0.946,22.104,-0.009,166.0,0.694,0.059,0.0,0.969,30.957,0.023,320.0,0.86,0.121,0.0,0.955,15.661,0.098,66.0,20706,0.298,0.045,0.0,0.946,61.463,-0.03,111.0,0.544,0.045,0.0,1.0,42.638,0.06,133.0,"Wallace, Matt",0.595,0.08,0.0,0.966,34.348,0.075,87.0
ytd,2026-08-24 16:33:05 UTC,2026-08-24 20:17:26 UTC,0.731,0.079,0.0,0.895,20.756,-0.01,76.0,0.744,0.054,0.0,0.953,28.83,0.022,129.0,0.943,0.115,0.0,1.0,11.611,0.122,26.0,26947,0.353,0.07,0.0,0.953,60.481,0.009,43.0,0.36,0.066,0.0,0.934,53.221,-0.011,61.0,"Jarvis, Casey",0.568,0.031,0.0,1.0,39.329,0.019,32.0
ytd,2026-08-24 16:33:05 UTC,2026-08-24 20:17:26 UTC,0.764,0.024,0.0,0.913,23.883,-0.062,208.0,0.717,0.063,0.0,0.933,30.466,0.021,238.0,0.876,0.083,0.0,0.938,16.881,0.018,48.0,11952,0.499,0.069,0.0,1.0,47.164,0.119,87.0,0.444,0.017,0.0,0.949,46.308,0.034,118.0,"Grace, Branden",0.619,0.115,0.0,0.954,35.344,0.059,87.0
ytd,2026-08-24 16:33:05 UTC,2026-08-24 20:17:26 UTC,0.759,0.039,0.0,0.946,25.303,-0.072,129.0,0.626,0.077,0.0,0.957,31.113,0.021,117.0,0.84,0.057,0.0,0.857,21.414,-0.113,35.0,19232,0.301,0.035,0.0,0.93,61.423,-0.035,57.0,0.563,0.041,0.0,0.986,43.379,0.043,74.0,"Smyth, Trav",0.545,0.075,0.0,0.925,35.281,0.041,67.0
ytd,2026-08-24 16:33:05 UTC,2026-08-24 20:17:26 UTC,0.797,0.074,0.0,0.932,20.787,0.013,336.0,0.702,0.055,0.0,0.956,28.287,0.021,363.0,0.878,0.089,0.0,0.956,14.024,0.074,90.0,26651,0.369,0.033,0.0,0.951,54.18,0.035,122.0,0.428,0.062,0.0,0.959,43.128,0.019,195.0,"Young, Cameron",0.665,0.101,0.0,0.971,29.995,0.13,138.0
ytd,2026-08-24 16:33:05 UTC,2026-08-24 20:17:26 UTC,0.738,0.065,0.0,0.886,23.988,-0.059,201.0,0.691,0.042,0.0,0.962,29.717,0.02,237.0,0.861,0.143,0.0,0.937,14.861,0.059,63.0,17064,0.476,0.062,0.0,0.901,53.794,0.061,81.0,0.4,0.09,0.0,0.945,43.866,0.034,145.0,"Herbert, Lucas",0.563,0.085,0.0,0.894,37.929,0.006,142.0
ytd,2026-08-24 16:33:05 UTC,2026-08-24 20:17:26 UTC,0.834,0.099,0.0,0.941,21.181,0.039,322.0,0.732,0.067,0.0,0.951,30.042,0.02,448.0,0.852,0.169,0.0,0.94,17.186,0.048,83.0,18474,0.401,0.065,0.0,0.961,59.985,0.031,153.0,0.528,0.074,0.0,0.968,42.786,0.06,189.0,"Smalley, Alex",0.662,0.087,0.0,0.957,32.534,0.066,115.0
ytd,2026-08-24 16:33:05 UTC,2026-08-24 20:17:26 UTC,0.812,0.073,0.0,0.933,22.056,-0.01,179.0,0.639,0.075,0.0,0.945,29.268,0.019,200.0,0.808,0.095,0.0,0.881,21.654,-0.043,42.0,7672,0.267,0.0,0.0,0.963,57.418,-0.047,54.0,0.377,0.057,0.0,0.943,49.793,-0.006,106.0,"Oosthuizen, Louis",0.61,0.034,0.0,0.948,33.633,0.016,58.0
ytd,2026-08-24 16:33:05 UTC,2026-08-24 20:17:26 UTC,0.798,0.069,0.0,0.924,20.85,-0.01,145.0,0.733,0.049,0.0,0.956,30.553,0.019,183.0,0.808,0.094,0.0,0.969,17.161,0.015,32.0,10873,0.362,0.073,0.0,0.982,58.836,0.049,55.0,0.443,0.022,0.0,0.912,43.324,-0.024,91.0,"Skinns, David",0.547,0.06,0.0,0.94,36.046,0.063,50.0
ytd,2026-08-24 16:33:05 UTC,2026-08-24 20:17:26 UTC,0.743,0.085,0.0,0.891,24.839,-0.04,165.0,0.702,0.064,0.0,0.957,30.823,0.019,187.0,0.876,0.05,0.0,0.925,17.921,-0.01,40.0,12909,0.41,0.079,0.0,0.95,63.069,0.055,101.0,0.443,0.063,0.0,0.901,47.838,-0.025,111.0,"Campos, Rafael",0.611,0.014,0.0,0.928,38.818,-0.003,69.0
ytd,2026-08-24 16:33:05 UTC,2026-08-24 20:17:26 UTC,0.777,0.073,0.0,0.917,21.102,-0.01,300.0,0.689,0.068,0.0,0.95,29.33,0.019,397.0,0.873,0.041,0.0,0.959,17.853,-0.009,73.0,12965,0.432,0.071,0.0,0.943,58.613,0.027,141.0,0.54,0.079,0.0,0.974,44.804,0.081,191.0,"Fowler, Rickie",0.584,0.062,0.0,0.946,35.946,0.023,112.0
ytd,2026-08-24 16:33:05 UTC,2026-08-24 20:17:26 UTC,0.872,0.122,0.0,0.97,19.159,0.061,164.0,0.71,0.072,0.0,0.923,29.982,0.019,222.0,0.822,0.119,0.0,1.0,15.26,0.045,42.0,16395,0.264,0.028,0.0,0.944,77.821,-0.091,36.0,0.504,0.063,0.0,0.976,40.681,0.071,126.0,"Kohles, Ben",0.49,0.029,0.0,1.0,39.363,0.008,35.0
ytd,2026-08-24 16:33:05 UTC,2026-08-24 20:17:26 UTC,0.824,0.064,0.0,0.944,19.991,0.029,233.0,0.676,0.062,0.0,0.95,28.409,0.019,402.0,0.855,0.092,0.0,0.947,15.767,0.043,76.0,17511,0.332,0.03,0.0,0.977,62.359,-0.016,132.0,0.493,0.061,0.0,0.966,43.901,0.042,179.0,"Straka, Sepp",0.53,0.054,0.0,0.946,36.294,0.005,93.0
ytd,2026-08-24 16:33:05 UTC,2026-08-24 20:17:26 UTC,0.794,0.038,0.0,0.94,20.793,-0.014,266.0,0.671,0.06,0.0,0.957,30.409,0.018,417.0,0.934,0.028,0.0,0.986,16.247,0.028,72.0,12294,0.338,0.052,0.0,0.983,63.907,-0.008,116.0,0.521,0.092,0.0,0.969,35.848,0.109,196.0,"Fleetwood, Tommy",0.52,0.073,0.0,0.976,37.77,0.014,82.0
ytd,2026-08-24 16:33:05 UTC,2026-08-24 20:17:26 UTC,0.832,0.054,0.0,0.951,21.878,0.002,184.0,0.671,0.065,0.0,0.935,27.896,0.018,260.0,0.929,0.056,0.0,1.0,13.506,0.059,54.0,16243,0.508,0.059,0.0,0.961,50.57,0.08,102.0,0.506,0.025,0.0,0.975,41.36,0.027,122.0,"Koepka, Brooks",0.57,0.054,0.0,0.955,40.005,0.026,111.0
ytd,2026-08-24 16:33:05 UTC,2026-08-24 20:17:26 UTC,0.811,0.056,0.0,0.963,23.602,-0.021,160.0,0.726,0.066,0.0,0.961,30.786,0.017,228.0,0.841,0.096,0.0,0.962,16.393,0.009,52.0,13412,0.338,0.042,0.0,0.979,59.862,-0.015,96.0,0.474,0.069,0.0,0.96,44.456,0.02,101.0,"Olesen, Thorbjorn",0.587,0.101,0.0,0.899,41.185,0.022,89.0
ytd,2026-08-24 16:33:05 UTC,2026-08-24 20:17:26 UTC,0.818,0.05,0.0,0.957,20.534,0.009,303.0,0.704,0.057,0.0,0.968,30.257,0.016,470.0,0.861,0.121,0.0,0.949,16.722,0.072,99.0,14502,0.324,0.048,0.0,0.964,58.656,0.009,165.0,0.468,0.071,0.0,0.967,44.137,0.034,210.0,"Cauley, Bud",0.537,0.04,0.0,0.911,44.662,-0.04,124.0
ytd,2026-08-24 16:33:05 UTC,2026-08-24 20:17:26 UTC,0.807,0.091,0.0,0.93,22.477,0.015,187.0,0.662,0.081,0.0,0.932,32.404,0.016,222.0,0.836,0.059,0.0,0.941,18.056,-0.008,51.0,16602,0.426,0.065,0.0,0.974,50.141,0.078,77.0,0.472,0.082,0.0,0.986,43.896,0.045,146.0,"Varner III, Harold",0.599,0.086,0.0,0.952,37.607,0.021,105.0
ytd,2026-08-24 16:33:05 UTC,2026-08-24 20:17:26 UTC,0.852,0.097,0.0,0.935,22.348,0.044,62.0,0.676,0.042,0.0,0.944,32.636,0.016,72.0,0.725,0.059,0.0,0.882,23.116,-0.101,17.0,32089,0.268,0.045,0.0,1.0,60.893,-0.015,22.0,0.47,0.091,0.0,0.932,44.867,0.058,44.0,"Stout, Preston",0.371,0.0,0.0,1.0,49.253,-0.104,26.0
ytd,2026-08-24 16:33:05 UTC,2026-08-24 20:17:26 UTC,0.786,0.093,0.0,0.965,19.657,0.057,86.0,0.644,0.097,0.0,0.938,31.303,0.015,113.0,0.785,0.091,0.0,0.818,26.353,-0.134,11.0,8571,0.276,0.091,0.0,0.909,56.441,-0.075,22.0,0.356,0.013,0.0,0.95,51.493,-0.111,80.0,"Gomez, Fabian",0.482,0.04,0.0,1.0,38.436,0.03,25.0
ytd,2026-08-24 16:33:05 UTC,2026-08-24 20:17:26 UTC,0.849,0.112,0.0,0.957,20.658,0.063,116.0,0.72,0.047,0.0,0.948,29.981,0.015,191.0,0.865,0.083,0.0,0.958,15.699,0.057,48.0,16715,0.382,0.043,0.0,0.942,63.143,-0.017,69.0,0.485,0.063,0.0,0.962,42.938,0.039,79.0,"Ryder, Sam",0.695,0.137,0.0,0.941,31.725,0.094,51.0
ytd,2026-08-24 16:33:05 UTC,2026-08-24 20:17:26 UTC,0.797,0.09,0.0,0.928,18.872,0.039,167.0,0.684,0.053,0.0,0.958,28.478,0.014,265.0,0.813,0.069,0.0,0.897,17.981,-0.02,58.0,25362,0.38,0.046,0.0,0.954,67.959,0.006,65.0,0.494,0.052,0.0,0.948,39.861,0.04,135.0,"Fitzpatrick, Alex",0.608,0.057,0.0,0.986,34.648,0.073,70.0
ytd,2026-08-24 16:33:05 UTC,2026-08-24 20:17:26 UTC,0.841,0.068,0.0,0.955,18.726,0.049,222.0,0.687,0.053,0.0,0.95,27.798,0.014,340.0,0.893,0.082,0.0,0.932,15.905,0.04,73.0,26096,0.338,0.068,0.0,0.973,49.613,0.038,148.0,0.428,0.05,0.0,0.943,46.274,-0.022,159.0,"Bhatia, Akshay",0.619,0.127,0.0,0.96,34.086,0.093,126.0
ytd,2026-08-24 16:33:05 UTC,2026-08-24 20:17:26 UTC,0.824,0.099,0.0,0.964,21.173,0.041,192.0,0.718,0.044,0.0,0.948,30.708,0.014,252.0,0.825,0.051,0.0,0.974,16.223,0.027,39.0,32330,0.321,0.02,0.0,0.95,59.634,-0.009,100.0,0.469,0.052,0.0,0.991,43.458,0.02,116.0,"Clanton, Luke",0.579,0.014,0.0,0.973,36.262,0.013,73.0
ytd,2026-08-24 16:33:05 UTC,2026-08-24 20:17:26 UTC,,,,,,,,0.688,0.083,1.0,0.958,32.012,0.014,24.0,,,,,,,,15191,,,,,,,,0.406,0.158,1.0,0.947,40.603,0.045,19.0,"Southgate, Matthew",,,,,,,
ytd,2026-08-24 16:33:05 UTC,2026-08-24 20:17:26 UTC,0.787,0.079,0.0,0.939,20.933,0.023,229.0,0.669,0.074,0.0,0.96,30.243,0.013,297.0,0.843,0.145,0.0,0.903,16.991,0.052,62.0,19396,0.358,0.049,0.0,0.992,61.124,0.018,122.0,0.531,0.102,0.0,0.956,40.16,0.077,137.0,"Knapp, Jake",0.563,0.119,0.0,0.983,35.342,0.05,118.0
ytd,2026-08-24 16:33:05 UTC,2026-08-24 20:17:26 UTC,0.8,0.064,0.0,0.94,22.569,-0.02,218.0,0.66,0.061,0.0,0.951,28.922,0.013,246.0,0.843,0.104,0.0,0.948,17.728,0.0,77.0,19841,0.34,0.102,0.0,0.943,61.528,0.032,88.0,0.525,0.113,0.0,0.962,39.895,0.089,159.0,"DeChambeau, Bryson",0.526,0.035,0.0,0.895,36.449,-0.037,114.0
ytd,2026-08-24 16:33:05 UTC,2026-08-24 20:17:26 UTC,0.802,0.06,0.0,0.928,22.975,-0.027,249.0,0.725,0.052,0.0,0.94,30.105,0.013,402.0,0.802,0.089,0.0,0.944,19.592,-0.039,90.0,21554,0.347,0.046,0.0,0.969,56.404,0.012,130.0,0.468,0.038,0.0,0.978,44.619,0.03,185.0,"Poston, J.T.",0.589,0.12,0.0,0.92,40.116,0.027,100.0
ytd,2026-08-24 16:33:05 UTC,2026-08-24 20:17:26 UTC,0.824,0.062,0.0,0.938,24.113,-0.049,32.0,0.635,0.086,0.0,0.971,25.211,0.013,35.0,,,,,,,,35481,,,,,,,,,,,,,,,"Cowan, Ryder",0.669,0.1,0.0,1.0,28.14,0.116,10.0
ytd,2026-08-24 16:33:05 UTC,2026-08-24 20:17:26 UTC,0.801,0.077,0.0,0.938,20.544,0.021,323.0,0.699,0.072,0.0,0.94,29.56,0.012,486.0,0.846,0.086,0.0,0.933,16.958,0.008,105.0,13126,0.331,0.071,0.0,0.949,59.462,-0.006,156.0,0.426,0.056,0.0,0.957,45.998,0.004,234.0,"Taylor, Nick",0.548,0.08,0.0,0.973,35.296,0.03,150.0
ytd,2026-08-24 16:33:05 UTC,2026-08-24 20:17:26 UTC,0.832,0.064,0.0,0.943,19.795,0.016,265.0,0.674,0.059,0.0,0.957,29.937,0.012,391.0,0.841,0.063,0.0,0.949,17.103,-0.009,79.0,13872,0.349,0.064,0.0,0.955,65.625,-0.017,110.0,0.5,0.061,0.0,0.969,44.693,0.053,196.0,"Bradley, Keegan",0.596,0.056,0.0,0.958,35.314,0.045,143.0
ytd,2026-08-24 16:33:05 UTC,2026-08-24 20:17:26 UTC,0.814,0.073,0.0,0.948,22.059,0.021,232.0,0.677,0.048,0.0,0.945,28.484,0.012,399.0,0.852,0.125,0.0,0.917,16.483,0.06,96.0,23475,0.367,0.068,0.0,0.975,53.313,0.043,162.0,0.478,0.053,0.0,0.989,47.916,0.022,188.0,"Novak, Andrew",0.489,0.048,0.0,0.913,43.697,-0.061,126.0
ytd,2026-08-24 16:33:05 UTC,2026-08-24 20:17:26 UTC,0.78,0.073,0.0,0.94,20.531,0.017,233.0,0.69,0.055,0.0,0.948,30.108,0.012,326.0,0.799,0.094,0.0,0.887,19.747,-0.063,53.0,29770,0.373,0.045,0.0,0.964,63.406,0.008,110.0,0.574,0.075,0.0,0.963,41.861,0.096,161.0,"Mouw, William",0.541,0.047,0.0,0.934,40.367,-0.004,106.0
ytd,2026-08-24 16:33:05 UTC,2026-08-24 20:17:26 UTC,0.803,0.082,0.0,0.97,20.747,0.032,268.0,0.704,0.047,0.0,0.948,30.634,0.011,381.0,0.876,0.084,0.0,0.952,18.284,0.027,83.0,11276,0.337,0.037,0.0,0.94,63.239,-0.052,134.0,0.461,0.066,0.0,0.982,43.667,0.057,167.0,"Horschel, Billy",0.602,0.109,0.0,0.961,38.338,0.056,128.0
ytd,2026-08-24 16:33:05 UTC,2026-08-24 20:17:26 UTC,0.772,0.072,0.0,0.924,22.998,-0.01,291.0,0.682,0.066,0.0,0.945,30.492,0.011,348.0,0.84,0.078,0.0,0.956,17.338,0.019,90.0,11676,0.407,0.031,0.0,0.951,53.135,0.023,163.0,0.408,0.063,0.0,0.931,46.071,-0.025,174.0,"Finau, Tony",0.499,0.08,0.0,0.934,40.997,-0.029,137.0
ytd,2026-08-24 16:33:05 UTC,2026-08-24 20:17:26 UTC,0.812,0.069,0.0,0.95,20.554,0.011,261.0,0.67,0.055,0.0,0.938,29.94,0.01,384.0,0.867,0.09,0.0,0.91,18.745,-0.023,67.0,23505,0.442,0.049,0.0,0.967,54.258,0.052,122.0,0.46,0.053,0.0,0.963,45.879,0.039,187.0,"McGreevy, Max",0.515,0.032,0.0,0.915,40.848,-0.027,94.0
ytd,2026-08-24 16:33:05 UTC,2026-08-24 20:17:26 UTC,0.843,0.064,0.0,0.957,18.964,0.043,282.0,0.688,0.052,0.0,0.946,30.597,0.009,446.0,0.876,0.129,0.0,0.95,14.251,0.085,101.0,8825,0.345,0.023,0.0,0.992,62.528,0.001,128.0,0.489,0.051,0.0,0.959,44.652,0.021,217.0,"Harman, Brian",0.532,0.06,0.0,0.933,39.389,0.004,134.0
ytd,2026-08-24 16:33:05 UTC,2026-08-24 20:17:26 UTC,0.854,0.103,0.0,0.967,19.542,0.061,242.0,0.699,0.069,0.0,0.943,29.485,0.009,331.0,0.852,0.101,0.0,0.949,14.663,0.08,79.0,13900,0.394,0.064,0.0,0.982,63.486,0.029,109.0,0.521,0.065,0.0,0.948,45.141,0.022,153.0,"Lowry, Shane",0.588,0.108,0.0,0.961,34.834,0.049,102.0
ytd,2026-08-24 16:33:05 UTC,2026-08-24 20:17:26 UTC,0.789,0.09,0.0,0.921,23.34,-0.01,266.0,0.711,0.059,0.0,0.951,30.869,0.009,426.0,0.876,0.077,0.0,0.949,17.867,-0.002,78.0,18586,0.342,0.069,0.0,0.931,62.563,-0.027,131.0,0.547,0.062,0.0,0.983,42.568,0.072,178.0,"Smith, Jordan",0.589,0.071,0.0,1.0,35.231,0.073,85.0
ytd,2026-08-24 16:33:05 UTC,2026-08-24 20:17:26 UTC,0.791,0.052,0.0,0.91,27.224,-0.074,210.0,0.729,0.05,0.0,0.965,32.038,0.008,258.0,0.871,0.023,0.0,0.932,21.928,-0.083,44.0,14559,0.417,0.069,0.0,0.972,59.355,0.017,72.0,0.476,0.104,0.0,0.97,44.57,0.061,135.0,"Vincent, Scott",0.601,0.052,0.0,0.948,36.236,0.007,97.0
ytd,2026-08-24 16:33:05 UTC,2026-08-24 20:17:26 UTC,0.779,0.071,0.0,0.929,21.089,0.008,266.0,0.684,0.052,0.0,0.956,31.855,0.008,367.0,0.832,0.145,0.0,0.961,13.914,0.104,76.0,18103,0.375,0.061,0.0,0.955,62.858,0.032,132.0,0.464,0.041,0.0,0.954,50.439,-0.001,196.0,"Bezuidenhout, Christiaan",0.574,0.079,0.0,0.991,35.971,0.073,114.0
ytd,2026-08-24 16:33:05 UTC,2026-08-24 20:17:26 UTC,0.689,0.0,1.0,0.875,20.111,-0.067,24.0,0.652,0.032,1.0,0.935,28.992,0.008,31.0,0.723,0.125,0.0,1.0,15.395,-0.027,8.0,23892,,,,,,,,0.474,0.05,0.0,1.0,35.048,0.098,20.0,"Gumberg, Jordan",0.263,0.167,1.0,0.833,59.481,-0.094,6.0
ytd,2026-08-24 16:33:05 UTC,2026-08-24 20:17:26 UTC,0.825,0.084,0.0,0.935,21.48,0.01,215.0,0.665,0.069,0.0,0.911,30.997,0.007,259.0,0.642,0.058,0.0,0.827,20.02,-0.088,52.0,7548,0.271,0.033,0.0,0.935,66.277,-0.054,92.0,0.517,0.061,0.0,0.977,43.157,0.064,132.0,"McDowell, Graeme",0.552,0.081,0.0,0.929,39.676,-0.017,99.0
ytd,2026-08-24 16:33:05 UTC,2026-08-24 20:17:26 UTC,0.835,0.071,0.0,0.964,22.766,-0.006,196.0,0.721,0.032,0.0,0.944,31.243,0.007,285.0,0.87,0.078,0.0,0.953,16.814,0.045,64.0,16757,0.36,0.034,0.0,0.948,67.909,-0.018,116.0,0.537,0.058,0.0,0.985,41.891,0.054,137.0,"Dou, Zecheng",0.495,0.04,0.0,0.952,41.125,-0.034,126.0
ytd,2026-08-24 16:33:05 UTC,2026-08-24 20:17:26 UTC,0.776,0.087,0.0,0.936,22.186,-0.012,265.0,0.705,0.052,0.0,0.951,29.479,0.007,309.0,0.897,0.076,0.0,0.975,16.468,0.066,79.0,19195,0.427,0.063,0.0,0.947,56.797,0.016,95.0,0.604,0.106,0.0,0.972,37.094,0.134,180.0,"Rahm, Jon",0.587,0.034,0.0,0.96,35.816,0.012,149.0
ytd,2026-08-24 16:33:05 UTC,2026-08-24 20:17:26 UTC,0.805,0.032,0.0,0.871,22.421,-0.019,31.0,0.638,0.1,1.0,0.967,32.429,0.007,30.0,0.814,0.167,1.0,1.0,16.79,-0.017,6.0,24837,0.225,0.0,0.0,0.929,82.421,-0.18,14.0,0.132,0.059,1.0,0.941,55.946,-0.1,17.0,"Goodwin, Noah",0.568,0.167,1.0,1.0,41.572,0.059,6.0
ytd,2026-08-24 16:33:05 UTC,2026-08-24 20:17:26 UTC,0.868,0.036,0.0,0.964,19.806,0.015,28.0,0.695,0.028,0.0,0.972,30.261,0.007,36.0,0.969,0.222,0.0,1.0,13.086,0.087,9.0,25739,0.263,0.077,0.0,0.923,85.098,-0.119,13.0,0.495,0.071,1.0,1.0,41.393,0.051,14.0,"Yonezawa, Ren",,,,,,,
ytd,2026-08-24 16:33:05 UTC,2026-08-24 20:17:26 UTC,0.802,0.048,0.0,0.94,22.55,-0.022,168.0,0.657,0.057,0.0,0.943,30.119,0.006,212.0,0.934,0.06,0.0,0.98,18.211,-0.019,50.0,8480,0.268,0.039,0.0,0.961,64.54,-0.053,76.0,0.436,0.042,0.0,0.958,47.238,-0.027,95.0,"Streelman, Kevin",0.625,0.143,0.0,0.946,37.461,0.073,56.0
ytd,2026-08-24 16:33:05 UTC,2026-08-24 20:17:26 UTC,0.783,0.047,0.0,0.953,22.818,-0.014,213.0,0.69,0.065,0.0,0.949,31.578,0.006,293.0,0.853,0.061,0.0,0.939,19.04,-0.01,66.0,15470,0.369,0.052,0.0,0.99,63.642,-0.001,96.0,0.402,0.055,0.0,0.966,45.51,-0.023,146.0,"Hossler, Beau",0.515,0.055,0.0,0.934,42.342,-0.012,91.0
ytd,2026-08-24 16:33:05 UTC,2026-08-24 20:17:26 UTC,0.789,0.083,0.0,0.934,19.043,0.042,288.0,0.663,0.068,0.0,0.92,29.412,0.006,414.0,0.824,0.132,0.0,0.956,15.375,0.052,114.0,15575,0.344,0.047,0.0,0.947,61.151,-0.001,150.0,0.489,0.081,0.0,0.967,41.879,0.035,211.0,"Hoge, Tom",0.606,0.058,0.0,0.964,34.362,0.062,139.0
ytd,2026-08-24 16:33:05 UTC,2026-08-24 20:17:26 UTC,0.794,0.057,0.0,0.946,23.411,-0.019,296.0,0.693,0.063,0.0,0.949,31.999,0.006,350.0,0.824,0.055,0.0,0.961,18.079,-0.051,127.0,17780,0.366,0.034,0.0,0.973,65.579,-0.014,146.0,0.52,0.087,0.0,0.949,41.442,0.053,196.0,"Pendrith, Taylor",0.613,0.082,0.0,0.939,42.297,0.029,147.0
ytd,2026-08-24 16:33:05 UTC,2026-08-24 20:17:26 UTC,0.773,0.121,0.0,0.939,22.768,0.031,33.0,0.683,0.077,0.0,0.923,34.377,0.006,52.0,0.891,0.222,0.0,1.0,18.116,0.11,9.0,19428,0.503,0.05,0.0,1.0,47.242,0.085,20.0,0.4,0.0,0.0,0.957,56.32,-0.053,23.0,"Zalatoris, Will",0.786,0.133,0.0,0.933,34.403,0.107,15.0
ytd,2026-08-24 16:33:05 UTC,2026-08-24 20:17:26 UTC,0.818,0.069,0.0,0.961,19.291,0.039,335.0,0.674,0.047,0.0,0.961,29.805,0.006,466.0,0.831,0.119,0.0,0.94,16.34,0.047,84.0,29767,0.375,0.04,0.0,0.953,59.666,-0.018,149.0,0.453,0.057,0.0,0.986,40.567,0.045,210.0,"Gerard, Ryan",0.583,0.054,0.0,0.969,33.459,0.057,129.0
ytd,2026-08-24 16:33:05 UTC,2026-08-24 20:17:26 UTC,0.865,0.058,0.0,0.955,21.433,0.012,379.0,0.701,0.058,0.0,0.956,31.71,0.005,497.0,0.844,0.078,0.0,0.922,17.516,0.007,103.0,22760,0.385,0.039,0.0,0.961,58.542,0.021,153.0,0.539,0.088,0.0,0.968,43.2,0.078,249.0,"Hisatsune, Ryo",0.601,0.089,0.0,0.956,36.861,0.064,158.0
ytd,2026-08-24 16:33:05 UTC,2026-08-24 20:17:26 UTC,0.755,0.069,0.0,0.897,24.422,-0.066,175.0,0.699,0.05,0.0,0.947,32.293,0.005,321.0,0.791,0.061,0.0,0.939,18.625,-0.072,66.0,23841,0.259,0.035,0.0,0.988,70.02,-0.024,85.0,0.522,0.085,0.0,0.965,41.465,0.059,142.0,"Neergaard-Petersen, Rasmus",0.492,0.069,0.0,0.931,43.925,-0.025,87.0
ytd,2026-08-24 16:33:05 UTC,2026-08-24 20:17:26 UTC,0.807,0.047,0.0,0.942,22.199,-0.014,191.0,0.712,0.049,0.0,0.958,31.877,0.004,430.0,0.865,0.077,0.0,0.969,14.727,0.053,65.0,14704,0.358,0.106,0.0,0.992,56.305,0.056,123.0,0.489,0.056,0.0,0.981,45.122,0.039,215.0,"Putnam, Andrew",0.598,0.079,0.0,0.947,38.874,0.068,76.0
ytd,2026-08-24 16:33:05 UTC,2026-08-24 20:17:26 UTC,0.786,0.072,0.0,0.928,20.467,0.012,249.0,0.685,0.075,0.0,0.929,30.711,0.004,281.0,0.823,0.116,0.0,0.986,18.238,-0.012,69.0,14796,0.329,0.043,0.0,0.905,62.024,-0.043,116.0,0.475,0.079,0.0,0.933,46.574,0.036,178.0,"Hatton, Tyrrell",0.587,0.087,0.0,0.96,32.87,0.04,126.0
ytd,2026-08-24 16:33:05 UTC,2026-08-24 20:17:26 UTC,0.795,0.076,0.0,0.951,21.038,0.023,225.0,0.666,0.051,0.0,0.945,29.72,0.004,235.0,0.876,0.129,0.0,0.919,20.23,0.018,62.0,20770,0.468,0.048,0.0,0.968,67.579,0.015,62.0,0.448,0.049,0.0,0.937,50.431,-0.003,142.0,"Munoz, Sebastian",0.592,0.026,0.0,0.896,39.104,-0.026,77.0
ytd,2026-08-24 16:33:05 UTC,2026-08-24 20:17:26 UTC,0.776,0.051,0.0,0.942,20.748,-0.006,292.0,0.657,0.073,0.0,0.936,29.726,0.004,437.0,0.845,0.098,0.0,0.902,17.772,0.002,92.0,22833,0.368,0.081,0.0,0.95,54.884,0.014,161.0,0.404,0.052,0.0,0.939,50.526,-0.041,213.0,"Echavarria, Nico",0.666,0.088,0.0,0.971,33.597,0.092,136.0
ytd,2026-08-24 16:33:05 UTC,2026-08-24 20:17:26 UTC,0.815,0.093,0.0,0.953,22.542,0.023,107.0,0.657,0.062,0.0,0.922,31.888,0.003,128.0,0.872,0.1,0.0,0.95,19.805,-0.041,20.0,22051,0.439,0.065,0.0,0.957,53.234,0.033,46.0,0.431,0.0,0.0,0.952,47.889,-0.065,84.0,"Wise, Aaron",0.534,0.048,0.0,0.976,37.631,-0.002,42.0
ytd,2026-08-24 16:33:05 UTC,2026-08-24 20:17:26 UTC,0.866,0.038,1.0,0.962,18.856,0.037,26.0,0.703,0.104,0.0,0.917,33.853,0.003,48.0,0.745,0.077,0.0,1.0,16.143,-0.08,13.0,22259,,,,,,,,0.356,0.042,0.0,0.917,44.449,0.011,24.0,"Del Rey, Alejandro",0.553,0.067,0.0,0.933,44.071,-0.027,15.0
ytd,2026-08-24 16:33:05 UTC,2026-08-24 20:17:26 UTC,0.671,0.071,0.0,0.857,26.102,-0.1,28.0,0.702,0.088,0.0,0.971,36.029,0.003,34.0,,,,,,,,27588,,,,,,,,0.613,0.111,1.0,0.944,40.265,0.115,18.0,"Schott, Freddy",0.295,0.0,0.0,0.75,44.418,-0.146,8.0
ytd,2026-08-24 16:33:05 UTC,2026-08-24 20:17:26 UTC,0.683,0.087,0.0,0.88,24.413,-0.069,92.0,0.665,0.048,0.0,0.938,29.908,0.002,146.0,0.819,0.1,0.0,0.833,18.085,-0.069,30.0,5768,0.287,0.019,0.0,0.942,57.111,-0.055,52.0,0.352,0.041,0.0,0.959,45.318,-0.065,74.0,"Hoffman, Charley",0.598,0.083,0.0,0.917,39.88,0.04,48.0
ytd,2026-08-24 16:33:05 UTC,2026-08-24 20:17:26 UTC,0.826,0.046,0.0,0.944,23.204,-0.004,195.0,0.668,0.046,0.0,0.954,30.456,0.002,239.0,0.776,0.089,0.0,0.929,19.249,-0.045,56.0,12337,0.332,0.054,0.0,0.935,70.406,-0.033,93.0,0.491,0.06,0.0,0.91,48.502,-0.014,133.0,"Kokrak, Jason",0.483,0.088,0.0,0.912,39.646,-0.035,91.0
ytd,2026-08-24 16:33:05 UTC,2026-08-24 20:17:26 UTC,0.812,0.084,0.0,0.926,19.248,0.035,215.0,0.687,0.053,0.0,0.95,30.315,0.002,320.0,0.881,0.132,0.0,0.956,15.75,0.085,68.0,12423,0.337,0.071,0.0,0.939,59.753,0.017,98.0,0.474,0.071,0.0,0.961,44.32,0.03,154.0,"Kirk, Chris",0.579,0.115,0.0,0.923,39.755,0.033,104.0
ytd,2026-08-24 16:33:05 UTC,2026-08-24 20:17:26 UTC,0.806,0.113,0.0,0.952,21.104,0.029,248.0,0.692,0.047,0.0,0.937,30.042,0.002,365.0,0.784,0.034,0.0,0.931,18.824,-0.056,58.0,12808,0.318,0.042,0.0,0.958,53.913,-0.015,96.0,0.486,0.077,0.0,0.959,45.786,0.052,195.0,"Grillo, Emiliano",0.488,0.035,0.0,0.977,40.92,-0.019,86.0
ytd,2026-08-24 16:33:05 UTC,2026-08-24 20:17:26 UTC,0.84,0.086,0.0,0.951,21.344,0.025,267.0,0.695,0.049,0.0,0.944,31.212,0.002,284.0,0.816,0.082,0.0,0.918,18.925,-0.026,73.0,14795,0.282,0.034,0.0,0.92,66.374,-0.054,87.0,0.513,0.095,0.0,0.946,42.556,0.057,168.0,"Canter, Laurie",0.624,0.09,0.0,0.97,35.619,0.056,100.0
ytd,2026-08-24 16:33:05 UTC,2026-08-24 20:17:26 UTC,0.817,0.07,0.0,0.93,23.202,-0.014,142.0,0.69,0.037,0.0,0.932,30.75,0.002,162.0,0.894,0.051,0.0,0.974,17.153,-0.006,39.0,17381,0.365,0.036,0.0,0.982,64.689,-0.009,55.0,0.479,0.022,0.0,0.935,54.504,-0.03,93.0,"Silverman, Ben",0.622,0.143,0.0,0.971,33.615,0.13,35.0
ytd,2026-08-24 16:33:05 UTC,2026-08-24 20:17:26 UTC,0.832,0.078,0.0,0.965,20.746,0.035,257.0,0.652,0.047,0.0,0.947,29.287,0.002,358.0,0.799,0.08,0.0,0.973,17.73,-0.008,75.0,28159,0.297,0.035,0.0,0.972,56.772,-0.006,141.0,0.462,0.048,0.0,0.988,43.936,0.015,167.0,"Meissner, Mac",0.572,0.031,0.0,0.969,37.597,0.02,96.0
ytd,2026-08-24 16:33:05 UTC,2026-08-24 20:17:26 UTC,0.886,0.136,1.0,0.909,16.587,0.109,22.0,0.714,0.047,0.0,0.977,35.431,0.002,43.0,,,,,,,,24127,,,,,,,,0.386,0.091,0.0,1.0,44.183,0.038,22.0,"Hidalgo, Angel",0.609,0.0,1.0,1.0,32.274,0.013,7.0
ytd,2026-08-24 16:33:05 UTC,2026-08-24 20:17:26 UTC,0.76,0.05,0.0,0.9,21.782,-0.025,160.0,0.682,0.051,0.0,0.938,30.932,0.001,276.0,0.915,0.031,0.0,0.984,17.973,-0.009,64.0,13997,0.36,0.141,0.0,0.965,58.855,0.043,85.0,0.445,0.054,0.0,0.961,42.787,0.015,129.0,"Svensson, Adam",0.515,0.074,0.0,0.938,39.279,0.02,81.0
ytd,2026-08-24 16:33:05 UTC,2026-08-24 20:17:26 UTC,0.755,0.0,0.0,1.0,20.946,-0.041,41.0,0.689,0.042,0.0,1.0,30.157,0.001,48.0,0.985,0.25,0.0,1.0,8.514,0.198,8.0,15756,0.267,0.037,0.0,1.0,67.639,-0.017,27.0,0.453,0.115,0.0,0.923,43.686,0.067,26.0,"Higa, Kazuki",0.764,0.0,0.0,1.0,24.534,0.167,16.0
ytd,2026-08-24 16:33:05 UTC,2026-08-24 20:17:26 UTC,0.828,0.077,0.0,0.929,20.931,0.024,339.0,0.673,0.06,0.0,0.951,30.898,0.001,466.0,0.845,0.135,0.0,0.921,17.084,0.045,89.0,23014,0.353,0.049,0.0,0.951,56.606,0.005,205.0,0.455,0.06,0.0,0.953,44.487,0.02,215.0,"Theegala, Sahith",0.537,0.065,0.0,0.946,38.567,0.024,184.0
ytd,2026-08-24 16:33:05 UTC,2026-08-24 20:17:26 UTC,0.82,0.024,0.0,0.962,24.274,-0.035,210.0,0.718,0.043,0.0,0.946,32.355,0.001,279.0,0.864,0.042,0.0,0.958,20.588,-0.06,71.0,25094,0.295,0.034,0.0,0.91,75.874,-0.089,89.0,0.512,0.072,0.0,0.978,42.696,0.055,138.0,"Fishburn, Patrick",0.548,0.12,0.0,0.946,39.375,0.063,92.0
ytd,2026-08-24 16:33:05 UTC,2026-08-24 20:17:26 UTC,0.816,0.08,1.0,0.96,20.829,0.014,25.0,0.698,0.0,1.0,0.931,32.226,0.001,29.0,0.88,0.091,0.0,0.909,14.73,-0.006,11.0,32064,0.146,0.083,1.0,0.917,93.268,-0.059,12.0,0.249,0.067,1.0,0.867,52.58,-0.119,15.0,"Russell, Miles",0.544,0.0,0.0,0.933,45.727,-0.086,15.0
ytd,2026-08-24 16:33:05 UTC,2026-08-24 20:17:26 UTC,0.823,0.052,0.0,0.944,23.378,-0.011,251.0,0.7,0.066,0.0,0.934,31.393,-0.0,257.0,0.919,0.077,0.0,0.962,14.859,0.05,52.0,14181,0.306,0.051,0.0,0.923,67.108,-0.057,78.0,0.481,0.067,0.0,0.967,43.136,0.067,150.0,"Detry, Thomas",0.614,0.051,0.0,0.929,35.92,0.007,99.0
ytd,2026-08-24 16:33:05 UTC,2026-08-24 20:17:26 UTC,0.78,0.078,0.0,0.913,22.106,-0.001,219.0,0.686,0.071,0.0,0.929,29.821,0.0,269.0,0.792,0.046,0.0,0.931,18.011,-0.025,87.0,15310,0.424,0.048,0.0,0.962,56.987,-0.004,104.0,0.475,0.036,0.0,0.964,45.013,0.005,140.0,"Li, Haotong",0.587,0.073,0.0,0.936,39.174,0.057,109.0
ytd,2026-08-24 16:33:05 UTC,2026-08-24 20:17:26 UTC,0.784,0.088,0.0,0.903,23.634,-0.022,217.0,0.712,0.05,0.0,0.954,31.845,0.0,282.0,0.89,0.13,0.0,0.948,17.47,0.024,77.0,16394,0.312,0.036,0.0,0.971,58.067,-0.007,139.0,0.443,0.024,0.0,0.939,45.34,-0.025,164.0,"Jaeger, Stephan",0.606,0.105,0.0,0.923,35.901,0.059,143.0
ytd,2026-08-24 16:33:05 UTC,2026-08-24 20:17:26 UTC,,,,,,,,0.551,0.12,1.0,0.96,32.991,-0.0,25.0,0.834,0.143,1.0,1.0,19.415,-0.044,7.0,17872,0.214,0.059,0.0,1.0,62.264,-0.103,17.0,0.261,0.05,0.0,0.85,60.455,-0.085,20.0,"Ham, Jeong Woo",0.563,0.067,0.0,1.0,33.783,0.099,15.0
ytd,2026-08-24 16:33:05 UTC,2026-08-24 20:17:26 UTC,0.729,0.063,0.0,0.913,23.277,-0.045,126.0,0.675,0.057,0.0,0.943,30.989,0.0,247.0,0.886,0.063,0.0,0.937,16.973,0.037,63.0,21889,0.346,0.048,0.0,0.981,62.987,-0.008,104.0,0.341,0.035,0.0,0.956,49.863,-0.062,114.0,"Kang, Jeffrey",0.533,0.117,0.0,0.957,33.402,0.068,94.0
ytd,2026-08-24 16:33:05 UTC,2026-08-24 20:17:26 UTC,0.776,0.072,0.0,0.924,21.524,-0.013,291.0,0.678,0.044,0.0,0.944,29.247,-0.0,481.0,0.907,0.102,0.0,0.958,14.412,0.077,118.0,28635,0.313,0.074,0.0,0.953,62.459,-0.011,148.0,0.48,0.064,0.0,0.959,44.539,0.026,218.0,"McCarty, Matt",0.537,0.092,0.0,0.939,36.614,0.029,131.0
ytd,2026-08-24 16:33:05 UTC,2026-08-24 20:17:26 UTC,0.819,0.067,0.0,0.933,21.494,-0.004,268.0,0.651,0.062,0.0,0.924,30.455,-0.001,370.0,0.857,0.129,0.0,0.952,15.655,0.031,62.0,16841,0.335,0.038,0.0,0.947,60.827,-0.02,132.0,0.483,0.075,0.0,0.966,44.185,0.061,174.0,"Lee, Min Woo",0.503,0.067,0.0,0.941,39.393,-0.013,119.0
ytd,2026-08-24 16:33:05 UTC,2026-08-24 20:17:26 UTC,0.736,0.075,0.0,0.899,22.66,-0.026,199.0,0.678,0.061,0.0,0.935,31.18,-0.001,277.0,0.833,0.029,0.0,0.985,18.757,-0.038,68.0,22002,0.343,0.065,0.0,0.976,60.155,0.01,124.0,0.543,0.086,0.0,0.984,41.289,0.062,128.0,"Dumont De Chassart, Adrien",0.457,0.08,0.0,0.929,38.426,-0.006,112.0
ytd,2026-08-24 16:33:05 UTC,2026-08-24 20:17:26 UTC,0.771,0.095,0.0,0.899,23.936,-0.042,179.0,0.688,0.058,0.0,0.962,32.182,-0.002,260.0,0.819,0.029,0.0,0.941,18.917,-0.031,68.0,11451,0.359,0.045,0.0,0.966,60.48,-0.026,89.0,0.537,0.043,0.0,0.957,42.748,0.039,117.0,"Garnett, Brice",0.568,0.135,0.0,0.885,38.706,-0.001,52.0
ytd,2026-08-24 16:33:05 UTC,2026-08-24 20:17:26 UTC,0.782,0.051,0.0,0.932,24.503,-0.025,235.0,0.711,0.041,0.0,0.924,32.126,-0.002,315.0,0.887,0.105,0.0,0.974,18.4,0.019,76.0,15556,0.252,0.017,0.0,0.934,77.027,-0.08,121.0,0.472,0.043,0.0,0.914,48.213,-0.035,162.0,"Hughes, Mackenzie",0.505,0.057,0.0,0.959,41.216,-0.037,122.0
ytd,2026-08-24 16:33:05 UTC,2026-08-24 20:17:26 UTC,0.695,0.036,0.0,0.857,25.856,-0.122,28.0,0.758,0.091,0.0,0.864,34.482,-0.002,44.0,0.852,0.125,0.0,0.875,15.426,-0.031,8.0,20084,0.353,0.118,0.0,1.0,43.927,0.088,17.0,0.6,0.0,0.0,1.0,54.67,0.007,21.0,"Lindberg, Mikael",0.419,0.0,0.0,0.846,40.697,-0.046,13.0
ytd,2026-08-24 16:33:05 UTC,2026-08-24 20:17:26 UTC,0.815,0.071,0.0,0.959,20.326,0.035,196.0,0.65,0.054,0.0,0.932,31.715,-0.002,279.0,0.85,0.095,0.0,0.952,16.048,0.015,63.0,30620,0.286,0.045,0.0,0.909,69.522,-0.075,66.0,0.469,0.047,0.0,0.987,39.318,0.061,150.0,"Chatfield, Davis",0.526,0.071,0.0,0.875,40.412,-0.044,56.0
ytd,2026-08-24 16:33:05 UTC,2026-08-24 20:17:26 UTC,0.754,0.063,0.0,0.917,20.799,0.004,253.0,0.656,0.052,0.0,0.931,29.891,-0.003,349.0,0.947,0.194,0.0,0.968,14.208,0.131,93.0,7399,0.431,0.066,0.0,0.953,58.527,0.041,106.0,0.433,0.065,0.0,0.923,46.515,-0.009,169.0,"Glover, Lucas",0.601,0.079,0.0,0.934,37.416,0.072,76.0
ytd,2026-08-24 16:33:05 UTC,2026-08-24 20:17:26 UTC,0.736,0.087,0.0,0.918,22.905,-0.012,196.0,0.687,0.029,0.0,0.939,31.607,-0.003,244.0,0.892,0.061,0.0,0.939,17.814,-0.006,49.0,7649,0.325,0.132,0.0,0.926,51.158,0.052,68.0,0.459,0.037,0.0,0.978,43.895,0.029,135.0,"Leishman, Marc",0.589,0.038,0.0,0.885,35.942,0.002,78.0
ytd,2026-08-24 16:33:05 UTC,2026-08-24 20:17:26 UTC,0.784,0.102,0.0,0.908,23.322,-0.02,196.0,0.684,0.068,0.0,0.936,32.254,-0.003,281.0,0.772,0.078,0.0,0.922,20.685,-0.051,77.0,27900,0.39,0.062,0.0,0.961,61.217,0.027,128.0,0.44,0.087,0.0,0.932,44.213,0.017,161.0,"Potgieter, Aldrich",0.517,0.044,0.0,0.937,42.59,-0.046,159.0
ytd,2026-08-24 16:33:05 UTC,2026-08-24 20:17:26 UTC,0.78,0.105,0.0,0.941,21.121,0.024,153.0,0.646,0.058,0.0,0.933,30.08,-0.003,223.0,0.854,0.055,0.0,0.909,18.363,-0.041,55.0,28270,0.336,0.031,0.0,0.948,67.103,-0.004,97.0,0.484,0.035,0.0,0.965,44.918,0.002,114.0,"Dunlap, Nick",0.523,0.099,0.0,0.89,38.437,-0.004,91.0
ytd,2026-08-24 16:33:05 UTC,2026-08-24 20:17:26 UTC,0.82,0.082,0.0,0.949,19.602,0.042,195.0,0.708,0.062,0.0,0.935,28.946,-0.004,308.0,0.922,0.164,0.0,0.955,14.086,0.103,67.0,6093,0.419,0.07,0.0,0.965,64.992,0.024,114.0,0.456,0.069,0.0,0.962,46.495,0.03,159.0,"Rose, Justin",0.647,0.094,0.0,0.965,33.366,0.092,85.0
ytd,2026-08-24 16:33:05 UTC,2026-08-24 20:17:26 UTC,0.842,0.038,0.0,0.962,21.279,0.022,133.0,0.662,0.067,0.0,0.951,31.403,-0.004,224.0,0.887,0.148,0.0,0.951,15.926,0.084,61.0,17639,0.307,0.016,0.0,0.951,59.552,-0.01,61.0,0.519,0.087,0.0,0.976,41.094,0.079,126.0,"Blair, Zac",0.485,0.021,0.0,0.936,38.907,-0.021,47.0
ytd,2026-08-24 16:33:05 UTC,2026-08-24 20:17:26 UTC,0.782,0.059,0.0,0.916,23.239,-0.023,202.0,0.626,0.066,0.0,0.915,30.673,-0.004,259.0,0.787,0.111,0.0,0.889,20.577,-0.056,45.0,18580,0.358,0.067,0.0,0.955,61.915,0.037,89.0,0.571,0.057,0.0,0.979,41.344,0.099,140.0,"Gooch, Talor",0.625,0.086,0.0,0.971,35.584,0.06,70.0
ytd,2026-08-24 16:33:05 UTC,2026-08-24 20:17:26 UTC,0.832,0.07,0.0,0.93,20.426,0.025,199.0,0.639,0.067,0.0,0.941,31.782,-0.004,269.0,0.862,0.053,0.0,0.965,15.619,0.031,57.0,24304,0.354,0.054,0.0,0.953,69.477,-0.026,129.0,0.51,0.086,0.0,0.971,41.036,0.061,105.0,"Vilips, Karl",0.536,0.102,0.0,0.926,38.709,0.028,108.0
ytd,2026-08-24 16:33:05 UTC,2026-08-24 20:17:26 UTC,0.729,0.072,0.0,0.887,23.342,-0.052,195.0,0.667,0.057,0.0,0.932,30.756,-0.004,296.0,0.875,0.088,0.0,0.926,17.594,0.03,68.0,32055,0.239,0.068,0.0,0.898,71.215,-0.124,59.0,0.46,0.08,0.0,0.949,43.527,0.027,137.0,"Shipley, Neal",0.497,0.044,0.0,0.922,40.717,-0.023,90.0
ytd,2026-08-24 16:33:05 UTC,2026-08-24 20:17:26 UTC,0.834,0.095,0.0,0.943,19.019,0.067,263.0,0.69,0.054,0.0,0.927,30.204,-0.005,369.0,0.894,0.152,0.0,0.949,16.855,0.07,79.0,23950,0.455,0.087,0.0,0.971,53.778,0.07,104.0,0.489,0.065,0.0,0.965,42.4,0.042,170.0,"Aberg, Ludvig",0.674,0.088,0.0,0.978,35.628,0.081,136.0
ytd,2026-08-24 16:33:05 UTC,2026-08-24 20:17:26 UTC,0.846,0.039,0.0,0.914,21.942,0.009,128.0,0.666,0.054,0.0,0.921,32.566,-0.006,202.0,0.85,0.08,0.0,1.0,14.656,0.071,50.0,9171,0.3,0.05,0.0,0.963,61.767,-0.041,80.0,0.342,0.021,0.0,0.885,46.525,-0.098,96.0,"Villegas, Camilo",0.529,0.071,0.0,0.957,34.829,0.052,70.0
ytd,2026-08-24 16:33:05 UTC,2026-08-24 20:17:26 UTC,0.79,0.065,0.0,0.924,25.388,-0.024,92.0,0.613,0.037,0.0,0.951,31.167,-0.006,81.0,0.832,0.031,0.0,0.938,19.965,0.061,32.0,17386,0.281,0.086,0.0,0.943,74.121,-0.069,35.0,0.375,0.038,0.0,0.962,44.444,-0.028,53.0,"Mun, Doyeob",0.501,0.059,0.0,0.961,39.511,-0.045,51.0
ytd,2026-08-24 16:33:05 UTC,2026-08-24 20:17:26 UTC,0.795,0.078,0.0,0.952,20.291,0.015,332.0,0.642,0.061,0.0,0.937,30.592,-0.006,446.0,0.913,0.076,0.0,0.952,14.715,0.061,105.0,17543,0.351,0.062,0.0,0.926,64.446,-0.022,162.0,0.451,0.031,0.0,0.969,43.343,0.008,229.0,"Kim, Michael",0.625,0.095,0.0,0.923,35.145,0.07,169.0
ytd,2026-08-24 16:33:05 UTC,2026-08-24 20:17:26 UTC,0.755,0.073,0.0,0.906,24.5,-0.038,233.0,0.725,0.045,0.0,0.976,32.276,-0.006,336.0,0.807,0.092,0.0,0.892,18.138,-0.032,65.0,20722,0.364,0.016,0.0,0.93,56.952,-0.028,128.0,0.436,0.076,0.0,0.951,45.89,-0.018,144.0,"Schmid, Matti",0.585,0.052,0.0,0.941,37.237,0.002,135.0
ytd,2026-08-24 16:33:05 UTC,2026-08-24 20:17:26 UTC,0.804,0.093,0.0,0.929,23.799,-0.018,140.0,0.681,0.048,0.0,0.938,29.919,-0.006,145.0,0.869,0.026,0.0,0.949,14.655,0.054,39.0,27780,0.298,0.067,0.0,0.889,74.366,-0.036,45.0,0.448,0.024,0.0,0.963,41.499,-0.024,82.0,"Crowe, Trace",0.415,0.057,0.0,0.906,45.873,-0.057,53.0
ytd,2026-08-24 16:33:05 UTC,2026-08-24 20:17:26 UTC,0.762,0.076,0.0,0.937,22.313,-0.001,301.0,0.669,0.046,0.0,0.942,30.868,-0.006,417.0,0.838,0.103,0.0,0.935,16.976,0.04,107.0,29197,0.364,0.078,0.0,0.961,61.924,0.007,129.0,0.527,0.115,0.0,0.953,37.276,0.095,192.0,"Brennan, Michael",0.602,0.086,0.0,0.943,38.609,0.034,174.0
ytd,2026-08-24 16:33:05 UTC,2026-08-24 20:17:26 UTC,0.746,0.041,0.0,0.905,24.101,-0.041,74.0,0.667,0.044,0.0,0.965,30.786,-0.007,113.0,0.869,0.138,0.0,0.966,14.652,0.097,29.0,14007,0.385,0.094,0.0,0.875,74.617,-0.081,32.0,0.569,0.063,0.0,0.984,39.733,0.127,63.0,"Martin, Ben",0.542,0.053,0.0,0.947,36.172,0.01,38.0
ytd,2026-08-24 16:33:05 UTC,2026-08-24 20:17:26 UTC,0.797,0.097,0.0,0.913,23.573,-0.013,196.0,0.663,0.046,0.0,0.921,31.19,-0.007,239.0,0.805,0.043,0.0,0.851,22.168,-0.1,47.0,14196,0.304,0.041,0.0,0.969,59.942,-0.021,97.0,0.395,0.036,0.0,0.927,47.425,-0.032,137.0,"Meronk, Adrian",0.512,0.053,0.0,0.885,39.42,-0.027,113.0
ytd,2026-08-24 16:33:05 UTC,2026-08-24 20:17:26 UTC,0.829,0.073,0.0,0.95,21.191,0.04,219.0,0.666,0.059,0.0,0.944,31.16,-0.007,337.0,0.821,0.017,0.0,0.966,17.599,-0.025,58.0,16333,0.266,0.02,0.0,0.931,65.249,-0.111,101.0,0.543,0.061,0.0,0.973,41.763,0.067,148.0,"Hubbard, Mark",0.521,0.07,0.0,0.96,37.395,0.037,100.0
ytd,2026-08-24 16:33:05 UTC,2026-08-24 20:17:26 UTC,0.795,0.042,0.0,0.946,20.466,0.005,260.0,0.644,0.055,0.0,0.933,29.461,-0.007,403.0,0.959,0.067,0.0,0.967,16.389,0.02,60.0,21756,0.379,0.091,0.0,0.954,51.389,0.023,175.0,0.389,0.062,0.0,0.959,44.526,0.004,195.0,"Cole, Eric",0.548,0.092,0.0,0.926,39.389,0.014,163.0
ytd,2026-08-24 16:33:05 UTC,2026-08-24 20:17:26 UTC,0.78,0.065,0.0,0.964,21.26,0.013,247.0,0.674,0.05,0.0,0.942,30.976,-0.008,381.0,0.878,0.104,0.0,0.99,14.919,0.087,96.0,27194,0.35,0.031,0.0,0.953,60.591,0.0,129.0,0.428,0.066,0.0,0.962,48.531,-0.0,183.0,"Hall, Harry",0.575,0.037,0.0,0.97,40.157,0.007,135.0
ytd,2026-08-24 16:33:05 UTC,2026-08-24 20:17:26 UTC,,,,,,,,0.696,0.034,1.0,0.931,31.209,-0.008,29.0,,,,,,,,19864,,,,,,,,,,,,,,,"Hammer, Cole",0.561,0.111,0.0,0.889,38.555,0.015,9.0
ytd,2026-08-24 16:33:05 UTC,2026-08-24 20:17:26 UTC,0.798,0.071,0.0,0.962,21.129,0.016,184.0,0.692,0.043,0.0,0.932,31.297,-0.009,278.0,0.871,0.079,0.0,0.937,15.657,0.049,63.0,8820,0.265,0.024,0.0,0.963,77.005,-0.063,82.0,0.458,0.022,0.0,0.956,47.204,-0.007,135.0,"Snedeker, Brandt",0.631,0.161,0.0,0.982,28.665,0.182,56.0
ytd,2026-08-24 16:33:05 UTC,2026-08-24 20:17:26 UTC,0.791,0.082,0.0,0.94,19.575,0.028,267.0,0.656,0.063,0.0,0.937,31.074,-0.009,331.0,0.868,0.042,0.0,0.958,16.653,0.018,71.0,11889,0.413,0.047,0.0,0.966,57.609,0.05,149.0,0.468,0.082,0.0,0.977,42.664,0.049,171.0,"Fox, Ryan",0.564,0.098,0.0,0.97,32.228,0.06,132.0
ytd,2026-08-24 16:33:05 UTC,2026-08-24 20:17:26 UTC,0.716,0.085,0.0,0.898,21.837,-0.028,118.0,0.657,0.058,0.0,0.913,31.681,-0.009,207.0,0.873,0.057,0.0,1.0,15.693,0.053,35.0,17786,0.254,0.019,0.0,0.922,64.405,-0.084,103.0,0.483,0.058,0.0,0.942,47.561,-0.047,86.0,"Davis, Cam",0.514,0.058,0.0,0.942,35.744,0.023,69.0
ytd,2026-08-24 16:33:05 UTC,2026-08-24 20:17:26 UTC,0.751,0.057,0.0,0.937,22.039,-0.025,175.0,0.69,0.04,0.0,0.929,31.825,-0.009,226.0,0.885,0.061,0.0,0.97,20.211,-0.056,33.0,21074,0.488,0.087,0.0,0.988,50.217,0.102,80.0,0.548,0.077,0.0,0.981,39.372,0.078,104.0,"Nakajima, Keita",0.515,0.058,0.0,0.971,39.118,-0.006,69.0
ytd,2026-08-24 16:33:05 UTC,2026-08-24 20:17:26 UTC,0.813,0.073,0.0,0.96,22.648,-0.003,248.0,0.66,0.054,0.0,0.933,32.142,-0.01,314.0,0.839,0.069,0.0,0.948,16.707,0.016,58.0,22322,0.319,0.043,0.0,0.942,63.612,-0.019,69.0,0.449,0.037,0.0,0.957,46.774,-0.018,161.0,"McKibbin, Tom",0.521,0.067,0.0,0.923,40.7,-0.008,104.0
ytd,2026-08-24 16:33:05 UTC,2026-08-24 20:17:26 UTC,0.743,0.037,0.0,0.875,25.623,-0.072,216.0,0.683,0.051,0.0,0.913,30.375,-0.01,253.0,0.827,0.078,0.0,0.909,18.584,-0.009,77.0,28984,0.326,0.041,0.0,0.928,62.519,-0.066,97.0,0.424,0.062,0.0,0.919,46.786,-0.028,161.0,"Puig, David",0.635,0.063,0.0,0.93,34.938,0.023,142.0
ytd,2026-08-24 16:33:05 UTC,2026-08-24 20:17:26 UTC,0.769,0.079,0.0,0.915,23.599,-0.019,189.0,0.678,0.059,0.0,0.921,31.407,-0.011,239.0,0.75,0.098,0.0,0.941,19.139,-0.066,51.0,8117,0.408,0.092,0.0,0.98,57.39,0.072,98.0,0.509,0.065,0.0,0.984,41.724,0.069,123.0,"Kaymer, Martin",0.623,0.1,0.0,0.944,34.535,0.064,90.0
ytd,2026-08-24 16:33:05 UTC,2026-08-24 20:17:26 UTC,0.803,0.086,0.0,0.957,21.887,0.008,255.0,0.685,0.043,0.0,0.959,32.314,-0.011,416.0,0.85,0.122,0.0,0.932,19.306,-0.015,74.0,10419,0.376,0.073,0.0,0.956,61.051,0.036,137.0,0.502,0.051,0.0,0.949,45.847,0.017,215.0,"Noren, Alex",0.565,0.085,0.0,0.962,41.464,0.023,106.0
ytd,2026-08-24 16:33:05 UTC,2026-08-24 20:17:26 UTC,0.726,0.08,1.0,0.84,23.373,-0.02,25.0,0.652,0.048,0.0,0.937,33.555,-0.011,63.0,1.0,0.0,0.0,1.0,19.249,0.011,8.0,11657,0.546,0.0,0.0,1.0,53.5,0.066,17.0,0.296,0.043,0.0,0.913,51.848,-0.111,23.0,"Norlander, Henrik",0.613,0.118,0.0,0.882,39.48,0.038,17.0
ytd,2026-08-24 16:33:05 UTC,2026-08-24 20:17:26 UTC,0.819,0.053,0.0,0.934,21.467,0.023,228.0,0.675,0.07,0.0,0.939,31.034,-0.011,344.0,0.849,0.084,0.0,0.952,19.275,-0.0,83.0,14509,0.415,0.078,0.0,0.984,53.839,0.076,64.0,0.469,0.046,0.0,0.965,41.543,0.045,173.0,"Dahmen, Joel",0.594,0.071,0.0,0.976,36.732,0.064,85.0
ytd,2026-08-24 16:33:05 UTC,2026-08-24 20:17:26 UTC,0.824,0.039,0.0,0.953,21.082,0.012,129.0,0.644,0.05,0.0,0.955,29.823,-0.011,221.0,0.871,0.164,0.0,0.934,13.173,0.097,61.0,20766,0.388,0.068,0.0,0.945,64.221,-0.001,73.0,0.512,0.065,0.0,0.953,39.172,0.07,107.0,"Brown, Dan",0.561,0.06,0.0,0.94,36.092,0.023,83.0
ytd,2026-08-24 16:33:05 UTC,2026-08-24 20:17:26 UTC,0.753,0.031,0.0,0.938,27.202,-0.084,32.0,0.646,0.073,0.0,0.878,32.368,-0.012,41.0,0.878,0.0,0.0,0.923,26.47,-0.15,13.0,16652,,,,,,,,0.447,0.031,0.0,0.969,43.507,-0.004,32.0,"Langasque, Romain",0.417,0.0,0.0,1.0,46.881,-0.061,8.0
ytd,2026-08-24 16:33:05 UTC,2026-08-24 20:17:26 UTC,0.763,0.047,0.0,0.901,23.896,-0.034,212.0,0.646,0.063,0.0,0.942,30.452,-0.012,381.0,0.845,0.078,0.0,0.978,15.442,0.044,90.0,18628,0.257,0.026,0.0,0.966,66.133,-0.081,116.0,0.465,0.08,0.0,0.977,45.992,0.041,174.0,"Campbell, Brian",0.602,0.062,0.0,0.892,41.098,-0.019,65.0
ytd,2026-08-24 16:33:05 UTC,2026-08-24 20:17:26 UTC,0.721,0.062,0.0,0.9,23.847,-0.039,130.0,0.664,0.032,0.0,0.932,29.253,-0.012,221.0,0.875,0.091,0.0,0.955,18.361,0.006,22.0,23816,0.393,0.049,0.0,0.988,55.685,0.039,82.0,0.442,0.024,0.0,0.953,42.391,-0.001,85.0,"Valimaki, Sami",0.634,0.13,0.0,0.963,31.839,0.067,54.0
ytd,2026-08-24 16:33:05 UTC,2026-08-24 20:17:26 UTC,0.743,0.05,0.0,0.927,22.551,-0.013,179.0,0.694,0.044,0.0,0.938,32.771,-0.013,273.0,0.847,0.042,0.0,0.986,16.011,0.017,71.0,19477,0.4,0.055,0.0,0.927,62.424,-0.022,109.0,0.511,0.038,0.0,0.94,50.93,-0.033,133.0,"Schenk, Adam",0.574,0.076,0.0,0.879,40.107,-0.029,132.0
ytd,2026-08-24 16:33:05 UTC,2026-08-24 20:17:26 UTC,0.738,0.04,0.0,0.923,23.623,-0.053,247.0,0.661,0.045,0.0,0.927,30.549,-0.014,286.0,0.892,0.053,0.0,0.933,17.929,0.002,75.0,12422,0.312,0.072,0.0,0.91,60.83,-0.027,111.0,0.467,0.091,0.0,0.957,43.11,0.044,164.0,"Johnson, Dustin",0.554,0.042,0.0,0.966,37.924,-0.024,119.0
ytd,2026-08-24 16:33:05 UTC,2026-08-24 20:17:26 UTC,0.762,0.048,0.0,0.939,23.241,-0.042,165.0,0.679,0.06,0.0,0.923,32.311,-0.014,248.0,0.772,0.06,0.0,0.9,20.216,-0.024,50.0,13508,0.387,0.038,0.0,0.942,63.353,-0.002,104.0,0.442,0.04,0.0,0.96,45.28,-0.024,124.0,"Vegas, Jhonattan",0.664,0.039,0.0,0.931,38.163,0.027,102.0
ytd,2026-08-24 16:33:05 UTC,2026-08-24 20:17:26 UTC,0.769,0.058,0.0,0.938,21.777,-0.008,243.0,0.677,0.053,0.0,0.936,31.804,-0.014,342.0,0.751,0.083,0.0,0.869,18.834,-0.03,84.0,23465,0.291,0.039,0.0,0.977,55.643,-0.009,129.0,0.434,0.044,0.0,0.975,42.607,-0.001,160.0,"Greyserman, Max",0.499,0.067,0.0,0.96,38.558,0.016,149.0
ytd,2026-08-24 16:33:05 UTC,2026-08-24 20:17:26 UTC,0.773,0.05,0.0,0.938,22.558,-0.013,242.0,0.654,0.048,0.0,0.952,32.956,-0.014,333.0,0.805,0.038,0.0,0.949,17.288,-0.0,79.0,26657,0.365,0.038,0.0,0.924,69.409,-0.057,105.0,0.446,0.068,0.0,0.946,45.922,-0.004,147.0,"Fisk, Steven",0.534,0.067,0.0,0.941,39.261,0.012,119.0
ytd,2026-08-24 16:33:05 UTC,2026-08-24 20:17:26 UTC,0.803,0.035,0.0,0.957,23.538,-0.022,257.0,0.675,0.053,0.0,0.945,32.471,-0.015,399.0,0.887,0.104,0.0,0.961,16.89,0.032,77.0,14577,0.322,0.023,0.0,0.969,59.086,-0.009,129.0,0.486,0.053,0.0,0.981,47.716,0.051,208.0,"English, Harris",0.533,0.071,0.0,0.929,38.892,-0.003,112.0
ytd,2026-08-24 16:33:05 UTC,2026-08-24 20:17:26 UTC,0.776,0.066,0.0,0.952,21.382,0.003,289.0,0.684,0.046,0.0,0.947,32.742,-0.015,412.0,0.929,0.118,0.0,0.974,16.132,0.064,76.0,19870,0.364,0.045,0.0,0.968,60.356,0.016,157.0,0.486,0.059,0.0,0.966,44.013,0.018,205.0,"McCarthy, Denny",0.565,0.032,0.0,0.952,40.908,-0.012,125.0
ytd,2026-08-24 16:33:05 UTC,2026-08-24 20:17:26 UTC,0.823,0.054,0.0,0.946,22.25,0.015,204.0,0.688,0.067,0.0,0.925,33.517,-0.015,268.0,0.887,0.078,0.0,0.941,16.599,0.047,51.0,25002,0.349,0.056,0.0,0.978,59.716,-0.011,90.0,0.48,0.055,0.0,0.953,44.548,-0.008,127.0,"Wu, Dylan",0.605,0.077,0.0,0.967,34.442,0.073,91.0
ytd,2026-08-24 16:33:05 UTC,2026-08-24 20:17:26 UTC,0.841,0.069,0.0,0.938,20.826,0.024,275.0,0.673,0.049,0.0,0.933,31.313,-0.015,406.0,0.869,0.09,0.0,0.97,16.531,0.023,100.0,26649,0.35,0.045,0.0,0.945,54.949,-0.023,110.0,0.496,0.056,0.0,0.972,48.14,0.05,180.0,"Thorbjornsen, Michael",0.588,0.048,0.0,0.928,40.298,-0.0,125.0
ytd,2026-08-24 16:33:05 UTC,2026-08-24 20:17:26 UTC,0.725,0.108,0.0,0.88,23.617,-0.038,83.0,0.638,0.026,0.0,0.915,30.598,-0.016,117.0,0.765,0.077,0.0,0.846,15.886,0.008,26.0,13367,0.195,0.05,0.0,0.9,73.371,-0.149,40.0,0.47,0.101,0.0,0.942,47.095,0.022,69.0,"Merritt, Troy",0.382,0.064,0.0,0.979,43.912,-0.068,47.0
ytd,2026-08-24 16:33:05 UTC,2026-08-24 20:17:26 UTC,0.746,0.17,0.0,0.894,20.21,0.051,47.0,0.702,0.031,0.0,0.954,29.857,-0.016,65.0,0.823,0.071,0.0,1.0,19.723,0.005,14.0,20844,0.579,0.118,0.0,1.0,36.839,0.177,17.0,0.554,0.077,0.0,1.0,48.716,0.011,39.0,"Mazzoli, Stefano",0.604,0.042,0.0,0.958,38.155,0.052,24.0
ytd,2026-08-24 16:33:05 UTC,2026-08-24 20:17:26 UTC,0.762,0.024,0.0,0.912,24.656,-0.072,294.0,0.63,0.059,0.0,0.931,32.003,-0.016,389.0,0.875,0.118,0.0,0.935,16.299,0.04,93.0,23504,0.388,0.053,0.0,0.954,51.033,0.023,151.0,0.547,0.066,0.0,0.97,40.304,0.077,197.0,"Hoey, Rico",0.577,0.089,0.0,0.945,35.555,0.044,146.0
ytd,2026-08-24 16:33:05 UTC,2026-08-24 20:17:26 UTC,0.844,0.056,0.0,0.944,21.955,0.008,216.0,0.691,0.048,0.0,0.937,32.914,-0.016,270.0,0.851,0.062,0.0,0.963,16.337,-0.029,80.0,23838,0.376,0.029,0.0,0.971,60.489,-0.014,139.0,0.531,0.071,0.0,0.96,43.53,0.061,126.0,"Hojgaard, Rasmus",0.539,0.05,0.0,0.942,43.396,-0.002,139.0
ytd,2026-08-24 16:33:05 UTC,2026-08-24 20:17:26 UTC,0.759,0.093,0.0,0.91,21.378,0.01,290.0,0.668,0.039,0.0,0.925,31.534,-0.016,388.0,0.868,0.091,0.0,0.945,19.02,0.033,55.0,29925,0.383,0.067,0.0,0.958,53.864,0.026,119.0,0.501,0.06,0.0,0.958,38.291,0.078,168.0,"Yellamaraju, Sudarshan",0.549,0.057,0.0,0.943,33.759,0.018,122.0
ytd,2026-08-24 16:33:05 UTC,2026-08-24 20:17:26 UTC,0.875,0.053,0.0,0.974,18.73,0.024,38.0,0.621,0.054,0.0,0.911,32.574,-0.017,56.0,0.987,0.0,0.0,1.0,10.601,0.095,10.0,5716,0.328,0.051,0.0,0.974,55.929,0.021,39.0,0.263,0.0,0.0,1.0,53.766,-0.117,32.0,"Harrington, Padraig",0.785,0.037,0.0,0.963,27.771,0.092,27.0
ytd,2026-08-24 16:33:05 UTC,2026-08-24 20:17:26 UTC,0.806,0.0,0.0,0.9,26.33,-0.068,30.0,0.686,0.019,0.0,0.981,31.896,-0.017,52.0,0.976,0.083,0.0,1.0,15.721,0.004,12.0,22231,0.516,0.083,1.0,1.0,62.593,0.061,12.0,0.288,0.0,0.0,0.957,39.962,0.025,23.0,"Von Dellingshausen, Nicolai",0.666,0.143,1.0,1.0,40.094,0.139,7.0
ytd,2026-08-24 16:33:05 UTC,2026-08-24 20:17:26 UTC,0.818,0.066,0.0,0.929,24.002,-0.032,196.0,0.619,0.076,0.0,0.943,32.433,-0.017,210.0,0.889,0.062,0.0,1.0,15.163,0.045,64.0,28473,0.371,0.049,0.0,0.914,65.555,-0.053,81.0,0.476,0.095,0.0,0.953,41.21,0.061,148.0,"Ballester, Jose Luis",0.607,0.076,0.0,0.901,41.303,0.005,131.0
ytd,2026-08-24 16:33:05 UTC,2026-08-24 20:17:26 UTC,0.796,0.081,0.0,0.916,21.802,0.002,285.0,0.721,0.054,0.0,0.935,32.361,-0.018,355.0,0.866,0.039,0.0,0.934,17.508,0.013,76.0,21407,0.342,0.031,0.0,0.984,64.768,-0.01,128.0,0.443,0.049,0.0,0.946,44.705,-0.003,184.0,"Reitan, Kristoffer",0.606,0.098,0.0,0.976,32.912,0.071,123.0
ytd,2026-08-24 16:33:05 UTC,2026-08-24 20:17:26 UTC,0.786,0.063,0.0,0.944,21.867,0.003,269.0,0.679,0.056,0.0,0.939,33.043,-0.018,375.0,0.805,0.116,0.0,0.899,19.439,-0.018,69.0,23323,0.38,0.049,0.0,0.951,56.003,0.009,122.0,0.483,0.049,0.0,0.939,44.686,0.008,163.0,"MacIntyre, Robert",0.567,0.058,0.0,0.964,35.968,0.012,137.0
ytd,2026-08-24 16:33:05 UTC,2026-08-24 20:17:26 UTC,0.806,0.051,0.0,0.931,21.572,-0.007,276.0,0.675,0.046,0.0,0.939,30.947,-0.018,477.0,0.844,0.097,0.0,0.957,16.164,0.021,93.0,24968,0.385,0.069,0.0,0.981,57.173,0.049,159.0,0.454,0.05,0.0,0.98,50.092,0.01,200.0,"Griffin, Ben",0.565,0.059,0.0,0.928,39.351,0.002,153.0
ytd,2026-08-24 16:33:05 UTC,2026-08-24 20:17:26 UTC,0.818,0.067,0.0,0.961,20.741,0.018,179.0,0.672,0.079,0.0,0.911,33.257,-0.019,203.0,0.695,0.057,0.0,0.857,20.492,-0.105,35.0,4052,0.346,0.015,0.0,0.985,62.558,-0.005,66.0,0.476,0.075,0.0,0.967,49.519,-0.017,120.0,"Westwood, Lee",0.542,0.076,0.0,0.97,35.121,0.014,66.0
ytd,2026-08-24 16:33:05 UTC,2026-08-24 20:17:26 UTC,0.83,0.076,0.0,0.941,21.398,0.011,290.0,0.659,0.044,0.0,0.931,33.175,-0.019,407.0,0.877,0.087,0.0,0.963,15.907,0.068,80.0,28309,0.371,0.033,0.0,0.928,58.891,-0.018,152.0,0.503,0.041,0.0,0.98,47.048,0.014,196.0,"Coody, Pierceson",0.557,0.079,0.0,0.915,41.375,-0.014,164.0
ytd,2026-08-24 16:33:05 UTC,2026-08-24 20:17:26 UTC,,,,,,,,0.557,0.08,1.0,1.0,32.379,-0.019,25.0,0.924,0.1,0.0,0.9,8.77,0.141,10.0,35014,,,,,,,,,,,,,,,"Holtz, Brandon",0.636,0.0,1.0,1.0,45.575,-0.031,6.0
ytd,2026-08-24 16:33:05 UTC,2026-08-24 20:17:26 UTC,0.748,0.0,0.0,0.935,27.607,-0.106,31.0,0.77,0.0,1.0,1.0,32.471,-0.02,31.0,0.88,0.0,0.0,1.0,23.244,-0.107,11.0,14018,,,,,,,,0.486,0.083,0.0,1.0,38.543,0.087,24.0,"Dantorp, Jens",,,,,,,
ytd,2026-08-24 16:33:05 UTC,2026-08-24 20:17:26 UTC,0.724,0.057,0.0,0.893,25.107,-0.061,159.0,0.706,0.037,0.0,0.958,32.661,-0.02,216.0,0.827,0.05,0.0,0.9,20.29,-0.074,40.0,15330,0.375,0.034,0.0,0.931,55.924,-0.013,87.0,0.499,0.027,0.0,0.973,39.691,0.039,111.0,"Griffin, Lanto",0.66,0.076,0.0,0.955,34.91,0.101,66.0
ytd,2026-08-24 16:33:05 UTC,2026-08-24 20:17:26 UTC,0.804,0.086,0.0,0.959,21.2,0.015,220.0,0.644,0.051,0.0,0.94,31.873,-0.02,316.0,0.771,0.059,0.0,0.853,20.484,-0.057,68.0,29279,0.496,0.032,0.0,0.979,48.317,0.084,94.0,0.588,0.083,0.0,0.965,38.374,0.097,144.0,"Suber, Jackson",0.611,0.048,0.0,0.933,41.882,0.013,104.0
ytd,2026-08-24 16:33:05 UTC,2026-08-24 20:17:26 UTC,0.769,0.0,1.0,0.913,22.245,-0.057,23.0,0.723,0.034,1.0,0.897,32.225,-0.02,29.0,0.75,0.0,0.0,0.889,21.538,-0.106,9.0,12321,,,,,,,,0.488,0.0,0.0,1.0,45.518,-0.007,25.0,"Aphibarnrat, Kiradech",0.58,0.0,0.0,1.0,41.12,-0.025,8.0
ytd,2026-08-24 16:33:05 UTC,2026-08-24 20:17:26 UTC,0.839,0.046,0.0,0.944,23.614,-0.011,216.0,0.704,0.049,0.0,0.96,34.536,-0.021,223.0,0.845,0.085,0.0,0.966,17.584,0.008,59.0,6892,0.353,0.05,0.0,0.983,54.525,0.037,60.0,0.408,0.039,0.0,0.937,50.046,-0.034,127.0,"Howell III, Charles",0.616,0.039,0.0,0.961,37.354,-0.003,103.0
ytd,2026-08-24 16:33:05 UTC,2026-08-24 20:17:26 UTC,0.849,0.095,0.0,0.929,19.179,0.054,42.0,0.705,0.014,0.0,0.945,32.017,-0.021,73.0,0.855,0.0,0.0,0.889,21.4,-0.055,18.0,11117,0.36,0.053,0.0,0.947,50.093,0.038,19.0,0.507,0.128,0.0,0.949,46.289,0.068,39.0,"Noh, S.Y.",0.521,0.0,0.0,0.75,56.083,-0.114,12.0
ytd,2026-08-24 16:33:05 UTC,2026-08-24 20:17:26 UTC,0.738,0.088,0.0,0.935,21.203,0.012,217.0,0.62,0.051,0.0,0.932,30.387,-0.021,236.0,0.716,0.093,0.0,0.907,18.257,-0.061,43.0,12637,0.257,0.058,0.0,0.942,62.804,-0.03,69.0,0.38,0.081,0.0,0.952,46.066,-0.005,124.0,"Asaji, Yosuke",0.494,0.045,0.0,0.873,42.589,-0.057,110.0
ytd,2026-08-24 16:33:05 UTC,2026-08-24 20:17:26 UTC,0.784,0.057,0.0,0.925,22.617,-0.01,227.0,0.658,0.071,0.0,0.929,31.522,-0.021,354.0,0.882,0.1,0.0,0.986,15.619,0.056,70.0,17538,0.368,0.043,0.0,0.942,61.901,-0.008,139.0,0.475,0.054,0.0,0.951,46.749,0.011,184.0,"Homa, Max",0.581,0.065,0.0,0.971,37.027,0.034,139.0
ytd,2026-08-24 16:33:05 UTC,2026-08-24 20:17:26 UTC,0.791,0.094,0.0,0.927,24.341,-0.021,192.0,0.657,0.072,0.0,0.92,34.18,-0.021,264.0,0.708,0.096,0.0,0.865,24.278,-0.125,52.0,20730,0.353,0.035,0.0,0.965,49.364,-0.013,85.0,0.467,0.053,0.0,0.993,49.63,0.035,152.0,"Perez, Victor",0.629,0.065,0.0,0.935,38.846,0.025,92.0
ytd,2026-08-24 16:33:05 UTC,2026-08-24 20:17:26 UTC,0.818,0.057,0.0,0.948,24.189,-0.035,212.0,0.687,0.053,0.0,0.917,33.033,-0.021,265.0,0.939,0.067,0.0,1.0,17.38,0.02,60.0,25319,0.342,0.049,0.0,0.975,69.902,-0.018,81.0,0.4,0.025,0.0,0.924,52.789,-0.081,119.0,"VanDerLaan, John",0.503,0.062,0.0,0.975,45.489,-0.039,80.0
ytd,2026-08-24 16:33:05 UTC,2026-08-24 20:17:26 UTC,0.752,0.102,0.0,0.929,22.312,0.006,294.0,0.631,0.064,0.0,0.962,31.324,-0.021,345.0,0.846,0.093,0.0,0.907,19.043,-0.002,54.0,28469,0.302,0.043,0.0,0.943,66.478,-0.034,141.0,0.441,0.055,0.0,0.963,45.16,-0.001,164.0,"Highsmith, Joe",0.548,0.041,0.0,0.943,39.279,-0.007,122.0
ytd,2026-08-24 16:33:05 UTC,2026-08-24 20:17:26 UTC,0.783,0.071,0.0,0.914,25.562,-0.043,198.0,0.684,0.066,0.0,0.916,33.557,-0.022,273.0,0.878,0.1,0.0,1.0,17.098,0.003,40.0,16160,0.318,0.1,0.0,0.967,54.439,0.03,60.0,0.455,0.028,0.0,0.965,45.641,0.021,141.0,"Song, Younghan",0.641,0.042,0.0,0.901,36.836,0.003,71.0
ytd,2026-08-24 16:33:05 UTC,2026-08-24 20:17:26 UTC,0.77,0.085,0.0,0.921,23.314,-0.013,165.0,0.614,0.055,0.0,0.932,33.323,-0.023,237.0,0.851,0.093,0.0,0.953,16.151,0.049,43.0,11826,0.209,0.033,0.0,0.978,64.68,-0.09,90.0,0.384,0.029,0.0,0.921,52.369,-0.062,140.0,"Lee, Danny",0.562,0.085,0.0,0.915,37.087,0.017,94.0
ytd,2026-08-24 16:33:05 UTC,2026-08-24 20:17:26 UTC,0.81,0.101,0.0,0.938,20.847,0.044,227.0,0.672,0.047,0.0,0.947,32.867,-0.023,337.0,0.806,0.085,0.0,0.902,18.825,-0.006,82.0,24956,0.332,0.048,0.0,0.928,67.648,-0.069,83.0,0.489,0.059,0.0,0.971,43.247,0.034,170.0,"Blanchet, Chandler",0.486,0.047,0.0,0.93,36.828,-0.051,86.0
ytd,2026-08-24 16:33:05 UTC,2026-08-24 20:17:26 UTC,0.695,0.0,0.0,1.0,19.532,-0.022,28.0,0.63,0.04,1.0,0.92,32.815,-0.024,25.0,0.882,0.083,0.0,1.0,15.369,0.057,12.0,14016,0.396,0.1,1.0,1.0,86.86,0.033,10.0,0.53,0.0,0.0,0.952,40.097,0.016,21.0,"Campillo, Jorge",0.351,0.0,1.0,1.0,22.833,0.11,7.0
ytd,2026-08-24 16:33:05 UTC,2026-08-24 20:17:26 UTC,0.739,0.018,0.0,0.964,22.498,-0.028,110.0,0.684,0.039,0.0,0.928,31.917,-0.024,153.0,0.849,0.094,0.0,0.969,19.621,-0.008,32.0,15004,0.266,0.0,0.0,0.974,69.73,-0.078,39.0,0.494,0.024,0.0,0.976,45.316,0.046,85.0,"Kim, Chan",0.582,0.083,0.0,0.889,37.257,-0.026,36.0
ytd,2026-08-24 16:33:05 UTC,2026-08-24 20:17:26 UTC,0.761,0.05,0.0,0.924,23.662,-0.051,238.0,0.657,0.057,0.0,0.925,32.32,-0.024,389.0,0.778,0.097,0.0,0.903,18.354,-0.03,72.0,27819,0.338,0.032,0.0,0.96,50.117,0.031,126.0,0.476,0.076,0.0,0.959,47.959,-0.011,170.0,"Castillo, Ricky",0.561,0.072,0.0,0.949,36.244,0.032,138.0
ytd,2026-08-24 16:33:05 UTC,2026-08-24 20:17:26 UTC,,,,,,,,0.64,0.029,0.0,0.912,29.934,-0.024,34.0,,,,,,,,13374,,,,,,,,,,,,,,,"Van Driel, Darius",,,,,,,
ytd,2026-08-24 16:33:05 UTC,2026-08-24 20:17:26 UTC,0.811,0.06,0.0,0.926,20.794,0.019,217.0,0.627,0.081,0.0,0.907,33.278,-0.025,248.0,0.788,0.14,0.0,0.912,17.633,-0.001,57.0,7334,0.276,0.016,0.0,0.919,67.748,-0.116,62.0,0.436,0.042,0.0,0.916,49.879,-0.042,143.0,"Watson, Bubba",0.532,0.052,0.0,0.927,41.867,-0.026,96.0
ytd,2026-08-24 16:33:05 UTC,2026-08-24 20:17:26 UTC,0.808,0.073,0.0,0.95,19.679,0.027,260.0,0.675,0.043,0.0,0.935,32.456,-0.025,370.0,0.894,0.075,0.0,0.985,16.205,0.038,67.0,14139,0.279,0.06,0.0,0.974,61.845,-0.027,117.0,0.433,0.061,0.0,0.957,43.033,0.018,164.0,"Thomas, Justin",0.566,0.082,0.0,0.967,36.593,0.044,122.0
ytd,2026-08-24 16:33:05 UTC,2026-08-24 20:17:26 UTC,0.813,0.074,0.0,0.937,22.267,-0.01,189.0,0.644,0.076,0.0,0.895,32.089,-0.025,210.0,0.886,0.078,0.0,0.969,16.88,0.013,64.0,14424,0.361,0.049,0.0,0.939,62.702,-0.003,82.0,0.437,0.073,0.0,0.919,48.49,-0.003,124.0,"Burmester, Dean",0.577,0.069,0.0,0.905,37.774,-0.0,116.0
ytd,2026-08-24 16:33:05 UTC,2026-08-24 20:17:26 UTC,0.798,0.089,0.0,0.922,22.234,0.002,282.0,0.639,0.063,0.0,0.937,32.41,-0.025,383.0,0.818,0.037,0.0,0.927,20.381,-0.077,82.0,16283,0.398,0.056,0.0,0.969,52.914,0.048,196.0,0.447,0.068,0.0,0.958,50.613,-0.01,191.0,"Rodgers, Patrick",0.535,0.093,0.0,0.927,44.29,-0.009,150.0
ytd,2026-08-24 16:33:05 UTC,2026-08-24 20:17:26 UTC,0.843,0.068,0.0,0.946,20.756,0.041,205.0,0.65,0.054,0.0,0.937,32.843,-0.026,315.0,0.763,0.057,0.0,0.943,17.558,-0.021,53.0,10104,0.315,0.049,0.0,0.931,77.637,-0.101,102.0,0.446,0.031,0.0,0.984,42.436,0.024,127.0,"Power, Seamus",0.58,0.033,0.0,0.922,38.838,-0.0,90.0
ytd,2026-08-24 16:33:05 UTC,2026-08-24 20:17:26 UTC,0.795,0.069,0.0,0.938,21.047,0.006,275.0,0.68,0.051,0.0,0.932,32.582,-0.026,429.0,0.85,0.102,0.0,0.963,13.966,0.09,108.0,14636,0.38,0.065,0.0,0.954,60.117,0.013,153.0,0.454,0.057,0.0,0.943,47.973,0.002,210.0,"Spieth, Jordan",0.627,0.066,0.0,0.956,35.068,0.075,182.0
ytd,2026-08-24 16:33:05 UTC,2026-08-24 20:17:26 UTC,0.818,0.061,0.0,0.946,20.342,0.011,294.0,0.679,0.05,0.0,0.905,32.464,-0.026,402.0,0.879,0.093,0.0,0.898,18.119,-0.001,108.0,18634,0.384,0.067,0.0,0.993,56.987,0.042,149.0,0.459,0.058,0.0,0.951,46.796,0.013,225.0,"McNealy, Maverick",0.562,0.044,0.0,0.912,37.439,-0.007,159.0
ytd,2026-08-24 16:33:05 UTC,2026-08-24 20:17:26 UTC,0.867,0.0,1.0,0.962,16.333,0.029,26.0,0.594,0.091,1.0,0.909,35.273,-0.026,33.0,,,,,,,,18517,,,,,,,,0.456,0.042,0.0,0.958,50.9,-0.099,24.0,"Soderberg, Sebastian",0.526,0.143,1.0,1.0,33.584,0.04,7.0
ytd,2026-08-24 16:33:05 UTC,2026-08-24 20:17:26 UTC,0.736,0.105,0.0,0.874,23.356,-0.016,95.0,0.663,0.052,0.0,0.896,31.958,-0.027,115.0,0.935,0.118,0.0,1.0,14.737,0.094,17.0,23656,0.27,0.037,0.0,0.926,51.844,-0.103,27.0,0.516,0.089,0.0,0.982,45.796,0.089,56.0,"Young, Carson",0.582,0.111,0.0,0.963,38.011,0.005,27.0
ytd,2026-08-24 16:33:05 UTC,2026-08-24 20:17:26 UTC,0.783,0.058,0.0,0.919,24.02,-0.023,86.0,0.641,0.072,0.0,0.912,34.118,-0.028,125.0,0.898,0.061,0.0,0.97,17.752,0.034,33.0,14140,0.376,0.056,0.0,0.972,58.045,0.028,36.0,0.372,0.015,0.0,0.971,44.446,0.007,68.0,"Higgs, Harry",0.502,0.048,0.0,0.952,43.655,-0.01,42.0
ytd,2026-08-24 16:33:05 UTC,2026-08-24 20:17:26 UTC,0.813,0.066,0.0,0.94,22.239,0.005,166.0,0.633,0.021,0.0,0.931,31.042,-0.028,189.0,0.824,0.072,0.0,0.971,17.432,0.027,69.0,14459,0.289,0.058,0.0,0.942,62.02,-0.055,86.0,0.478,0.075,0.0,0.967,46.777,0.027,120.0,"An, Byeong Hun",0.663,0.096,0.0,0.966,32.348,0.089,146.0
ytd,2026-08-24 16:33:05 UTC,2026-08-24 20:17:26 UTC,0.819,0.059,0.0,0.912,22.464,-0.028,34.0,0.698,0.0,0.0,0.93,34.447,-0.028,43.0,0.966,0.091,0.0,1.0,20.591,-0.034,11.0,15592,,,,,,,,0.469,0.111,0.0,0.972,42.617,0.081,36.0,"Girrbach, Joel",0.477,0.0,0.0,1.0,40.551,-0.012,9.0
ytd,2026-08-24 16:33:05 UTC,2026-08-24 20:17:26 UTC,0.746,0.05,0.0,0.887,22.679,-0.029,238.0,0.655,0.051,0.0,0.913,32.07,-0.028,276.0,0.811,0.145,0.0,0.927,17.635,0.009,55.0,15856,0.36,0.082,0.0,0.967,54.805,0.022,122.0,0.403,0.041,0.0,0.925,49.799,-0.019,146.0,"Smith, Cameron",0.551,0.08,0.0,0.929,35.435,0.039,112.0
ytd,2026-08-24 16:33:05 UTC,2026-08-24 20:17:26 UTC,0.828,0.081,0.0,0.962,20.675,0.045,211.0,0.669,0.04,0.0,0.934,32.038,-0.028,303.0,0.859,0.104,0.0,0.948,16.625,0.021,77.0,24550,0.29,0.053,0.0,0.987,66.743,-0.018,76.0,0.542,0.047,0.0,0.93,44.915,0.027,129.0,"Ghim, Doug",0.535,0.034,0.0,0.943,37.777,0.005,87.0
ytd,2026-08-24 16:33:05 UTC,2026-08-24 20:17:26 UTC,0.789,0.102,0.0,0.915,23.24,-0.007,177.0,0.639,0.058,0.0,0.889,32.374,-0.028,208.0,0.817,0.069,0.0,0.948,22.005,-0.091,58.0,33755,0.296,0.033,0.0,0.957,66.56,-0.047,92.0,0.48,0.071,0.0,0.984,48.44,0.03,126.0,"La Sasso, Michael",0.517,0.043,0.0,0.913,43.77,-0.073,115.0
ytd,2026-08-24 16:33:05 UTC,2026-08-24 20:17:26 UTC,0.78,0.0,0.0,0.966,25.344,-0.048,29.0,0.59,0.04,1.0,0.92,31.275,-0.029,25.0,0.967,0.0,1.0,1.0,19.835,-0.041,7.0,16549,,,,,,,,0.406,0.0,0.0,0.955,50.208,-0.099,22.0,"Paratore, Renato",0.746,0.077,0.0,1.0,20.806,0.217,13.0
ytd,2026-08-24 16:33:05 UTC,2026-08-24 20:17:26 UTC,0.905,0.083,0.0,0.944,19.901,0.016,36.0,0.696,0.034,0.0,1.0,36.879,-0.03,58.0,0.694,0.062,0.0,0.812,32.865,-0.131,16.0,15676,0.318,0.067,0.0,1.0,70.344,-0.064,15.0,0.391,0.0,0.0,0.926,41.892,-0.028,27.0,"Norgaard, Niklas",0.521,0.118,0.0,0.882,42.661,0.038,17.0
ytd,2026-08-24 16:33:05 UTC,2026-08-24 20:17:26 UTC,0.866,0.047,0.0,0.953,21.242,0.017,106.0,0.615,0.055,0.0,0.908,31.652,-0.03,163.0,0.902,0.045,0.0,0.955,16.274,-0.004,44.0,16341,0.325,0.062,0.0,0.938,63.863,0.003,32.0,0.427,0.105,0.0,0.977,44.824,0.062,86.0,"Peterson, Paul",0.591,0.067,0.0,0.933,38.218,0.074,30.0
ytd,2026-08-24 16:33:05 UTC,2026-08-24 20:17:26 UTC,0.794,0.057,0.0,0.917,22.711,-0.022,157.0,0.67,0.031,0.0,0.907,32.473,-0.03,226.0,0.789,0.123,0.0,0.912,16.722,0.058,57.0,16591,0.418,0.031,0.0,0.922,66.747,-0.023,64.0,0.384,0.051,0.0,0.974,50.008,-0.022,117.0,"Rozo, Marcelo",0.563,0.058,0.0,0.962,36.614,0.023,52.0
ytd,2026-08-24 16:33:05 UTC,2026-08-24 20:17:26 UTC,0.786,0.063,0.0,0.929,22.908,-0.006,238.0,0.619,0.033,0.0,0.923,32.098,-0.03,273.0,0.763,0.045,0.0,0.894,20.077,-0.072,66.0,24342,0.241,0.029,0.0,0.971,68.795,-0.074,103.0,0.401,0.078,0.0,0.969,46.214,0.002,128.0,"Higgo, Garrick",0.463,0.07,0.0,0.9,41.332,-0.055,100.0
ytd,2026-08-24 16:33:05 UTC,2026-08-24 20:17:26 UTC,,,,,,,,0.624,0.077,1.0,0.962,33.666,-0.03,26.0,,,,,,,,16896,,,,,,,,,,,,,,,"Kruyswijk, Jacques",,,,,,,
ytd,2026-08-24 16:33:05 UTC,2026-08-24 20:17:26 UTC,,,,,,,,0.717,0.071,1.0,0.964,37.248,-0.03,28.0,,,,,,,,17813,,,,,,,,0.646,0.143,1.0,1.0,31.932,0.174,14.0,"Armitage, Marcus",,,,,,,
ytd,2026-08-24 16:33:05 UTC,2026-08-24 20:17:26 UTC,0.806,0.074,0.0,0.94,20.804,0.024,149.0,0.639,0.035,0.0,0.929,33.095,-0.031,226.0,0.786,0.021,0.0,0.894,18.303,-0.042,47.0,13470,0.338,0.029,0.0,0.961,56.468,0.008,103.0,0.437,0.037,0.0,0.925,48.31,-0.057,107.0,"Kizzire, Patton",0.578,0.044,0.0,0.944,34.852,0.031,90.0
ytd,2026-08-24 16:33:05 UTC,2026-08-24 20:17:26 UTC,0.776,0.076,0.0,0.919,22.351,-0.011,198.0,0.602,0.079,0.0,0.905,33.616,-0.031,242.0,0.807,0.103,0.0,0.853,21.727,-0.014,68.0,14735,0.413,0.06,0.0,0.964,57.474,0.041,84.0,0.478,0.069,0.0,0.944,46.042,0.01,144.0,"Ortiz, Carlos",0.594,0.056,0.0,0.926,32.423,0.026,108.0
ytd,2026-08-24 16:33:05 UTC,2026-08-24 20:17:26 UTC,0.808,0.033,0.0,0.933,17.329,0.001,30.0,0.653,0.017,0.0,0.931,30.763,-0.031,58.0,0.978,0.0,0.0,1.0,15.424,0.005,11.0,15326,0.413,0.0,0.0,0.95,43.587,0.05,20.0,0.41,0.0,0.0,1.0,43.122,0.012,26.0,"Sullivan, Andy",0.661,0.056,0.0,0.889,36.178,0.042,18.0
ytd,2026-08-24 16:33:05 UTC,2026-08-24 20:17:26 UTC,0.733,0.06,0.0,0.893,25.506,-0.067,84.0,0.673,0.067,0.0,0.899,33.314,-0.031,119.0,0.835,0.103,0.0,0.931,16.555,0.023,29.0,19865,0.336,0.056,0.0,0.972,80.83,-0.025,36.0,0.345,0.016,0.0,0.953,47.874,-0.04,64.0,"Hardy, Nick",0.535,0.059,0.0,0.922,34.714,-0.016,51.0
ytd,2026-08-24 16:33:05 UTC,2026-08-24 20:17:26 UTC,0.726,0.074,0.0,0.958,23.716,-0.031,95.0,0.671,0.037,0.0,0.944,32.931,-0.031,162.0,0.73,0.0,0.0,0.828,22.13,-0.131,29.0,21688,0.341,0.031,0.0,0.984,58.872,-0.034,64.0,0.399,0.018,0.0,0.982,46.761,-0.031,55.0,"Kim, S.H.",0.592,0.05,0.0,0.975,33.457,0.029,40.0
ytd,2026-08-24 16:33:05 UTC,2026-08-24 20:17:26 UTC,,,,,,,,0.661,0.062,1.0,0.938,28.266,-0.031,32.0,0.79,0.222,0.0,0.889,10.943,0.062,9.0,35013,0.329,0.1,0.0,0.75,65.206,-0.088,20.0,,,,,,,,"Pulcini, Mateo",0.609,0.118,0.0,1.0,37.331,0.073,17.0
ytd,2026-08-24 16:33:05 UTC,2026-08-24 20:17:26 UTC,0.695,0.083,1.0,0.875,27.245,-0.068,24.0,0.664,0.026,0.0,0.974,33.306,-0.032,38.0,0.685,0.0,1.0,0.714,30.957,-0.215,7.0,18105,,,,,,,,0.411,0.118,1.0,0.941,39.441,0.078,17.0,"Lawrence, Thriston",0.58,0.0,1.0,1.0,31.097,-0.001,7.0
ytd,2026-08-24 16:33:05 UTC,2026-08-24 20:17:26 UTC,0.813,0.038,0.0,0.904,28.121,-0.098,52.0,0.695,0.016,0.0,0.919,31.322,-0.032,62.0,0.917,0.048,0.0,1.0,22.208,-0.06,21.0,23542,0.318,0.091,0.0,1.0,60.425,0.017,22.0,0.369,0.024,0.0,0.976,46.644,-0.066,41.0,"Champ, Cameron",0.55,0.095,0.0,0.905,44.965,-0.027,21.0
ytd,2026-08-24 16:33:05 UTC,2026-08-24 20:17:26 UTC,0.8,0.062,0.0,0.96,22.135,0.0,176.0,0.649,0.034,0.0,0.928,33.618,-0.033,265.0,0.882,0.078,0.0,0.941,16.0,-0.007,51.0,14792,0.275,0.034,0.0,0.932,60.441,-0.028,88.0,0.423,0.051,0.0,0.949,43.381,-0.007,118.0,"Saddier, Adrien",0.651,0.047,0.0,0.965,33.928,0.061,85.0
ytd,2026-08-24 16:33:05 UTC,2026-08-24 20:17:26 UTC,0.772,0.071,0.0,0.905,23.45,-0.026,168.0,0.583,0.037,0.0,0.934,32.167,-0.033,272.0,0.823,0.098,0.0,0.915,17.572,0.013,82.0,25003,0.371,0.056,0.0,0.937,59.594,-0.005,126.0,0.409,0.063,0.0,0.921,43.739,-0.044,127.0,"Walker, Danny",0.569,0.117,0.0,0.934,36.888,0.062,137.0
ytd,2026-08-24 16:33:05 UTC,2026-08-24 20:17:26 UTC,,,,,,,,0.656,0.0,1.0,0.929,34.29,-0.034,28.0,,,,,,,,26650,0.436,0.083,1.0,0.833,53.296,-0.008,12.0,,,,,,,,"Tibbits, Spencer",0.401,0.0,0.0,0.889,46.616,-0.147,9.0
ytd,2026-08-24 16:33:05 UTC,2026-08-24 20:17:26 UTC,0.807,0.086,0.0,0.925,22.839,-0.002,187.0,0.68,0.035,0.0,0.926,33.154,-0.036,230.0,0.902,0.143,0.0,0.946,14.601,0.1,56.0,14013,0.361,0.054,0.0,0.935,60.201,-0.029,93.0,0.442,0.058,0.0,0.964,48.795,0.002,137.0,"Tringale, Cameron",0.53,0.091,0.0,0.955,35.546,0.044,88.0
ytd,2026-08-24 16:33:05 UTC,2026-08-24 20:17:26 UTC,0.82,0.047,0.0,0.945,21.716,-0.001,256.0,0.645,0.052,0.0,0.93,33.166,-0.036,329.0,0.823,0.114,0.0,0.914,18.097,0.016,70.0,19840,0.292,0.044,0.0,0.93,63.181,-0.067,114.0,0.446,0.032,0.0,0.974,47.949,-0.008,155.0,"Ramey, Chad",0.585,0.034,0.0,0.915,39.669,-0.017,117.0
ytd,2026-08-24 16:33:05 UTC,2026-08-24 20:17:26 UTC,0.762,0.062,0.0,0.919,24.365,-0.046,210.0,0.692,0.067,0.0,0.919,35.977,-0.037,210.0,0.872,0.083,0.0,0.931,18.589,-0.019,72.0,30428,0.364,0.077,0.0,0.934,63.269,-0.022,91.0,0.422,0.071,0.0,0.96,51.187,0.006,126.0,"Masaveu, Luis",0.462,0.069,0.0,0.851,45.787,-0.093,87.0
ytd,2026-08-24 16:33:05 UTC,2026-08-24 20:17:26 UTC,,,,,,,,0.624,0.033,1.0,0.9,30.127,-0.038,30.0,,,,,,,,17357,,,,,,,,,,,,,,,"Migliozzi, Guido",,,,,,,
ytd,2026-08-24 16:33:05 UTC,2026-08-24 20:17:26 UTC,0.798,0.051,0.0,0.933,23.391,-0.016,178.0,0.65,0.05,0.0,0.908,34.579,-0.039,238.0,0.818,0.104,0.0,0.925,17.889,-0.008,67.0,25475,0.343,0.056,0.0,0.953,63.251,-0.008,107.0,0.432,0.024,0.0,0.96,42.773,-0.002,126.0,"Nyholm, Pontus",0.457,0.022,0.0,0.884,43.952,-0.088,138.0
ytd,2026-08-24 16:33:05 UTC,2026-08-24 20:17:26 UTC,0.918,0.034,0.0,1.0,27.114,-0.043,29.0,0.689,0.065,1.0,0.935,34.498,-0.039,31.0,0.854,0.0,0.0,1.0,24.17,-0.102,9.0,28157,,,,,,,,0.449,0.0,0.0,0.962,42.693,0.022,26.0,"Vaillant, Tom",0.239,0.0,1.0,0.833,47.058,-0.153,6.0
ytd,2026-08-24 16:33:05 UTC,2026-08-24 20:17:26 UTC,0.763,0.061,0.0,0.898,19.63,0.039,98.0,0.609,0.075,0.0,0.938,32.491,-0.04,146.0,0.889,0.091,0.0,0.939,15.354,0.047,33.0,11049,0.353,0.046,0.0,0.938,67.207,0.004,65.0,0.439,0.067,0.0,0.95,43.404,0.021,60.0,"Simpson, Webb",0.518,0.078,0.0,0.941,36.849,0.025,51.0
ytd,2026-08-24 16:33:05 UTC,2026-08-24 20:17:26 UTC,0.732,0.068,0.0,0.898,23.352,-0.022,293.0,0.658,0.054,0.0,0.931,33.384,-0.04,391.0,0.87,0.116,0.0,0.947,16.958,0.045,95.0,18424,0.347,0.038,0.0,0.972,66.596,0.01,106.0,0.489,0.055,0.0,0.961,42.872,0.026,181.0,"Roy, Kevin",0.604,0.011,0.0,0.958,34.921,0.006,95.0
ytd,2026-08-24 16:33:05 UTC,2026-08-24 20:17:26 UTC,0.763,0.036,0.0,0.891,25.651,-0.087,55.0,0.658,0.026,0.0,0.923,34.613,-0.04,78.0,0.775,0.0,0.0,0.895,26.699,-0.22,19.0,33759,0.256,0.0,0.0,1.0,59.251,-0.076,23.0,0.524,0.143,0.0,0.943,36.538,0.116,35.0,"Howell, Mason",0.556,0.08,0.0,0.96,42.57,-0.002,25.0
ytd,2026-08-24 16:33:05 UTC,2026-08-24 20:17:26 UTC,0.759,0.041,0.0,0.922,23.958,-0.026,217.0,0.622,0.043,0.0,0.921,34.736,-0.041,254.0,0.839,0.087,0.0,0.891,18.619,0.012,46.0,1435,0.37,0.025,0.0,0.963,59.701,-0.007,81.0,0.44,0.051,0.0,0.956,48.309,0.041,136.0,"Poulter, Ian",0.567,0.06,0.0,0.917,38.271,0.004,84.0
ytd,2026-08-24 16:33:05 UTC,2026-08-24 20:17:26 UTC,,,,,,,,0.738,0.042,1.0,0.958,35.369,-0.041,24.0,0.983,0.0,1.0,1.0,18.625,0.038,6.0,10158,0.767,0.182,1.0,1.0,33.937,0.185,11.0,,,,,,,,"Luiten, Joost",,,,,,,
ytd,2026-08-24 16:33:05 UTC,2026-08-24 20:17:26 UTC,0.696,0.042,0.0,0.875,25.148,-0.059,48.0,0.625,0.048,0.0,0.937,33.385,-0.042,63.0,0.812,0.115,0.0,0.962,22.472,-0.044,26.0,10423,0.433,0.107,0.0,0.964,45.953,0.065,28.0,0.48,0.059,0.0,0.971,40.363,0.023,34.0,"Brehm, Ryan",0.568,0.026,0.0,0.868,49.904,-0.056,38.0
ytd,2026-08-24 16:33:05 UTC,2026-08-24 20:17:26 UTC,0.701,0.091,0.0,0.909,24.441,-0.05,176.0,0.649,0.026,0.0,0.927,32.43,-0.042,233.0,0.847,0.077,0.0,0.962,16.631,0.039,52.0,21944,0.305,0.021,0.0,0.979,65.506,-0.017,97.0,0.476,0.042,0.0,0.967,45.131,0.02,120.0,"Moore, Taylor",0.528,0.045,0.0,0.911,44.329,-0.029,112.0
ytd,2026-08-24 16:33:05 UTC,2026-08-24 20:17:26 UTC,0.764,0.068,0.0,0.901,28.012,-0.089,192.0,0.648,0.059,0.0,0.86,34.829,-0.042,221.0,0.853,0.123,0.0,0.93,17.648,-0.022,57.0,25919,0.318,0.055,0.0,0.956,57.283,-0.011,91.0,0.44,0.042,0.0,0.975,46.274,-0.007,120.0,"Wolff, Matthew",0.537,0.059,0.0,0.912,41.168,-0.006,102.0
ytd,2026-08-24 16:33:05 UTC,2026-08-24 20:17:26 UTC,0.741,0.05,1.0,0.9,23.784,-0.04,20.0,0.75,0.04,1.0,0.92,34.537,-0.042,25.0,0.858,0.1,0.0,1.0,15.92,0.024,10.0,19635,,,,,,,,0.317,0.0,0.0,0.926,57.996,-0.12,27.0,"Cantero Gutierrez, Ivan",0.443,0.1,0.0,0.8,40.598,-0.027,10.0
ytd,2026-08-24 16:33:05 UTC,2026-08-24 20:17:26 UTC,0.839,0.069,0.0,0.931,23.357,0.042,58.0,0.601,0.0,0.0,1.0,33.841,-0.043,85.0,0.789,0.087,0.0,0.957,18.254,0.014,23.0,12426,0.409,0.054,0.0,1.0,52.558,0.033,37.0,0.351,0.026,0.0,0.974,49.487,-0.055,39.0,"Waring, Paul",0.663,0.071,0.0,0.929,32.21,0.045,28.0
ytd,2026-08-24 16:33:05 UTC,2026-08-24 20:17:26 UTC,0.752,0.07,0.0,0.91,23.278,-0.014,199.0,0.643,0.061,0.0,0.932,35.028,-0.043,264.0,0.84,0.048,0.0,0.952,20.537,-0.053,42.0,19960,0.352,0.019,0.0,0.953,55.67,-0.011,106.0,0.483,0.063,0.0,0.944,51.548,0.007,126.0,"Pavon, Matthieu",0.571,0.047,0.0,0.953,39.328,-0.026,86.0
ytd,2026-08-24 16:33:05 UTC,2026-08-24 20:17:26 UTC,,,,,,,,0.648,0.111,1.0,0.889,35.663,-0.043,27.0,,,,,,,,23733,,,,,,,,,,,,,,,"LaCroix, Frederic",0.616,0.0,1.0,0.833,51.95,-0.09,6.0
ytd,2026-08-24 16:33:05 UTC,2026-08-24 20:17:26 UTC,0.798,0.092,0.0,0.922,21.832,0.028,218.0,0.654,0.026,0.0,0.916,33.206,-0.044,227.0,0.774,0.082,0.0,0.967,17.213,0.034,61.0,6516,0.34,0.023,0.0,0.977,57.576,0.03,86.0,0.487,0.107,0.0,0.983,45.706,0.066,121.0,"Bland, Richard",0.574,0.065,0.0,0.922,35.893,0.016,77.0
ytd,2026-08-24 16:33:05 UTC,2026-08-24 20:17:26 UTC,0.903,0.08,1.0,0.92,17.185,0.098,25.0,0.668,0.0,0.0,1.0,31.827,-0.044,35.0,,,,,,,,12988,,,,,,,,0.399,0.1,0.0,0.95,52.475,-0.052,20.0,"Elvira Mijares, Ignacio",0.873,0.143,1.0,1.0,32.149,0.159,7.0
ytd,2026-08-24 16:33:05 UTC,2026-08-24 20:17:26 UTC,0.761,0.06,0.0,0.935,21.718,-0.032,215.0,0.665,0.039,0.0,0.906,33.738,-0.046,256.0,0.722,0.091,0.0,0.909,17.125,-0.035,55.0,7398,0.405,0.094,0.0,0.965,60.199,0.05,85.0,0.491,0.059,0.0,0.967,45.773,0.045,152.0,"Schwartzel, Charl",0.529,0.052,0.0,0.906,39.659,-0.038,96.0
ytd,2026-08-24 16:33:05 UTC,2026-08-24 20:17:26 UTC,0.786,0.044,0.0,0.912,22.104,-0.001,91.0,0.632,0.023,0.0,0.914,32.959,-0.046,128.0,0.895,0.043,0.0,1.0,18.212,-0.043,23.0,13965,0.21,0.029,0.0,0.971,53.561,-0.067,34.0,0.467,0.03,0.0,0.94,42.929,0.009,67.0,"Hadwin, Adam",0.55,0.031,0.0,0.906,44.631,-0.056,32.0
ytd,2026-08-24 16:33:05 UTC,2026-08-24 20:17:26 UTC,0.791,0.061,0.0,0.901,21.626,-0.023,181.0,0.672,0.038,0.0,0.932,32.902,-0.048,263.0,0.878,0.094,0.0,0.938,16.839,0.02,64.0,9771,0.456,0.049,0.0,0.942,60.467,0.01,103.0,0.385,0.028,0.0,0.929,55.997,-0.084,141.0,"Day, Jason",0.632,0.089,0.0,0.941,34.416,0.062,101.0
ytd,2026-08-24 16:33:05 UTC,2026-08-24 20:17:26 UTC,0.827,0.0,0.0,0.941,17.352,0.078,34.0,0.694,0.027,0.0,0.865,33.273,-0.048,37.0,0.756,0.0,0.0,1.0,18.442,-0.117,10.0,12522,,,,,,,,0.466,0.032,0.0,1.0,46.087,0.017,31.0,"Schneider, Marcel",0.704,0.111,0.0,0.889,40.258,0.018,9.0
ytd,2026-08-24 16:33:05 UTC,2026-08-24 20:17:26 UTC,0.793,0.051,0.0,0.944,20.633,0.01,177.0,0.626,0.043,0.0,0.929,32.571,-0.049,253.0,0.814,0.055,0.0,0.891,17.688,-0.016,55.0,17723,0.33,0.041,0.0,0.918,68.19,-0.039,73.0,0.387,0.03,0.0,0.962,48.92,-0.013,132.0,"Lower, Justin",0.518,0.047,0.0,0.969,40.866,-0.013,64.0
ytd,2026-08-24 16:33:05 UTC,2026-08-24 20:17:26 UTC,0.808,0.065,0.0,0.945,21.418,0.005,217.0,0.664,0.039,0.0,0.904,33.656,-0.049,280.0,0.783,0.083,0.0,0.903,18.618,-0.02,72.0,19872,0.367,0.049,0.0,0.944,68.882,-0.016,142.0,0.373,0.073,0.0,0.935,54.307,-0.051,124.0,"Riley, Davis",0.521,0.074,0.0,0.95,43.21,-0.02,121.0
ytd,2026-08-24 16:33:05 UTC,2026-08-24 20:17:26 UTC,0.75,0.061,0.0,0.939,27.456,-0.083,33.0,0.628,0.038,0.0,0.942,34.418,-0.049,52.0,0.899,0.214,0.0,0.929,15.98,0.05,14.0,20727,0.414,0.167,1.0,1.0,58.415,0.042,12.0,0.449,0.033,0.0,1.0,47.361,-0.011,30.0,"Coussaud, Ugo",0.77,0.08,0.0,0.96,32.911,0.143,25.0
ytd,2026-08-24 16:33:05 UTC,2026-08-24 20:17:26 UTC,0.762,0.061,0.0,0.97,24.185,-0.007,33.0,0.656,0.026,0.0,0.921,33.408,-0.049,38.0,0.967,0.091,0.0,1.0,17.043,0.005,11.0,25611,,,,,,,,0.535,0.029,0.0,1.0,42.359,0.099,34.0,"Olesen, Jacob Skov",0.774,0.167,0.0,0.917,33.319,0.103,12.0
ytd,2026-08-24 16:33:05 UTC,2026-08-24 20:17:26 UTC,0.764,0.041,0.0,0.931,22.742,-0.017,145.0,0.598,0.07,0.0,0.934,34.73,-0.05,229.0,0.905,0.059,0.0,0.971,17.481,0.016,68.0,6169,0.366,0.091,0.0,0.97,58.642,0.055,66.0,0.453,0.019,0.0,0.971,48.546,-0.002,103.0,"Kuchar, Matt",0.548,0.015,0.0,0.985,40.075,-0.005,65.0
ytd,2026-08-24 16:33:05 UTC,2026-08-24 20:17:26 UTC,0.8,0.061,0.0,0.939,21.742,-0.005,179.0,0.638,0.042,0.0,0.925,33.38,-0.05,213.0,0.817,0.044,0.0,0.897,21.186,-0.077,68.0,15651,0.406,0.03,0.0,0.955,66.861,0.009,66.0,0.537,0.07,0.0,0.948,43.266,0.025,115.0,"Ventura, Kristoffer",0.515,0.108,0.0,0.932,35.678,0.004,74.0
ytd,2026-08-24 16:33:05 UTC,2026-08-24 20:17:26 UTC,0.718,0.044,0.0,0.93,22.853,-0.055,272.0,0.637,0.053,0.0,0.912,34.02,-0.05,434.0,0.862,0.051,0.0,0.975,14.033,0.02,79.0,17488,0.372,0.05,0.0,0.934,55.838,0.01,121.0,0.433,0.059,0.0,0.977,44.988,0.024,219.0,"Im, Sungjae",0.533,0.072,0.0,0.964,38.431,0.004,138.0
ytd,2026-08-24 16:33:05 UTC,2026-08-24 20:17:26 UTC,0.761,0.079,0.0,0.921,23.309,-0.028,140.0,0.654,0.055,0.0,0.939,34.747,-0.051,181.0,0.809,0.125,0.0,0.953,16.549,0.033,64.0,26850,0.326,0.051,0.0,0.923,69.37,-0.049,78.0,0.401,0.048,0.0,0.942,49.762,-0.06,104.0,"Svensson, Jesper",0.516,0.093,0.0,0.933,39.271,0.038,75.0
ytd,2026-08-24 16:33:05 UTC,2026-08-24 20:17:26 UTC,0.787,0.0,0.0,0.909,24.425,-0.081,33.0,0.66,0.029,0.0,0.912,35.495,-0.051,34.0,0.982,0.0,1.0,1.0,16.383,0.011,7.0,24497,,,,,,,,0.428,0.0,0.0,1.0,42.886,-0.012,23.0,"Robinson Thompson, Brandon",,,,,,,
ytd,2026-08-24 16:33:05 UTC,2026-08-24 20:17:26 UTC,0.819,0.058,0.0,0.947,22.013,-0.004,190.0,0.598,0.05,0.0,0.922,32.237,-0.052,219.0,0.853,0.125,0.0,0.906,17.842,0.01,64.0,11357,0.406,0.073,0.0,0.927,53.668,0.025,137.0,0.378,0.048,0.0,0.921,50.363,-0.036,126.0,"Uihlein, Peter",0.548,0.078,0.0,0.939,36.057,0.029,179.0
ytd,2026-08-24 16:33:05 UTC,2026-08-24 20:17:26 UTC,0.801,0.093,0.0,0.926,21.61,0.056,54.0,0.648,0.056,0.0,0.873,33.167,-0.052,71.0,0.931,0.2,0.0,1.0,16.706,0.094,15.0,27183,0.424,0.062,0.0,0.969,63.815,0.011,32.0,0.441,0.0,0.0,0.947,41.372,-0.037,38.0,"Salinda, Isaiah",0.578,0.069,0.0,0.862,39.624,-0.075,29.0
ytd,2026-08-24 16:33:05 UTC,2026-08-24 20:17:26 UTC,0.762,0.037,0.0,0.93,22.427,-0.025,187.0,0.629,0.027,0.0,0.922,34.314,-0.053,219.0,0.828,0.074,0.0,0.907,17.376,0.021,54.0,14926,0.266,0.034,0.0,0.949,68.852,-0.074,118.0,0.392,0.022,0.0,0.934,48.892,-0.072,136.0,"Malnati, Peter",0.572,0.115,0.0,0.938,36.11,0.079,113.0
ytd,2026-08-24 16:33:05 UTC,2026-08-24 20:17:26 UTC,,,,,,,,0.554,0.065,1.0,0.968,37.377,-0.053,31.0,,,,,,,,31955,,,,,,,,,,,,,,,"Van Paris, Jackson",,,,,,,
ytd,2026-08-24 16:33:05 UTC,2026-08-24 20:17:26 UTC,0.775,0.117,0.0,0.941,23.434,0.004,222.0,0.647,0.044,0.0,0.929,34.445,-0.054,225.0,0.809,0.044,0.0,0.867,20.672,-0.04,45.0,12669,0.239,0.038,0.0,0.887,62.713,-0.081,53.0,0.486,0.058,0.0,0.942,43.548,0.048,138.0,"Lahiri, Anirban",0.537,0.108,0.0,0.922,37.285,0.015,102.0
ytd,2026-08-24 16:33:05 UTC,2026-08-24 20:17:26 UTC,0.763,0.063,0.0,0.899,24.043,-0.041,158.0,0.642,0.038,0.0,0.927,31.612,-0.054,234.0,0.79,0.119,0.0,0.881,19.793,-0.026,59.0,22465,0.368,0.035,0.0,0.977,60.089,-0.004,86.0,0.466,0.035,0.0,0.957,43.137,0.013,115.0,"Penge, Marco",0.646,0.105,0.0,0.947,33.838,0.065,114.0
ytd,2026-08-24 16:33:05 UTC,2026-08-24 20:17:26 UTC,0.724,0.059,0.0,0.882,26.874,-0.086,34.0,0.591,0.029,0.0,0.886,29.647,-0.054,35.0,0.861,0.0,0.0,1.0,15.326,-0.032,10.0,26597,0.301,0.062,0.0,1.0,83.257,-0.044,16.0,0.517,0.077,0.0,0.962,38.142,0.066,26.0,"Huskey, Keenan",0.596,0.0,0.0,0.882,44.916,-0.024,17.0
ytd,2026-08-24 16:33:05 UTC,2026-08-24 20:17:26 UTC,0.704,0.038,1.0,0.885,20.613,0.002,26.0,0.707,0.0,0.0,0.943,38.708,-0.055,35.0,0.834,0.0,0.0,0.867,21.136,-0.065,15.0,26213,0.334,0.091,1.0,0.909,68.708,0.06,11.0,0.298,0.034,0.0,1.0,45.722,-0.017,29.0,"Ko, Jeong Weon",0.669,0.118,0.0,1.0,34.895,0.152,17.0
ytd,2026-08-24 16:33:05 UTC,2026-08-24 20:17:26 UTC,0.818,0.0,1.0,0.87,23.725,-0.031,23.0,0.685,0.0,1.0,0.966,35.868,-0.058,29.0,,,,,,,,12258,,,,,,,,0.351,0.04,0.0,1.0,44.036,-0.011,25.0,"Garcia Rodriguez, Sebastian",0.615,0.154,0.0,0.923,31.2,0.133,13.0
ytd,2026-08-24 16:33:05 UTC,2026-08-24 20:17:26 UTC,0.765,0.048,0.0,0.92,23.666,-0.044,251.0,0.628,0.045,0.0,0.915,36.513,-0.058,331.0,0.91,0.154,0.0,0.969,16.687,0.041,65.0,19729,0.283,0.018,0.0,0.963,57.581,-0.018,109.0,0.394,0.032,0.0,0.942,50.778,-0.045,154.0,"Kanaya, Takumi",0.561,0.049,0.0,0.963,36.852,0.031,82.0
ytd,2026-08-24 16:33:05 UTC,2026-08-24 20:17:26 UTC,0.831,0.045,1.0,1.0,20.402,0.021,22.0,0.602,0.036,1.0,0.929,35.463,-0.058,28.0,,,,,,,,28615,0.167,0.0,1.0,1.0,59.105,-0.131,11.0,0.342,0.0,0.0,0.957,46.887,-0.023,23.0,"Bairstow, Sam",0.562,0.0,0.0,0.917,48.329,-0.049,12.0
ytd,2026-08-24 16:33:05 UTC,2026-08-24 20:17:26 UTC,0.805,0.035,0.0,0.926,24.222,-0.044,231.0,0.606,0.045,0.0,0.907,34.312,-0.058,247.0,0.763,0.018,0.0,0.86,22.618,-0.123,57.0,30463,0.347,0.058,0.0,0.953,63.371,-0.033,86.0,0.454,0.054,0.0,0.953,46.411,0.028,148.0,"Surratt, Caleb",0.55,0.083,0.0,0.917,41.308,0.008,121.0
ytd,2026-08-24 16:33:05 UTC,2026-08-24 20:17:26 UTC,0.811,0.06,0.0,0.94,25.418,-0.066,67.0,0.645,0.062,0.0,0.831,34.044,-0.059,65.0,0.796,0.043,0.0,0.957,18.076,-0.013,23.0,28077,0.215,0.056,0.0,0.944,86.52,-0.042,36.0,0.42,0.089,0.0,0.978,40.068,0.024,45.0,"Collet, Tyler",0.406,0.053,0.0,0.842,41.868,-0.055,19.0
ytd,2026-08-24 16:33:05 UTC,2026-08-24 20:17:26 UTC,0.749,0.072,0.0,0.901,23.236,-0.036,181.0,0.648,0.046,0.0,0.895,34.716,-0.061,238.0,0.839,0.111,0.0,0.926,20.397,-0.02,54.0,14373,0.348,0.017,0.0,0.983,54.966,-0.003,60.0,0.379,0.032,0.0,0.913,54.9,-0.073,126.0,"Campbell, Ben",0.634,0.045,0.0,1.0,34.066,0.052,66.0
ytd,2026-08-24 16:33:05 UTC,2026-08-24 20:17:26 UTC,,,,,,,,0.511,0.069,1.0,0.897,30.712,-0.062,29.0,0.964,0.167,1.0,1.0,27.841,-0.082,6.0,7301,,,,,,,,0.395,0.125,1.0,1.0,47.157,0.04,16.0,"Dufner, Jason",0.531,0.077,0.0,0.846,54.971,-0.081,13.0
ytd,2026-08-24 16:33:05 UTC,2026-08-24 20:17:26 UTC,,,,,,,,0.555,0.042,1.0,0.958,41.637,-0.062,24.0,,,,,,,,7961,,,,,,,,,,,,,,,"Reavie, Chez",,,,,,,
ytd,2026-08-24 16:33:05 UTC,2026-08-24 20:17:26 UTC,0.809,0.0,0.0,0.889,26.193,-0.117,36.0,0.652,0.021,0.0,0.917,37.875,-0.062,48.0,0.909,0.0,0.0,0.938,20.511,-0.065,16.0,18579,0.392,0.15,0.0,0.95,74.36,0.024,20.0,0.398,0.0,0.0,0.975,47.683,-0.037,40.0,"Cook, Austin",0.777,0.0,0.0,1.0,28.871,0.167,12.0
ytd,2026-08-24 16:33:05 UTC,2026-08-24 20:17:26 UTC,0.779,0.057,0.0,0.929,23.73,-0.038,211.0,0.625,0.032,0.0,0.939,34.165,-0.062,309.0,0.796,0.024,0.0,0.951,19.426,-0.098,41.0,20954,0.257,0.024,0.0,0.929,71.494,-0.081,84.0,0.478,0.035,0.0,0.95,44.971,0.013,141.0,"Hirata, Kensei",0.469,0.016,0.0,0.968,36.865,0.005,63.0
ytd,2026-08-24 16:33:05 UTC,2026-08-24 20:17:26 UTC,0.758,0.034,0.0,0.924,24.364,-0.058,118.0,0.639,0.04,0.0,0.907,33.465,-0.062,150.0,0.924,0.097,0.0,0.968,13.943,0.116,31.0,21995,0.402,0.103,0.0,0.931,54.94,0.044,58.0,0.49,0.014,0.0,0.915,48.488,-0.026,71.0,"Springer, Hayden",0.44,0.118,0.0,0.961,40.587,0.016,51.0
ytd,2026-08-24 16:33:05 UTC,2026-08-24 20:17:26 UTC,,,,,,,,0.583,0.094,1.0,0.906,40.252,-0.062,32.0,,,,,,,,25442,0.198,0.0,0.0,0.957,65.134,-0.076,23.0,0.509,0.071,1.0,0.929,41.483,0.035,14.0,"Montgomery, Taylor",0.57,0.0,0.0,0.917,32.804,0.047,12.0
ytd,2026-08-24 16:33:05 UTC,2026-08-24 20:17:26 UTC,0.716,0.125,0.0,0.9,23.184,-0.015,40.0,0.589,0.075,0.0,0.95,34.151,-0.064,40.0,0.872,0.0,0.0,0.889,23.856,-0.193,9.0,19899,0.284,0.0,1.0,0.9,71.635,-0.068,10.0,0.155,0.0,1.0,0.842,62.996,-0.267,19.0,"Rottluff, Max",0.552,0.08,0.0,0.88,42.615,-0.056,25.0
ytd,2026-08-24 16:33:05 UTC,2026-08-24 20:17:26 UTC,,,,,,,,0.589,0.0,0.0,0.946,34.955,-0.064,37.0,,,,,,,,20448,0.299,0.0,1.0,1.0,56.743,0.02,11.0,0.404,0.0,0.0,0.955,46.672,-0.017,22.0,"Katsuragawa, Yuto",,,,,,,
ytd,2026-08-24 16:33:05 UTC,2026-08-24 20:17:26 UTC,0.841,0.0,1.0,0.905,31.341,-0.161,21.0,0.566,0.08,1.0,0.88,31.257,-0.067,25.0,0.896,0.077,0.0,0.923,14.677,0.096,13.0,9531,0.309,0.111,0.0,0.944,83.394,-0.073,18.0,0.226,0.048,0.0,0.905,48.776,-0.072,21.0,"Wiesberger, Bernd",0.618,0.111,0.0,1.0,26.715,0.071,9.0
ytd,2026-08-24 16:33:05 UTC,2026-08-24 20:17:26 UTC,0.874,0.062,0.0,0.969,26.523,-0.071,32.0,0.676,0.0,1.0,0.906,37.797,-0.067,32.0,0.898,0.077,0.0,0.923,19.169,0.025,13.0,18662,0.249,0.0,0.0,0.846,72.021,-0.132,13.0,0.413,0.136,0.0,0.909,44.312,-0.094,22.0,"Schniederjans, Ollie",0.449,0.062,0.0,0.844,49.48,-0.175,32.0
ytd,2026-08-24 16:33:05 UTC,2026-08-24 20:17:26 UTC,0.741,0.069,0.0,0.931,21.702,0.009,29.0,0.702,0.029,0.0,0.943,38.042,-0.067,35.0,0.722,0.0,0.0,0.875,16.398,0.022,8.0,20522,,,,,,,,0.679,0.111,1.0,1.0,38.634,0.129,18.0,"Veerman, Johannes",,,,,,,
ytd,2026-08-24 16:33:05 UTC,2026-08-24 20:17:26 UTC,0.793,0.088,0.0,0.929,22.481,0.001,170.0,0.615,0.048,0.0,0.907,34.887,-0.071,289.0,0.808,0.048,0.0,0.952,18.045,-0.004,62.0,17550,0.347,0.071,0.0,0.946,64.641,0.009,112.0,0.445,0.05,0.0,0.924,50.579,-0.034,119.0,"Van Rooyen, Erik",0.6,0.037,0.0,0.981,38.445,0.024,108.0
ytd,2026-08-24 16:33:05 UTC,2026-08-24 20:17:26 UTC,,,,,,,,0.497,0.103,1.0,1.0,38.437,-0.073,29.0,,,,,,,,27598,0.573,0.0,1.0,1.0,41.027,0.083,12.0,,,,,,,,"Nicholas, James",0.583,0.0,0.0,1.0,27.68,0.045,13.0
ytd,2026-08-24 16:33:05 UTC,2026-08-24 20:17:26 UTC,0.718,0.057,0.0,0.898,23.875,-0.038,88.0,0.634,0.041,0.0,0.918,36.976,-0.076,146.0,0.919,0.172,0.0,0.966,12.537,0.145,29.0,12920,0.257,0.017,0.0,0.983,58.422,-0.049,60.0,0.413,0.048,0.0,0.976,47.296,0.02,83.0,"Willett, Danny",0.596,0.105,0.0,0.974,35.968,0.031,38.0
ytd,2026-08-24 16:33:05 UTC,2026-08-24 20:17:26 UTC,0.695,0.0,0.0,0.878,27.303,-0.137,41.0,0.682,0.021,0.0,0.915,34.555,-0.08,47.0,0.867,0.053,0.0,0.895,19.748,-0.051,19.0,9586,0.355,0.0,0.0,1.0,58.744,-0.021,20.0,0.463,0.037,0.0,1.0,42.758,0.0,27.0,"Laird, Martin",0.682,0.0,0.0,1.0,38.227,0.022,15.0
ytd,2026-08-24 16:33:05 UTC,2026-08-24 20:17:26 UTC,0.778,0.077,0.0,0.945,21.77,0.015,235.0,0.589,0.047,0.0,0.886,33.913,-0.08,316.0,0.778,0.133,0.0,0.893,17.764,0.019,75.0,27164,0.276,0.031,0.0,0.969,59.832,-0.046,97.0,0.412,0.034,0.0,0.946,48.186,-0.049,147.0,"Phillips, Chandler",0.521,0.086,0.0,0.905,44.098,-0.001,105.0
ytd,2026-08-24 16:33:05 UTC,2026-08-24 20:17:26 UTC,0.731,0.045,0.0,0.936,26.706,-0.058,157.0,0.615,0.031,0.0,0.899,35.744,-0.081,257.0,0.915,0.154,0.0,0.942,14.396,0.104,52.0,25908,0.291,0.018,0.0,0.963,70.57,-0.059,109.0,0.321,0.018,0.0,0.929,57.048,-0.128,113.0,"Whaley, Vince",0.584,0.05,0.0,0.942,35.267,0.048,121.0
ytd,2026-08-24 16:33:05 UTC,2026-08-24 20:17:26 UTC,,,,,,,,0.59,0.042,1.0,0.875,35.79,-0.084,24.0,,,,,,,,29971,,,,,,,,0.426,0.111,1.0,1.0,39.341,0.112,18.0,"Bradbury, Dan",,,,,,,
ytd,2026-08-24 16:33:05 UTC,2026-08-24 20:17:26 UTC,0.808,0.13,1.0,0.957,20.165,0.067,23.0,0.565,0.037,1.0,0.926,31.614,-0.085,27.0,0.852,0.0,1.0,1.0,17.476,-0.066,7.0,18994,0.446,0.0,0.0,0.824,50.246,-0.077,17.0,0.424,0.0,1.0,0.875,45.433,-0.02,16.0,"Kataoka, Naoyuki",0.08,0.0,0.0,1.0,40.05,-0.057,8.0
ytd,2026-08-24 16:33:05 UTC,2026-08-24 20:17:26 UTC,0.784,0.0,0.0,0.873,25.99,-0.084,79.0,0.592,0.073,0.0,0.854,36.229,-0.086,96.0,0.873,0.0,0.0,0.966,17.584,-0.039,29.0,22087,0.276,0.089,0.0,0.929,69.585,-0.073,56.0,0.471,0.033,0.0,0.95,45.923,-0.03,60.0,"Paul, Jeremy",0.573,0.098,0.0,0.951,38.28,0.025,41.0
ytd,2026-08-24 16:33:05 UTC,2026-08-24 20:17:26 UTC,0.731,0.0,1.0,0.926,22.329,-0.002,27.0,0.592,0.026,0.0,0.895,39.416,-0.088,38.0,0.916,0.105,0.0,1.0,13.084,0.072,19.0,11955,0.105,0.0,0.0,1.0,61.348,-0.105,16.0,0.446,0.048,0.0,1.0,55.158,-0.051,21.0,"Frittelli, Dylan",0.48,0.0,0.0,0.818,38.18,-0.011,11.0
ytd,2026-08-24 16:33:05 UTC,2026-08-24 20:17:26 UTC,0.829,0.074,1.0,0.963,27.453,-0.026,27.0,0.555,0.019,0.0,0.907,33.367,-0.088,54.0,0.893,0.167,0.0,0.917,14.474,0.111,12.0,28016,0.327,0.0,0.0,0.929,67.828,-0.121,28.0,0.382,0.043,0.0,0.87,67.543,-0.093,23.0,"Gonzalez, Emilio",0.504,0.059,0.0,0.941,38.04,0.003,17.0
ytd,2026-08-24 16:33:05 UTC,2026-08-24 20:17:26 UTC,,,,,,,,0.481,0.037,1.0,1.0,34.006,-0.09,27.0,0.845,0.0,1.0,0.833,20.214,-0.025,6.0,34025,,,,,,,,,,,,,,,"Fang, Ethan",,,,,,,
ytd,2026-08-24 16:33:05 UTC,2026-08-24 20:17:26 UTC,0.748,0.095,0.0,0.896,22.733,-0.009,201.0,0.563,0.035,0.0,0.886,35.125,-0.093,229.0,0.733,0.069,0.0,0.914,18.006,-0.039,58.0,20780,0.21,0.022,0.0,0.889,73.866,-0.114,90.0,0.299,0.023,0.0,0.895,60.666,-0.156,133.0,"Kim, Minkyu",0.484,0.064,0.0,0.947,40.923,-0.026,94.0
ytd,2026-08-24 16:33:05 UTC,2026-08-24 20:17:26 UTC,0.769,0.037,1.0,0.889,34.968,-0.131,27.0,0.578,0.026,0.0,0.921,37.301,-0.095,38.0,0.695,0.0,0.0,0.909,24.362,-0.154,11.0,16713,,,,,,,,0.206,0.0,1.0,0.833,71.283,-0.244,18.0,"Lindheim, Nicholas",0.651,0.0,1.0,1.0,43.846,-0.003,7.0
ytd,2026-08-24 16:33:05 UTC,2026-08-24 20:17:26 UTC,0.908,0.033,0.0,1.0,15.987,0.058,30.0,0.445,0.04,0.0,0.94,34.981,-0.096,50.0,0.961,0.125,0.0,1.0,16.739,0.055,8.0,12477,,,,,,,,0.482,0.062,0.0,0.969,43.062,0.02,32.0,"McGirt, William",0.309,0.0,1.0,1.0,46.185,-0.015,6.0
ytd,2026-08-24 16:33:05 UTC,2026-08-24 20:17:26 UTC,0.79,0.101,0.0,0.928,24.728,0.044,69.0,0.594,0.025,0.0,0.823,36.81,-0.1,79.0,0.913,0.095,0.0,0.952,15.704,0.07,21.0,6931,0.485,0.0,0.0,0.917,64.853,-0.004,24.0,0.371,0.066,0.0,0.951,55.328,-0.082,61.0,"Byrd, Jonathan",0.551,0.0,0.0,1.0,38.056,-0.03,11.0
ytd,2026-08-24 16:33:05 UTC,2026-08-24 20:17:26 UTC,0.862,0.069,0.0,1.0,19.355,0.038,29.0,0.561,0.083,0.0,0.833,34.739,-0.1,48.0,0.579,0.0,0.0,0.8,27.086,-0.193,10.0,16162,0.151,0.048,0.0,0.952,84.914,-0.151,21.0,0.356,0.0,0.0,1.0,43.474,0.019,20.0,"Lee, S.T.",0.589,0.0,0.0,1.0,26.618,0.11,15.0
ytd,2026-08-24 16:33:05 UTC,2026-08-24 20:17:26 UTC,0.775,0.066,0.0,0.91,26.074,-0.063,212.0,0.605,0.034,0.0,0.869,36.047,-0.102,236.0,0.84,0.059,0.0,0.941,19.499,-0.042,34.0,19866,0.306,0.045,0.0,0.876,64.824,-0.068,89.0,0.439,0.031,0.0,0.914,50.512,-0.048,128.0,"Horsfield, Sam",0.498,0.01,0.0,0.911,42.524,-0.108,101.0
ytd,2026-08-24 16:33:05 UTC,2026-08-24 20:17:26 UTC,0.766,0.116,0.0,0.93,20.558,0.055,43.0,0.592,0.037,0.0,0.875,36.462,-0.105,80.0,0.909,0.043,0.0,1.0,15.398,0.054,23.0,6986,0.41,0.067,0.0,1.0,47.235,0.043,15.0,0.521,0.051,0.0,0.974,50.401,0.073,39.0,"Johnson, Zach",0.484,0.0,1.0,1.0,46.292,-0.12,6.0
ytd,2026-08-24 16:33:05 UTC,2026-08-24 20:17:26 UTC,0.895,0.161,0.0,0.968,19.952,0.051,31.0,0.614,0.031,1.0,0.875,41.021,-0.105,32.0,,,,,,,,18514,,,,,,,,0.479,0.154,0.0,0.962,46.001,0.085,26.0,"Kinhult, Marcus",0.506,0.143,1.0,0.857,49.666,0.023,7.0
ytd,2026-08-24 16:33:05 UTC,2026-08-24 20:17:26 UTC,0.828,0.087,0.0,0.957,19.706,0.026,46.0,0.532,0.035,0.0,0.912,39.603,-0.113,57.0,0.681,0.143,0.0,0.857,29.445,-0.239,14.0,14852,0.356,0.038,0.0,1.0,63.74,0.014,26.0,0.423,0.024,0.0,0.952,44.195,-0.006,42.0,"Streb, Robert",0.456,0.05,0.0,0.85,49.198,-0.067,20.0
ytd,2026-08-24 16:33:05 UTC,2026-08-24 20:17:26 UTC,0.651,0.054,0.0,0.838,29.156,-0.119,204.0,0.553,0.04,0.0,0.862,38.433,-0.115,253.0,0.878,0.081,0.0,0.919,15.944,0.012,37.0,15274,0.325,0.062,0.0,0.969,61.381,0.038,96.0,0.429,0.039,0.0,0.969,47.513,-0.022,127.0,"Tabuena, Miguel",0.56,0.105,0.0,0.942,35.763,0.012,86.0
ytd,2026-08-24 16:33:05 UTC,2026-08-24 20:17:26 UTC,0.758,0.061,0.0,0.939,21.022,-0.03,33.0,0.598,0.017,0.0,0.897,39.102,-0.115,58.0,0.915,0.071,0.0,0.929,20.374,-0.081,14.0,28268,0.249,0.0,0.0,0.917,71.998,-0.113,24.0,0.487,0.034,0.0,0.966,55.793,-0.025,29.0,"Kaneko, Kota",0.504,0.071,0.0,1.0,33.877,0.046,14.0
ytd,2026-08-24 16:33:05 UTC,2026-08-24 20:17:26 UTC,0.747,0.048,0.0,0.905,24.991,-0.032,63.0,0.606,0.021,0.0,0.856,38.468,-0.121,97.0,0.789,0.045,0.0,0.909,22.891,-0.136,22.0,7960,0.366,0.029,0.0,0.914,72.562,0.0,35.0,0.435,0.081,0.0,0.935,41.507,0.015,62.0,"List, Luke",0.472,0.098,0.0,0.976,42.784,0.025,41.0
ytd,2026-08-24 16:33:05 UTC,2026-08-24 20:17:26 UTC,0.714,0.057,0.0,0.886,24.485,-0.049,158.0,0.563,0.057,0.0,0.856,39.96,-0.124,229.0,0.782,0.0,0.0,0.926,21.56,-0.11,54.0,23048,0.367,0.027,0.0,0.973,65.939,-0.037,75.0,0.43,0.05,0.0,0.911,47.339,-0.088,101.0,"Stanger, Jimmy",0.647,0.076,0.0,0.957,34.188,0.072,92.0
ytd,2026-08-24 16:33:05 UTC,2026-08-24 20:17:26 UTC,0.747,0.034,0.0,0.921,23.575,-0.029,177.0,0.561,0.037,0.0,0.853,38.324,-0.128,218.0,0.901,0.087,0.0,0.957,17.751,0.047,46.0,17032,0.317,0.049,0.0,0.913,62.569,-0.059,103.0,0.394,0.059,0.0,0.933,49.316,-0.039,119.0,"Tosti, Alejandro",0.564,0.069,0.0,0.931,33.985,0.054,87.0
ytd,2026-08-24 16:33:05 UTC,2026-08-24 20:17:26 UTC,0.818,0.092,0.0,0.954,21.814,0.01,65.0,0.606,0.014,0.0,0.857,37.857,-0.132,70.0,0.918,0.0,0.0,0.929,18.397,-0.042,14.0,7532,0.382,0.0,0.0,0.824,79.301,-0.084,17.0,0.238,0.0,0.0,0.964,54.213,-0.122,28.0,"Ormsby, Wade",0.696,0.053,0.0,1.0,21.73,0.112,19.0
ytd,2026-08-24 16:33:05 UTC,2026-08-24 20:17:26 UTC,,,,,,,,0.469,0.0,1.0,0.96,43.278,-0.132,25.0,,,,,,,,35015,,,,,,,,,,,,,,,"Herrington, Jackson",0.57,0.062,0.0,0.938,41.658,-0.01,16.0
ytd,2026-08-24 16:33:05 UTC,2026-08-24 20:17:26 UTC,0.622,0.1,1.0,0.85,23.759,-0.064,20.0,0.524,0.049,0.0,0.829,45.953,-0.133,41.0,0.839,0.0,1.0,0.857,14.574,-0.046,7.0,11397,,,,,,,,0.352,0.059,1.0,0.941,56.568,-0.074,17.0,"Jamieson, Scott",0.689,0.0,1.0,1.0,34.818,-0.02,6.0
ytd,2026-08-24 16:33:05 UTC,2026-08-24 20:17:26 UTC,0.687,0.05,0.0,0.878,26.155,-0.085,139.0,0.504,0.055,0.0,0.869,39.422,-0.157,183.0,0.78,0.042,0.0,0.889,25.557,-0.148,72.0,24343,0.36,0.074,0.0,0.947,64.754,-0.006,94.0,0.374,0.022,0.0,0.87,61.452,-0.131,92.0,"Lamprecht, Christo",0.504,0.057,0.0,0.906,43.03,-0.024,106.0
ytd,2026-08-24 16:33:05 UTC,2026-08-24 20:17:26 UTC,0.76,0.051,0.0,0.912,27.747,-0.08,137.0,0.599,0.052,0.0,0.822,42.304,-0.157,174.0,0.818,0.143,0.0,0.939,17.377,0.044,49.0,30814,0.217,0.036,0.0,0.982,75.176,-0.109,56.0,0.381,0.01,0.0,0.95,54.099,-0.085,100.0,"Sargent, Gordon",0.46,0.044,0.0,0.912,49.733,-0.074,91.0
ytd,2026-08-24 16:33:05 UTC,2026-08-24 20:17:26 UTC,0.725,0.0,0.0,0.806,24.089,-0.081,31.0,0.566,0.0,0.0,0.912,42.073,-0.164,34.0,,,,,,,,17169,0.538,0.308,0.0,1.0,75.37,0.167,13.0,,,,,,,,"Ruffels, Ryan",0.566,0.0,0.0,0.929,43.869,-0.037,14.0
ytd,2026-08-24 16:33:05 UTC,2026-08-24 20:17:26 UTC,0.628,0.069,0.0,0.724,23.139,-0.091,29.0,0.458,0.026,0.0,0.868,39.502,-0.186,38.0,0.811,0.125,0.0,0.938,17.017,0.043,16.0,13497,0.425,0.0,0.0,0.95,68.605,-0.022,20.0,0.31,0.087,0.0,0.783,53.116,-0.119,23.0,"Lee, K.H.",0.572,0.091,0.0,1.0,41.888,0.035,11.0
ytd,2026-08-24 16:33:05 UTC,2026-08-24 20:17:26 UTC,,,,,,,,0.43,0.0,1.0,0.88,43.009,-0.195,25.0,0.897,0.0,0.0,0.875,23.806,-0.154,8.0,27019,,,,,,,,,,,,,,,"Laopakdee, Fifa",0.852,0.0,1.0,1.0,41.596,-0.012,6.0
ytd,2026-08-24 16:33:05 UTC,2026-08-24 20:17:26 UTC,0.785,0.0,1.0,0.95,23.748,-0.079,20.0,0.478,0.04,1.0,0.84,41.71,-0.198,25.0,0.978,0.167,1.0,1.0,16.579,0.05,6.0,7626,,,,,,,,,,,,,,,"O'Hair, Sean",0.626,0.167,1.0,1.0,33.845,0.04,6.0
ytd,2026-08-24 16:33:05 UTC,2026-08-24 20:17:26 UTC,0.793,0.069,0.0,0.948,21.36,-0.013,58.0,0.405,0.013,0.0,0.775,42.641,-0.202,80.0,0.737,0.125,0.0,0.792,17.317,-0.11,24.0,12425,0.305,0.036,0.0,0.964,77.649,-0.015,28.0,0.217,0.0,0.0,0.872,59.498,-0.207,39.0,"Todd, Brendon",0.458,0.04,0.0,0.84,45.769,-0.081,25.0
ytd,2026-08-24 16:33:05 UTC,2026-08-24 20:17:26 UTC,0.69,0.03,0.0,0.879,25.441,-0.058,33.0,0.355,0.065,0.0,0.761,56.763,-0.374,46.0,0.885,0.1,0.0,0.9,17.344,-0.038,10.0,7820,0.332,0.0,1.0,0.818,77.919,-0.166,11.0,0.433,0.0,0.0,0.875,54.997,-0.108,24.0,"Palmer, Ryan",0.591,0.105,0.0,1.0,34.195,0.073,19.0
ytd,2026-08-24 16:33:05 UTC,2026-08-24 20:17:26 UTC,,,,,,,,,,,,,,,0.614,0.182,0.0,0.727,13.795,-0.301,11.0,44,,,,,,,,,,,,,,,"Couples, Fred",,,,,,,
ytd,2026-08-24 16:33:05 UTC,2026-08-24 20:17:26 UTC,,,,,,,,,,,,,,,0.875,0.0,0.0,0.909,11.155,0.024,11.0,4163,0.301,0.0,1.0,1.0,102.152,-0.075,11.0,,,,,,,,"Donald, Luke",0.495,0.333,0.0,1.0,41.724,0.182,12.0
ytd,2026-08-24 16:33:05 UTC,2026-08-24 20:17:26 UTC,,,,,,,,,,,,,,,,,,,,,,5665,,,,,,,,,,,,,,,"Cink, Stewart",0.379,0.0,0.0,1.0,54.194,-0.12,11.0
ytd,2026-08-24 16:33:05 UTC,2026-08-24 20:17:26 UTC,,,,,,,,,,,,,,,0.892,0.222,0.0,1.0,13.495,0.128,9.0,7293,0.42,0.1,1.0,1.0,57.668,0.109,10.0,,,,,,,,"Walker, Jimmy",0.505,0.083,0.0,0.917,32.727,-0.037,12.0
ytd,2026-08-24 16:33:05 UTC,2026-08-24 20:17:26 UTC,,,,,,,,,,,,,,,0.807,0.167,1.0,0.833,20.318,-0.064,6.0,7326,,,,,,,,,,,,,,,"Vermeer, Ryan",0.494,0.154,0.0,0.923,35.695,0.037,13.0
ytd,2026-08-24 16:33:05 UTC,2026-08-24 20:17:26 UTC,,,,,,,,,,,,,,,,,,,,,,7899,,,,,,,,0.362,0.118,1.0,0.941,46.59,-0.093,17.0,"Piercy, Scott",,,,,,,
ytd,2026-08-24 16:33:05 UTC,2026-08-24 20:17:26 UTC,,,,,,,,,,,,,,,0.843,0.0,1.0,1.0,13.148,0.093,7.0,11374,0.379,0.182,1.0,1.0,85.454,0.038,11.0,,,,,,,,"Hahn, James",0.532,0.1,0.0,1.0,35.539,-0.017,10.0
ytd,2026-08-24 16:33:05 UTC,2026-08-24 20:17:26 UTC,,,,,,,,,,,,,,,0.802,0.0,1.0,0.833,27.342,-0.21,6.0,11441,,,,,,,,,,,,,,,"Covello, Vince",,,,,,,
ytd,2026-08-24 16:33:05 UTC,2026-08-24 20:17:26 UTC,,,,,,,,,,,,,,,,,,,,,,17068,,,,,,,,,,,,,,,"Daffue, MJ",0.652,0.0,0.0,0.909,36.383,0.025,11.0
ytd,2026-08-24 16:33:05 UTC,2026-08-24 20:17:26 UTC,,,,,,,,,,,,,,,,,,,,,,18524,,,,,,,,,,,,,,,"Catlin, John",0.793,0.125,0.0,0.938,38.966,0.09,16.0
ytd,2026-08-24 16:33:05 UTC,2026-08-24 20:17:26 UTC,,,,,,,,,,,,,,,,,,,,,,18761,,,,,,,,,,,,,,,"Mullinax, Trey",0.64,0.286,1.0,0.857,27.59,0.101,7.0
ytd,2026-08-24 16:33:05 UTC,2026-08-24 20:17:26 UTC,,,,,,,,,,,,,,,,,,,,,,18770,,,,,,,,,,,,,,,"Rozner, Antoine",0.764,0.143,1.0,1.0,22.6,0.186,7.0
ytd,2026-08-24 16:33:05 UTC,2026-08-24 20:17:26 UTC,,,,,,,,,,,,,,,0.976,0.0,1.0,1.0,16.303,-0.006,7.0,19390,0.253,0.1,1.0,0.8,78.851,-0.131,10.0,,,,,,,,"John, Cameron",0.506,0.0,0.0,1.0,42.379,-0.007,13.0
ytd,2026-08-24 16:33:05 UTC,2026-08-24 20:17:26 UTC,,,,,,,,,,,,,,,0.886,0.0,0.0,1.0,21.186,-0.036,8.0,21412,0.386,0.069,0.0,0.931,57.812,-0.039,29.0,,,,,,,,"Capan III, Frankie",0.579,0.062,0.0,0.938,40.023,-0.073,16.0
ytd,2026-08-24 16:33:05 UTC,2026-08-24 20:17:26 UTC,,,,,,,,,,,,,,,0.848,0.0,0.0,1.0,15.769,-0.007,8.0,26617,,,,,,,,,,,,,,,"Anderson, Matthew",0.61,0.0,0.0,0.933,38.084,0.048,15.0
ytd,2026-08-24 16:33:05 UTC,2026-08-24 20:17:26 UTC,,,,,,,,,,,,,,,,,,,,,,26656,,,,,,,,0.534,0.0,1.0,1.0,48.671,-0.018,14.0,"Feagles, Michael",0.536,0.091,0.0,1.0,37.505,0.097,11.0
ytd,2026-08-24 16:33:05 UTC,2026-08-24 20:17:26 UTC,,,,,,,,,,,,,,,0.98,0.125,0.0,1.0,14.449,0.08,8.0,26710,,,,,,,,,,,,,,,"Hruby, Petr",0.423,0.0,0.0,0.917,45.406,-0.102,12.0
ytd,2026-08-24 16:33:05 UTC,2026-08-24 20:17:26 UTC,0.602,0.0,1.0,0.773,23.941,-0.109,22.0,,,,,,,,0.869,0.182,0.0,1.0,12.058,0.189,11.0,29702,,,,,,,,,,,,,,,"Sihota, Jeevan",0.211,0.125,0.0,1.0,49.849,-0.079,8.0
ytd,2026-08-24 16:33:05 UTC,2026-08-24 20:17:26 UTC,,,,,,,,,,,,,,,0.469,0.0,1.0,0.667,33.846,-0.403,6.0,29915,0.324,0.0,1.0,0.909,61.739,-0.285,11.0,,,,,,,,"Petronzio, Nathan",0.316,0.0,0.0,0.917,46.98,-0.167,12.0
ytd,2026-08-24 16:33:05 UTC,2026-08-24 20:17:26 UTC,0.891,0.0,1.0,0.913,22.389,-0.061,23.0,,,,,,,,,,,,,,,30445,0.423,0.059,0.0,0.882,65.848,-0.055,17.0,0.402,0.118,1.0,1.0,52.029,-0.006,17.0,"Ayora, Angel",0.555,0.0,0.0,0.933,49.892,0.005,15.0
ytd,2026-08-24 16:33:05 UTC,2026-08-24 20:17:26 UTC,,,,,,,,,,,,,,,,,,,,,,31165,,,,,,,,,,,,,,,"Townsend, Hugo",0.455,0.0,0.0,0.917,39.087,-0.033,12.0
ytd,2026-08-24 16:33:05 UTC,2026-08-24 20:17:26 UTC,,,,,,,,,,,,,,,,,,,,,,31235,,,,,,,,,,,,,,,"Repetto Taylor, Rocco",0.428,0.059,0.0,0.824,45.806,-0.016,17.0
ytd,2026-08-24 16:33:05 UTC,2026-08-24 20:17:26 UTC,0.665,0.05,1.0,0.9,29.532,-0.134,20.0,,,,,,,,0.735,0.111,0.0,1.0,18.622,-0.046,9.0,32259,,,,,,,,,,,,,,,"Matthews, Justin",0.541,0.0,0.0,0.857,47.732,-0.054,14.0
ytd,2026-08-24 16:33:05 UTC,2026-08-24 20:17:26 UTC,,,,,,,,,,,,,,,,,,,,,,33994,,,,,,,,,,,,,,,"Donohue, Muzzy",0.64,0.273,0.0,0.909,28.241,0.21,11.0
ytd,2026-08-24 16:33:05 UTC,2026-08-24 20:17:26 UTC,,,,,,,,,,,,,,,,,,,,,,1547,0.254,0.0,1.0,0.909,52.361,-0.053,11.0,,,,,,,,"Mickelson, Phil",0.37,0.0,0.0,0.875,36.206,-0.094,8.0
ytd,2026-08-24 16:33:05 UTC,2026-08-24 20:17:26 UTC,,,,,,,,,,,,,,,,,,,,,,5513,,,,,,,,,,,,,,,"Weir, Mike",0.55,0.1,0.0,0.9,39.228,0.073,10.0
ytd,2026-08-24 16:33:05 UTC,2026-08-24 20:17:26 UTC,0.891,0.095,1.0,0.905,21.85,0.062,21.0,,,,,,,,,,,,,,,7900,,,,,,,,0.467,0.0,1.0,0.929,48.822,-0.022,14.0,"Haas, Bill",,,,,,,
ytd,2026-08-24 16:33:05 UTC,2026-08-24 20:17:26 UTC,,,,,,,,,,,,,,,0.702,0.143,1.0,0.714,17.198,-0.405,7.0,7959,,,,,,,,0.188,0.053,1.0,0.842,53.606,-0.085,19.0,"Holmes, J.B.",0.437,0.0,0.0,1.0,28.366,-0.026,9.0
ytd,2026-08-24 16:33:05 UTC,2026-08-24 20:17:26 UTC,,,,,,,,,,,,,,,,,,,,,,14050,,,,,,,,,,,,,,,"Sloan, Roger",0.613,0.0,1.0,1.0,32.827,0.084,6.0
ytd,2026-08-24 16:33:05 UTC,2026-08-24 20:17:26 UTC,,,,,,,,,,,,,,,,,,,,,,25601,0.415,0.1,1.0,0.8,56.873,-0.105,10.0,,,,,,,,"Jordan, Matthew",0.616,0.143,1.0,1.0,16.315,0.251,7.0
ytd,2026-08-24 16:33:05 UTC,2026-08-24 20:17:26 UTC,,,,,,,,,,,,,,,,,,,,,,26193,,,,,,,,0.26,0.0,1.0,1.0,50.552,-0.058,16.0,"Ding, Wenyi",0.447,0.111,0.0,0.778,49.549,-0.097,9.0
ytd,2026-08-24 16:33:05 UTC,2026-08-24 20:17:26 UTC,,,,,,,,,,,,,,,,,,,,,,26913,,,,,,,,,,,,,,,"Phillips, Trent",0.628,0.0,0.0,1.0,45.31,-0.001,8.0
ytd,2026-08-24 16:33:05 UTC,2026-08-24 20:17:26 UTC,,,,,,,,,,,,,,,,,,,,,,32260,,,,,,,,,,,,,,,"McCulloch, Ashton",0.111,0.0,1.0,0.833,66.749,-0.26,6.0
ytd,2026-08-24 16:33:05 UTC,2026-08-24 20:17:26 UTC,,,,,,,,,,,,,,,0.64,0.0,1.0,0.857,28.224,-0.41,7.0,3485,,,,,,,,,,,,,,,"Olazabal, Jose Maria",,,,,,,
ytd,2026-08-24 16:33:05 UTC,2026-08-24 20:17:26 UTC,,,,,,,,,,,,,,,,,,,,,,10523,,,,,,,,,,,,,,,"Nagano, Ryutaro",0.103,0.0,1.0,1.0,39.632,-0.044,7.0
ytd,2026-08-24 16:33:05 UTC,2026-08-24 20:17:26 UTC,,,,,,,,,,,,,,,0.966,0.0,1.0,0.833,21.073,-0.065,6.0,10621,,,,,,,,,,,,,,,"Fisher, Bryce",0.187,0.0,1.0,1.0,61.096,-0.27,6.0
ytd,2026-08-24 16:33:05 UTC,2026-08-24 20:17:26 UTC,0.824,0.077,1.0,0.923,21.926,0.029,26.0,,,,,,,,,,,,,,,11396,,,,,,,,0.274,0.0,1.0,1.0,53.125,-0.096,15.0,"Ramsay, Richie",,,,,,,
ytd,2026-08-24 16:33:05 UTC,2026-08-24 20:17:26 UTC,,,,,,,,,,,,,,,0.968,0.167,1.0,1.0,13.233,0.087,6.0,12069,,,,,,,,,,,,,,,"Stanley, Kyle",,,,,,,
ytd,2026-08-24 16:33:05 UTC,2026-08-24 20:17:26 UTC,,,,,,,,,,,,,,,0.686,0.0,1.0,0.714,22.419,-0.301,7.0,12333,,,,,,,,,,,,,,,"Block, Michael",,,,,,,
ytd,2026-08-24 16:33:05 UTC,2026-08-24 20:17:26 UTC,,,,,,,,,,,,,,,,,,,,,,14419,0.182,0.0,1.0,0.9,55.501,-0.142,10.0,,,,,,,,"Yang, Jiho",,,,,,,
ytd,2026-08-24 16:33:05 UTC,2026-08-24 20:17:26 UTC,,,,,,,,,,,,,,,,,,,,,,14780,0.572,0.083,1.0,1.0,50.129,0.122,12.0,,,,,,,,"Lagergren, Joakim",0.547,0.0,1.0,1.0,42.331,-0.016,6.0
ytd,2026-08-24 16:33:05 UTC,2026-08-24 20:17:26 UTC,,,,,,,,,,,,,,,,,,,,,,14784,,,,,,,,,,,,,,,"Law, David",0.323,0.143,1.0,0.857,44.555,-0.323,7.0
ytd,2026-08-24 16:33:05 UTC,2026-08-24 20:17:26 UTC,,,,,,,,,,,,,,,,,,,,,,15115,,,,,,,,,,,,,,,"Senior, Jack",0.8,0.0,0.0,1.0,35.097,0.097,8.0
ytd,2026-08-24 16:33:05 UTC,2026-08-24 20:17:26 UTC,0.825,0.0,1.0,0.952,28.522,-0.134,21.0,,,,,,,,,,,,,,,15229,,,,,,,,0.412,0.2,1.0,1.0,41.466,0.025,15.0,"Stone, Brandon",0.895,0.0,1.0,1.0,29.525,0.134,6.0
ytd,2026-08-24 16:33:05 UTC,2026-08-24 20:17:26 UTC,,,,,,,,,,,,,,,,,,,,,,15473,,,,,,,,,,,,,,,"Long, Adam",0.669,0.286,1.0,0.857,28.958,0.08,7.0
ytd,2026-08-24 16:33:05 UTC,2026-08-24 20:17:26 UTC,,,,,,,,,,,,,,,0.991,0.0,1.0,1.0,16.655,-0.05,6.0,16372,,,,,,,,0.314,0.071,1.0,0.929,40.698,-0.044,14.0,"McDonald, Jack",,,,,,,
ytd,2026-08-24 16:33:05 UTC,2026-08-24 20:17:26 UTC,,,,,,,,,,,,,,,,,,,,,,16776,,,,,,,,,,,,,,,"Bide, Francisco",0.474,0.0,1.0,1.0,48.523,-0.141,6.0
ytd,2026-08-24 16:33:05 UTC,2026-08-24 20:17:26 UTC,,,,,,,,,,,,,,,,,,,,,,16909,,,,,,,,,,,,,,,"Harmeling, Evan",0.36,0.0,1.0,1.0,39.073,-0.073,7.0
ytd,2026-08-24 16:33:05 UTC,2026-08-24 20:17:26 UTC,,,,,,,,,,,,,,,0.975,0.125,0.0,1.0,22.165,-0.053,8.0,17617,,,,,,,,,,,,,,,"Berg, Derek",,,,,,,
ytd,2026-08-24 16:33:05 UTC,2026-08-24 20:17:26 UTC,,,,,,,,,,,,,,,,,,,,,,18239,,,,,,,,,,,,,,,"Truslow, Austen",0.301,0.0,1.0,0.667,55.978,-0.331,6.0
ytd,2026-08-24 16:33:05 UTC,2026-08-24 20:17:26 UTC,,,,,,,,,,,,,,,,,,,,,,18359,,,,,,,,,,,,,,,"Campbell, Thomas",0.281,0.0,1.0,0.833,48.956,-0.314,6.0
ytd,2026-08-24 16:33:05 UTC,2026-08-24 20:17:26 UTC,0.775,0.0,1.0,0.905,25.363,-0.069,21.0,,,,,,,,,,,,,,,18722,,,,,,,,0.306,0.059,1.0,0.941,60.387,-0.085,17.0,"Gouveia, Ricardo",,,,,,,
ytd,2026-08-24 16:33:05 UTC,2026-08-24 20:17:26 UTC,,,,,,,,,,,,,,,,,,,,,,19224,,,,,,,,,,,,,,,"Micheluzzi, David",0.627,0.0,0.0,0.875,55.824,-0.107,8.0
ytd,2026-08-24 16:33:05 UTC,2026-08-24 20:17:26 UTC,,,,,,,,,,,,,,,0.802,0.0,1.0,0.833,12.412,-0.03,6.0,20344,,,,,,,,,,,,,,,"Polland, Ben",,,,,,,
ytd,2026-08-24 16:33:05 UTC,2026-08-24 20:17:26 UTC,,,,,,,,,,,,,,,,,,,,,,21501,,,,,,,,,,,,,,,"Dalke, Brad",0.4,0.0,1.0,1.0,44.292,-0.039,6.0
ytd,2026-08-24 16:33:05 UTC,2026-08-24 20:17:26 UTC,,,,,,,,,,,,,,,,,,,,,,21677,,,,,,,,,,,,,,,"Steinlechner, Maximilian",0.546,0.0,0.0,1.0,33.269,0.029,8.0
ytd,2026-08-24 16:33:05 UTC,2026-08-24 20:17:26 UTC,,,,,,,,,,,,,,,,,,,,,,21886,0.489,0.1,1.0,0.9,69.103,-0.02,10.0,,,,,,,,"Geddes, Mark",,,,,,,
ytd,2026-08-24 16:33:05 UTC,2026-08-24 20:17:26 UTC,,,,,,,,,,,,,,,,,,,,,,22633,,,,,,,,,,,,,,,"Grehan, Stuart",0.474,0.0,1.0,1.0,37.739,0.044,6.0
ytd,2026-08-24 16:33:05 UTC,2026-08-24 20:17:26 UTC,,,,,,,,,,,,,,,,,,,,,,23133,,,,,,,,,,,,,,,"Russell, Casey",0.502,0.0,1.0,0.857,39.704,-0.119,7.0
ytd,2026-08-24 16:33:05 UTC,2026-08-24 20:17:26 UTC,,,,,,,,,,,,,,,,,,,,,,23469,,,,,,,,,,,,,,,"Kartrude, Michael",0.546,0.0,0.0,0.778,75.856,-0.084,9.0
ytd,2026-08-24 16:33:05 UTC,2026-08-24 20:17:26 UTC,,,,,,,,,,,,,,,,,,,,,,23506,,,,,,,,,,,,,,,"Shirley, Trey",0.08,0.0,1.0,0.667,63.095,-0.338,6.0
ytd,2026-08-24 16:33:05 UTC,2026-08-24 20:17:26 UTC,,,,,,,,,,,,,,,0.863,0.0,0.0,1.0,18.619,-0.083,10.0,23610,,,,,,,,0.586,0.071,1.0,1.0,40.339,0.071,14.0,"Crocker, Sean",,,,,,,
ytd,2026-08-24 16:33:05 UTC,2026-08-24 20:17:26 UTC,,,,,,,,,,,,,,,,,,,,,,23709,,,,,,,,,,,,,,,"Fisher, Darin",0.539,0.167,1.0,1.0,41.459,0.044,6.0
ytd,2026-08-24 16:33:05 UTC,2026-08-24 20:17:26 UTC,,,,,,,,,,,,,,,,,,,,,,24369,,,,,,,,0.638,0.125,1.0,1.0,30.89,0.151,16.0,"Kobori, Kazuma",,,,,,,
ytd,2026-08-24 16:33:05 UTC,2026-08-24 20:17:26 UTC,,,,,,,,,,,,,,,0.845,0.0,0.0,0.875,20.568,-0.138,8.0,24584,,,,,,,,,,,,,,,"Droemer, Jesse",,,,,,,
ytd,2026-08-24 16:33:05 UTC,2026-08-24 20:17:26 UTC,,,,,,,,,,,,,,,0.807,0.0,1.0,1.0,17.16,-0.092,6.0,25036,,,,,,,,,,,,,,,"Holt, Ian",0.438,0.0,0.0,0.889,59.151,-0.142,9.0
ytd,2026-08-24 16:33:05 UTC,2026-08-24 20:17:26 UTC,,,,,,,,,,,,,,,0.956,0.25,0.0,1.0,11.222,0.251,8.0,25089,,,,,,,,,,,,,,,"Mory, Felix",0.624,0.0,1.0,0.857,32.62,0.003,7.0
ytd,2026-08-24 16:33:05 UTC,2026-08-24 20:17:26 UTC,,,,,,,,,,,,,,,,,,,,,,25131,0.364,0.0,1.0,0.9,52.124,0.046,10.0,,,,,,,,"Hill, Calum",0.462,0.0,1.0,0.714,52.552,-0.179,7.0
ytd,2026-08-24 16:33:05 UTC,2026-08-24 20:17:26 UTC,0.765,0.08,1.0,0.96,25.683,-0.069,25.0,,,,,,,,,,,,,,,25289,,,,,,,,,,,,,,,"Savoie, Joey",0.494,0.167,1.0,1.0,26.379,0.208,6.0
ytd,2026-08-24 16:33:05 UTC,2026-08-24 20:17:26 UTC,,,,,,,,,,,,,,,0.724,0.0,0.0,0.875,18.328,-0.213,8.0,25439,,,,,,,,,,,,,,,"Kern, Ben",,,,,,,
ytd,2026-08-24 16:33:05 UTC,2026-08-24 20:17:26 UTC,0.726,0.1,1.0,1.0,22.088,0.002,20.0,,,,,,,,0.802,0.167,1.0,1.0,20.512,0.045,6.0,25628,,,,,,,,0.315,0.0,0.0,0.952,53.973,-0.133,21.0,"Bae, Yongjun",,,,,,,
ytd,2026-08-24 16:33:05 UTC,2026-08-24 20:17:26 UTC,0.818,0.174,1.0,1.0,19.946,0.05,23.0,,,,,,,,,,,,,,,27147,,,,,,,,0.518,0.071,1.0,0.929,45.62,-0.014,14.0,"Walker, Euan",,,,,,,
ytd,2026-08-24 16:33:05 UTC,2026-08-24 20:17:26 UTC,,,,,,,,,,,,,,,,,,,,,,27646,,,,,,,,,,,,,,,"Hansson, Albert",0.536,0.0,1.0,0.857,43.024,-0.063,7.0
ytd,2026-08-24 16:33:05 UTC,2026-08-24 20:17:26 UTC,,,,,,,,,,,,,,,,,,,,,,27811,,,,,,,,,,,,,,,"Couvra, Martin",0.319,0.0,1.0,0.857,36.731,-0.064,7.0
ytd,2026-08-24 16:33:05 UTC,2026-08-24 20:17:26 UTC,,,,,,,,,,,,,,,0.961,0.125,0.0,1.0,13.051,0.202,8.0,28239,,,,,,,,0.356,0.2,1.0,1.0,44.513,0.031,15.0,"Guillamoundeguy, Oihan",0.304,0.0,0.0,0.8,45.059,-0.229,10.0
ytd,2026-08-24 16:33:05 UTC,2026-08-24 20:17:26 UTC,,,,,,,,,,,,,,,,,,,,,,28686,,,,,,,,,,,,,,,"Jonsson, Tobias",0.867,0.143,1.0,1.0,33.937,0.197,7.0
ytd,2026-08-24 16:33:05 UTC,2026-08-24 20:17:26 UTC,,,,,,,,,,,,,,,,,,,,,,29401,0.409,0.167,1.0,1.0,79.143,0.094,12.0,,,,,,,,"Arni Sveinsson, Gunnlaugur",0.67,0.0,0.0,1.0,24.981,0.044,9.0
ytd,2026-08-24 16:33:05 UTC,2026-08-24 20:17:26 UTC,,,,,,,,,,,,,,,0.545,0.0,1.0,0.714,13.257,-0.079,7.0,29498,,,,,,,,,,,,,,,"Hurt, Austin",0.664,0.0,1.0,1.0,35.738,-0.018,7.0
ytd,2026-08-24 16:33:05 UTC,2026-08-24 20:17:26 UTC,,,,,,,,,,,,,,,,,,,,,,29501,,,,,,,,,,,,,,,"Jones, Jared",0.246,0.0,0.0,0.875,92.728,-0.243,8.0
ytd,2026-08-24 16:33:05 UTC,2026-08-24 20:17:26 UTC,,,,,,,,,,,,,,,,,,,,,,29710,,,,,,,,,,,,,,,"Wood, Griffin",0.293,0.0,1.0,0.833,40.137,-0.32,6.0
ytd,2026-08-24 16:33:05 UTC,2026-08-24 20:17:26 UTC,,,,,,,,,,,,,,,0.804,0.167,1.0,1.0,10.409,0.234,6.0,29712,,,,,,,,,,,,,,,"Vidal, Quim",,,,,,,
ytd,2026-08-24 16:33:05 UTC,2026-08-24 20:17:26 UTC,,,,,,,,,,,,,,,,,,,,,,29716,0.246,0.0,0.0,0.923,92.952,-0.181,13.0,,,,,,,,"Plunkett, Marcus",0.198,0.143,1.0,1.0,48.296,-0.106,7.0
ytd,2026-08-24 16:33:05 UTC,2026-08-24 20:17:26 UTC,,,,,,,,,,,,,,,,,,,,,,29810,,,,,,,,,,,,,,,"De Castro Piera, Alejandro",0.419,0.0,1.0,0.833,48.676,-0.144,6.0
ytd,2026-08-24 16:33:05 UTC,2026-08-24 20:17:26 UTC,,,,,,,,,,,,,,,,,,,,,,30332,0.334,0.0,1.0,1.0,58.781,0.02,10.0,,,,,,,,"Bennett, Daniel",0.633,0.167,1.0,0.833,36.915,0.014,6.0
ytd,2026-08-24 16:33:05 UTC,2026-08-24 20:17:26 UTC,,,,,,,,,,,,,,,,,,,,,,30528,,,,,,,,,,,,,,,"Sollon, Jake",0.496,0.0,1.0,1.0,39.949,0.02,6.0
ytd,2026-08-24 16:33:05 UTC,2026-08-24 20:17:26 UTC,,,,,,,,,,,,,,,0.847,0.0,0.0,1.0,20.297,-0.123,8.0,30717,,,,,,,,,,,,,,,"O'Donovan, Declan",,,,,,,
ytd,2026-08-24 16:33:05 UTC,2026-08-24 20:17:26 UTC,,,,,,,,,,,,,,,,,,,,,,31027,,,,,,,,,,,,,,,"Shattuck, Braden",0.76,0.0,0.0,1.0,39.396,0.041,9.0
ytd,2026-08-24 16:33:05 UTC,2026-08-24 20:17:26 UTC,,,,,,,,,,,,,,,,,,,,,,31347,,,,,,,,,,,,,,,"Desmarchais, Laurent",0.362,0.0,1.0,1.0,48.492,-0.069,7.0
ytd,2026-08-24 16:33:05 UTC,2026-08-24 20:17:26 UTC,,,,,,,,,,,,,,,0.807,0.0,1.0,1.0,16.584,-0.099,6.0,32081,,,,,,,,,,,,,,,"Nagasaki, Taisei",,,,,,,
ytd,2026-08-24 16:33:05 UTC,2026-08-24 20:17:26 UTC,,,,,,,,,,,,,,,0.692,0.0,1.0,0.714,19.167,-0.079,7.0,32449,0.106,0.0,1.0,1.0,55.252,-0.04,10.0,,,,,,,,"Johnston, Ryggs",,,,,,,
ytd,2026-08-24 16:33:05 UTC,2026-08-24 20:17:26 UTC,0.809,0.045,1.0,0.955,19.723,-0.027,22.0,,,,,,,,0.937,0.0,1.0,1.0,15.902,0.01,6.0,32652,,,,,,,,0.349,0.067,1.0,0.733,50.177,-0.054,15.0,"Akina, Kihei",,,,,,,
ytd,2026-08-24 16:33:05 UTC,2026-08-24 20:17:26 UTC,0.488,0.05,1.0,0.9,30.909,-0.155,20.0,,,,,,,,,,,,,,,32683,,,,,,,,0.335,0.143,1.0,0.929,39.388,0.023,14.0,"Gutschewski, Luke",,,,,,,
ytd,2026-08-24 16:33:05 UTC,2026-08-24 20:17:26 UTC,,,,,,,,,,,,,,,,,,,,,,33106,,,,,,,,,,,,,,,"Gilbert, Josiah",0.542,0.0,1.0,1.0,34.083,-0.009,6.0
ytd,2026-08-24 16:33:05 UTC,2026-08-24 20:17:26 UTC,,,,,,,,,,,,,,,,,,,,,,33442,,,,,,,,,,,,,,,"Higgins, Robbie",0.501,0.0,1.0,1.0,23.432,0.004,7.0
ytd,2026-08-24 16:33:05 UTC,2026-08-24 20:17:26 UTC,,,,,,,,,,,,,,,0.808,0.0,1.0,1.0,15.406,-0.091,6.0,33466,0.402,0.1,1.0,1.0,66.549,0.002,10.0,,,,,,,,"Doyal, Connor",0.474,0.143,1.0,1.0,27.264,0.113,7.0
ytd,2026-08-24 16:33:05 UTC,2026-08-24 20:17:26 UTC,,,,,,,,,,,,,,,,,,,,,,33657,,,,,,,,,,,,,,,"Howard, David",0.256,0.111,0.0,1.0,45.215,-0.008,9.0
ytd,2026-08-24 16:33:05 UTC,2026-08-24 20:17:26 UTC,,,,,,,,,,,,,,,,,,,,,,33952,,,,,,,,,,,,,,,"Peacock, Jake",0.396,0.0,1.0,1.0,45.477,-0.135,7.0
ytd,2026-08-24 16:33:05 UTC,2026-08-24 20:17:26 UTC,,,,,,,,,,,,,,,,,,,,,,34058,,,,,,,,,,,,,,,"Fahrny, Brannon",0.441,0.0,0.0,0.875,60.447,-0.124,8.0
ytd,2026-08-24 16:33:05 UTC,2026-08-24 20:17:26 UTC,,,,,,,,,,,,,,,,,,,,,,34839,,,,,,,,,,,,,,,"Kozuma, Corey",0.604,0.125,0.0,1.0,28.431,0.078,8.0
ytd,2026-08-24 16:33:05 UTC,2026-08-24 20:17:26 UTC,,,,,,,,,,,,,,,,,,,,,,34840,0.033,0.0,1.0,0.9,94.226,-0.205,10.0,,,,,,,,"Cabello, Anson",,,,,,,
ytd,2026-08-24 16:33:05 UTC,2026-08-24 20:17:26 UTC,0.686,0.0,1.0,0.773,24.289,-0.101,22.0,,,,,,,,0.538,0.0,1.0,0.714,26.892,-0.224,7.0,35195,0.095,0.0,0.0,0.923,100.417,-0.249,13.0,,,,,,,,"Hrabak, Cooper",,,,,,,
ytd,2026-08-24 16:33:05 UTC,2026-08-24 20:17:26 UTC,0.832,0.136,1.0,0.909,21.434,0.044,22.0,,,,,,,,0.809,0.0,1.0,1.0,22.461,-0.144,6.0,35196,0.312,0.2,1.0,1.0,72.48,0.093,10.0,,,,,,,,"Wood, Grayson",0.293,0.1,0.0,1.0,36.996,-0.044,10.0
ytd,2026-08-24 16:33:05 UTC,2026-08-24 20:17:26 UTC,,,,,,,,,,,,,,,,,,,,,,35229,,,,,,,,,,,,,,,"Haynes, Zach",0.252,0.0,0.0,0.75,72.883,-0.256,8.0
ytd,2026-08-24 16:33:05 UTC,2026-08-24 20:17:26 UTC,,,,,,,,,,,,,,,,,,,,,,35304,,,,,,,,,,,,,,,"Headley, Adam",0.715,0.0,1.0,0.833,31.673,0.075,6.0
ytd,2026-08-24 16:33:05 UTC,2026-08-24 20:17:26 UTC,,,,,,,,,,,,,,,,,,,,,,35310,,,,,,,,,,,,,,,"Huang, Alex",0.36,0.0,1.0,0.714,46.513,-0.222,7.0
ytd,2026-08-24 16:33:05 UTC,2026-08-24 20:17:26 UTC,,,,,,,,,,,,,,,0.974,0.111,0.0,1.0,14.411,0.105,9.0,35395,,,,,,,,,,,,,,,"Sanderson, Calen",0.688,0.125,0.0,1.0,31.374,0.133,8.0
ytd,2026-08-24 16:33:05 UTC,2026-08-24 20:17:26 UTC,,,,,,,,,,,,,,,,,,,,,,35422,,,,,,,,,,,,,,,"Lew, Dawson",0.409,0.0,1.0,0.857,56.236,-0.219,7.0
ytd,2026-08-24 16:33:05 UTC,2026-08-24 20:17:26 UTC,,,,,,,,,,,,,,,0.723,0.0,1.0,0.857,26.305,-0.123,7.0,35475,,,,,,,,,,,,,,,"Robles, Matt",,,,,,,
ytd,2026-08-24 16:33:05 UTC,2026-08-24 20:17:26 UTC,,,,,,,,,,,,,,,0.779,0.0,0.0,0.875,20.51,-0.015,8.0,35476,0.358,0.0,1.0,0.8,58.327,-0.11,10.0,,,,,,,,"Fleming, Marek",0.468,0.0,0.0,0.889,36.842,-0.039,9.0
ytd,2026-08-24 16:33:05 UTC,2026-08-24 20:17:26 UTC,,,,,,,,,,,,,,,,,,,,,,35545,,,,,,,,,,,,,,,"Voois, Ryan",0.223,0.0,0.0,0.889,59.294,-0.145,9.0
ytd,2026-08-24 16:33:05 UTC,2026-08-24 20:17:26 UTC,,,,,,,,,,,,,,,,,,,,,,35632,,,,,,,,,,,,,,,"Sandhu, Sihan",0.447,0.167,1.0,0.833,51.376,-0.023,6.0
